https://litfl.com/spit-scratch-splash-stick/	Spit, Scratch, Splash, Stick
https://litfl.com/the-critical-debrief-sedative-drug-overdose/	The Critical Debrief: Sedative Drug Overdose
https://litfl.com/know-your-lines/	Know Your Lines
https://litfl.com/cxr-eponyms-in-pulmonary-embolism/	CXR eponyms in pulmonary embolism
https://litfl.com/awake-in-vf/	Awake in VF
https://litfl.com/the-mono-that-wasnt/	The Mono That Wasn’t
https://litfl.com/hip-and-pelvic-lines-arcs-and-eponyms/	Hip and pelvic lines and arcs
https://litfl.com/basic-fracture-treatment/	Basic Fracture Treatment
https://litfl.com/bennett-fracture/	Bennett fracture
https://litfl.com/kohler-line/	Köhler line
https://litfl.com/gilula-carpal-arcs/	Gilula carpal arcs
https://litfl.com/shenton-line/	Shenton Line
https://litfl.com/bohler-angle/	Böhler angle
https://litfl.com/freiberg-infraction/	Freiberg infraction
https://litfl.com/koehler-disease/	Köhler disease
https://litfl.com/baumann-angle/	Baumann angle
https://litfl.com/gartland-classification/	Gartland classification
https://litfl.com/blunt-cerebrovascular-injury/	Blunt cerebrovascular injury
https://litfl.com/the-18-best-computed-tomography-training-courses/	The 18 Best Computed Tomography Training Courses
https://litfl.com/critical-debrief-clinical-event-debriefing/	The Critical Debrief: Clinical Event Debriefing
https://litfl.com/paediatric-intubation-checklist/	Paediatric Intubation Checklist
https://litfl.com/ecg-criteria-for-left-ventricular-hypertrophy/	ECG criteria for left ventricular hypertrophy
https://litfl.com/dulcor/	Dulcor
https://litfl.com/cant-intubate-cant-oxygenate-cico/	Can’t Intubate Can’t Oxygenate (CICO)
https://litfl.com/adult-intubation-checklist/	Adult Intubation Checklist
https://litfl.com/trustworthy-ai-in-cardiology/	Trustworthy AI in Cardiology
https://litfl.com/bronchoscopic-anatomy/	Anatomy for bronchoscopy
https://litfl.com/de-quervain-disease/	De Quervain disease
https://litfl.com/ai-for-medical-education-and-research/	AI for Medical Education and Research
https://litfl.com/patient-preparation-for-icu-bronchoscopy/	Patient preparation for ICU bronchoscopy
https://litfl.com/finkelstein-test/	Finkelstein Test
https://litfl.com/haemoptysis/	Haemoptysis
https://litfl.com/ai-for-academic-research/	AI for Academic Research
https://litfl.com/alfred-armand-louis-marie-velpeau/	Alfred Velpeau
https://litfl.com/followership/	Followership
https://litfl.com/the-pyramid-dressing/	The Pyramid Dressing
https://litfl.com/on-call-principles-protocols/	On Call: Principles & Protocols
https://litfl.com/bronchoalveolar-lavage-bal/	Bronchoalveolar lavage (BAL)
https://litfl.com/flexible-nasopharyngolaryngoscopy/	Flexible Nasopharyngolaryngoscopy
https://litfl.com/phalen-test/	Phalen test
https://litfl.com/william-cadogan/	William Cadogan
https://litfl.com/bronchoscopic-foreign-body-removal/	Bronchoscopic Foreign Body Removal
https://litfl.com/airway-foreign-bodies/	Airway Foreign Bodies
https://litfl.com/hoffmann-tinel-sign/	Hoffmann-Tinel sign
https://litfl.com/how-to-ace-an-early-career-medical-officer-interview/	How to ace an early career medical officer interview
https://litfl.com/bronchoscopy-for-percutaneous-tracheostomy/	Bronchoscopy for Percutaneous Tracheostomy
https://litfl.com/clinical-signs-in-carpal-tunnel-syndrome/	Carpal Tunnel Syndrome signs
https://litfl.com/vafi-and-farsi/	VAFI and FARSI
https://litfl.com/ai-in-cardiac-ct/	AI in Cardiac CT
https://litfl.com/foreign-body-pulmonary-embolisation/	Foreign body pulmonary embolisation
https://litfl.com/catalyst-is-coming-23rd-july-2026/	Catalyst is coming… 23rd July 2026
https://litfl.com/ai-scribes-for-clinical-practice/	AI Scribes for Clinical Practice
https://litfl.com/best-pocus-course/	Best Online POCUS Courses
https://litfl.com/above-the-ears/	Above the Ears
https://litfl.com/history-of-epidural-needles-and-catheters/	History of epidural needles and catheters
https://litfl.com/history-of-spinal-needles/	History of Spinal Needles
https://litfl.com/free-relaxation-resources/	Free Relaxation Resources
https://litfl.com/introducing-clara/	Introducing CLARA
https://litfl.com/presence-purpose-and-recovery/	Presence, Purpose, and Recovery
https://litfl.com/edward-hallaran-bennett/	Edward H. Bennett
https://litfl.com/practical-longevity-supplement-guide/	Practical Longevity Supplement Guide
https://litfl.com/gunnar-wiberg/	Gunnar Wiberg
https://litfl.com/centre-edge-angle-of-wiberg/	Centre-edge angle of Wiberg
https://litfl.com/critical-debrief-the-pitt-episode-3/	Critical Debrief: The Pitt Episode 3
https://litfl.com/not-just-expensive-urine/	Not Just Expensive Urine
https://litfl.com/william-henry-trethowan/	William Henry Trethowan
https://litfl.com/trethowan-sign/	Trethowan sign
https://litfl.com/reimers-migration-percentage/	Reimers migration percentage
https://litfl.com/jorgen-reimers/	Jørgen Reimers
https://litfl.com/armin-klein/	Armin Klein
https://litfl.com/klein-line/	Klein line
https://litfl.com/dietrich-tonnis/	Dietrich Tönnis
https://litfl.com/tonnis-angle/	Tönnis angle
https://litfl.com/the-physician-who-never-stops/	The Physician Who Never Stops
https://litfl.com/perkins-line/	Perkins line
https://litfl.com/george-perkins/	George Perkins
https://litfl.com/hilgenreiner-line/	Hilgenreiner line
https://litfl.com/heinrich-hilgenreiner/	Heinrich Hilgenreiner
https://litfl.com/w-wayne-babcock/	W. Wayne Babcock
https://litfl.com/physician-longevity/	Physician Longevity
https://litfl.com/rolando-fracture/	Rolando fracture
https://litfl.com/silvio-rolando/	Silvio Rolando
https://litfl.com/edward-shenton/	Edward Shenton
https://litfl.com/louis-gilula/	Louis Gilula
https://litfl.com/paracetamol-or-acetaminophen/	Paracetamol or Acetaminophen?
https://litfl.com/alpha-gal-syndrome/	Alpha-Gal Syndrome
https://litfl.com/history-of-fluorescein/	History of fluorescein
https://litfl.com/epinephrine-or-adrenaline/	Adrenaline or epinephrine?
https://litfl.com/lorenz-bohler/	Lorenz Böhler
https://litfl.com/macgyver-the-foley/	MacGyver the Foley
https://litfl.com/albert-henry-freiberg/	Albert Henry Freiberg
https://litfl.com/ernst-baumann/	Ernst Baumann
https://litfl.com/c-h-joseph-chang/	C. H. Joseph Chang
https://litfl.com/fleischner-sign/	Fleischner sign
https://litfl.com/ombredanne-armingeat-syndrome/	Ombrédanne–Armingeat syndrome
https://litfl.com/tonnis-classification/	Tönnis classification
https://litfl.com/felix-fleischner/	Felix Fleischner
https://litfl.com/fleischner-lines/	Fleischner lines
https://litfl.com/john-j-gartland/	John J. Gartland
https://litfl.com/westermark-sign/	Westermark sign
https://litfl.com/nils-westermark/	Nils Westermark
https://litfl.com/palla-sign/	Palla sign
https://litfl.com/antonio-palla/	Antonio Palla
https://litfl.com/hampton-hump/	Hampton hump
https://litfl.com/aubrey-hampton/	Aubrey Hampton
https://litfl.com/chang-sign/	Chang sign
https://litfl.com/capener-triangle/	Capener triangle
https://litfl.com/gissane-angle/	Gissane angle
https://litfl.com/goodbye-massive-and-submassive/	Goodbye “Massive” and “Submassive”
https://litfl.com/the-moseley-stitch-up/	Eponymyth: The Moseley Stitch-Up™
https://litfl.com/sophus-von-rosen/	Sophus von Rosen
https://litfl.com/andren-von-rosen-view/	Andrén–von Rosen view
https://litfl.com/von-rosen-splint/	von Rosen splint
https://litfl.com/iselin-disease/	Iselin disease
https://litfl.com/hans-iselin/	Hans Iselin
https://litfl.com/sharp-angle/	Sharp angle
https://litfl.com/morton-neuroma/	Morton neuroma
https://litfl.com/thomas-george-morton/	Thomas George Morton
https://litfl.com/dudley-morton/	Dudley Morton
https://litfl.com/george-pitkin/	George Pitkin
https://litfl.com/living-legend-averil-mansfield/	Living Legend: Averil Mansfield
https://litfl.com/john-snow/	John Snow
https://litfl.com/emery-a-rovenstine/	Emery A. Rovenstine
https://litfl.com/joseph-frederic-benoit-charriere/	Joseph-Frédéric-Benoît Charrière
https://litfl.com/charles-pravaz/	Charles Pravaz
https://litfl.com/josef-thurner/	Josef Thurner
https://litfl.com/gaston-labat/	Gaston Labat
https://litfl.com/lincoln-f-sise/	Lincoln F. Sise
https://litfl.com/arthur-barker/	Arthur Barker
https://litfl.com/barnett-greene/	Barnett A. Greene
https://litfl.com/herbert-m-greene/	Herbert M. Greene
https://litfl.com/arthur-lawen/	Arthur Läwen
https://litfl.com/macdonald-critchley/	MacDonald Critchley
https://litfl.com/charles-e-flowers-jr/	Charles E. Flowers Jr
https://litfl.com/louis-ombredanne/	Louis Ombrédanne
https://litfl.com/history-of-neuraxial-anaesthesia/	History of Neuraxial Anaesthesia
https://litfl.com/aaron-sign/	Aaron sign
https://litfl.com/rovsing-sign/	Rovsing sign
https://litfl.com/walter-bastedo/	Walter Bastedo
https://litfl.com/charles-d-aaron/	Charles Aaron
https://litfl.com/fritz-de-quervain/	Fritz de Quervain
https://litfl.com/emil-perman/	Emil Perman
https://litfl.com/critical-debrief-the-pitt-episode-2/	Critical Debrief: The Pitt Episode 2
https://litfl.com/angelo-l-soresi/	Angelo L. Soresi
https://litfl.com/george-phalen/	George Phalen
https://litfl.com/james-paget/	James Paget
https://litfl.com/paul-hoffmann/	Paul Hoffmann
https://litfl.com/jules-tinel/	Jules Tinel
https://litfl.com/william-bainbridge/	William Bainbridge
https://litfl.com/john-durkan/	John Durkan
https://litfl.com/harry-finkelstein/	Harry Finkelstein
https://litfl.com/toyota-land-cruiser-lc007-watch/	Toyota Land Cruiser LC007 watch
https://litfl.com/toyota-land-cruiser-lc009-watch/	Toyota Land Cruiser LC009 watch
https://litfl.com/toyota-land-cruiser-lc008-watch/	Toyota Land Cruiser LC008 watch
https://litfl.com/toyota-land-cruiser-lc006-watch/	Toyota Land Cruiser LC006 watch
https://litfl.com/toyota-land-cruiser-lc005-watch/	Toyota Land Cruiser LC005 watch
https://litfl.com/toyota-land-cruiser-lc004-watch/	Toyota Land Cruiser LC004 watch
https://litfl.com/toyota-land-cruiser-lc003-watch/	Toyota Land Cruiser LC003 watch
https://litfl.com/toyota-land-cruiser-lc001-watch/	Toyota Land Cruiser LC001 watch
https://litfl.com/land-cruiser-citizen-x-araco-pair/	Land Cruiser Citizen × ARACO pair
https://litfl.com/education-theory-made-practical/	Education Theory Made Practical
https://litfl.com/sidney-farber/	Sidney Farber
https://litfl.com/critical-debrief-the-pitt-debrief/	Critical Debrief: The Pitt Debrief
https://litfl.com/achille-mario-dogliotti/	Achille Mario Dogliotti
https://litfl.com/foam-cortex-ai-em-clinical-search-tool/	FOAM Cortex: AI Clinical Search Tool
https://litfl.com/auto-appendicectomy/	Auto-appendicectomy
https://litfl.com/kohler-teardrop/	Köhler teardrop
https://litfl.com/top-artificial-intelligence-courses-for-doctors/	Top 10 AI Courses for Clinicians
https://litfl.com/best-online-ultrasound-course-providers/	The 18 Best Online Ultrasound Course Providers
https://litfl.com/fernand-cathelin/	Fernand Cathelin
https://litfl.com/top-20-online-ecg-courses/	Top 20 Online ECG Courses
https://litfl.com/the-best-online-echocardiography-courses/	The Best Online Echocardiography Courses
https://litfl.com/airway-case-001/	Airway Case 001
https://litfl.com/charles-dotter/	Charles Dotter
https://litfl.com/etomidate/	Etomidate
https://litfl.com/theodore-tuffier/	Théodore Tuffier
https://litfl.com/medpod-learn/	MedPod Learn
https://litfl.com/copes-sign/	Cope’s Sign
https://litfl.com/learn-or-blame/	Learn or Blame
https://litfl.com/vincent-zachary-cope/	Vincent Cope
https://litfl.com/eugen-aburel/	Eugen Aburel
https://litfl.com/max-samter/	Max Samter
https://litfl.com/robert-andrew-hingson/	Robert A.Hingson
https://litfl.com/salvador-gil-vernet/	Salvador Gil Vernet
https://litfl.com/j-leonard-corning/	J. Leonard Corning
https://litfl.com/tuohy-needle/	Tuohy Needle
https://litfl.com/ralph-huber/	Ralph Huber
https://litfl.com/edward-tuohy/	Edward Tuohy
https://litfl.com/serratus-anterior-plane-block-guide/	Serratus Anterior Plane Block
https://litfl.com/rolland-j-whitacre/	Rolland J. Whitacre
https://litfl.com/robert-hustead/	Robert F. Hustead
https://litfl.com/oral-crawford/	Oral B. Crawford
https://litfl.com/heinrich-quincke/	Heinrich Quincke
https://litfl.com/august-bier/	August Bier
https://litfl.com/oskar-kreis/	Oskar Kreis
https://litfl.com/manuel-martinez-curbelo/	Manuel Martínez Curbelo
https://litfl.com/leonid-rogozov/	Leonid Rogozov
https://litfl.com/alexander-wood/	Alexander Wood
https://litfl.com/francis-rynd/	Francis Rynd
https://litfl.com/evan-oneill-kane/	Evan O’Neill Kane
https://litfl.com/fidel-pages/	Fidel Pagés
https://litfl.com/frederic-justin-collet/	Frédéric Justin Collet
https://litfl.com/guenter-sprotte/	Guenter Sprotte
https://litfl.com/walter-stoeckel/	Walter Stoeckel
https://litfl.com/william-t-lemmon/	William T. Lemmon
https://litfl.com/alberto-gutierrez/	Alberto Gutierrez
https://litfl.com/lauge-hansen-classification-of-ankle-injury/	Lauge-Hansen classification of ankle injury
https://litfl.com/niels-lauge-hansen/	Niels Lauge-Hansen
https://litfl.com/huber-point-needle/	Huber-point needle
https://litfl.com/jess-bernard-weiss/	Jess B. Weiss
https://litfl.com/carl-koller/	Carl Koller
https://litfl.com/jacques-forestier/	Jacques Forestier
https://litfl.com/liddle-syndrome/	Liddle Syndrome
https://litfl.com/grant-liddle/	Grant Liddle
https://litfl.com/gitelman-syndrome/	Gitelman Syndrome
https://litfl.com/hillel-j-gitelman/	Hillel J. Gitelman
https://litfl.com/schwartz-bartter-syndrome/	Schwartz–Bartter syndrome
https://litfl.com/william-b-schwartz/	William B. Schwartz
https://litfl.com/bartter-syndrome/	Bartter Syndrome
https://litfl.com/frederic-bartter/	Frederic Bartter
https://litfl.com/crawford-w-long/	Crawford W. Long
https://litfl.com/augustus-desire-waller/	Augustus Desiré Waller
https://litfl.com/neuroimaging-cases-010/	Neuroimaging Cases 010
https://litfl.com/erich-seidel/	Erich Seidel
https://litfl.com/mogens-norn/	Mogens Norn
https://litfl.com/manuel-straub/	Manuel Straub
https://litfl.com/lester-t-jones/	Lester T. Jones
https://litfl.com/theodore-obrig/	Theodore Obrig
https://litfl.com/paul-ehrlich/	Paul Ehrlich
https://litfl.com/ernst-pfluger/	Ernst Pflüger
https://litfl.com/henrik-sjogren/	Henrik Sjögren
https://litfl.com/history-of-ect/	History of Electroconvulsive Therapy (ECT)
https://litfl.com/own-the-hamilton/	Own the Hamilton
https://litfl.com/dominique-jean-larrey/	Dominique-Jean Larrey
https://litfl.com/procedure-haematoma-block/	Procedure: Haematoma Block
https://litfl.com/simcase-002/	SimCase 002
https://litfl.com/stiglers-law-of-eponymy/	Stigler’s Law of Eponymy
https://litfl.com/william-henry-broadbent/	William Henry Broadbent
https://litfl.com/out-sleep-the-competition-part-3/	Out-Sleep the Competition: Part 3
https://litfl.com/snellen-chart/	Snellen chart
https://litfl.com/simcase-001/	SimCase 001
https://litfl.com/greta-beighton/	Greta Beighton
https://litfl.com/beighton-score/	Beighton Score
https://litfl.com/peter-beighton/	Peter Beighton
https://litfl.com/mary-holt/	Mary Holt
https://litfl.com/out-sleep-the-competition-part-2/	Out-Sleep the Competition: Part 2
https://litfl.com/peter-safar/	Peter Safar
https://litfl.com/quinckes-triad/	Quincke’s Triad
https://litfl.com/pocus-physics-5-artefacts/	POCUS Physics 5: Artefacts
https://litfl.com/romberg-test/	Romberg Sign
https://litfl.com/out-sleep-the-competition-part-1/	Out-Sleep the Competition:  Part 1
https://litfl.com/max-brodel/	Max Brödel
https://litfl.com/ccr-down-under-2025/	CCR Down Under 2025
https://litfl.com/howship-romberg-sign/	Howship-Romberg sign
https://litfl.com/the-illusion-of-perfection-part-2/	The Illusion of Perfection: Part 2
https://litfl.com/jan-evangelista-purkinje/	Jan Evangelista Purkinje
https://litfl.com/marshall-hall/	Marshall Hall
https://litfl.com/james-marion-sims/	James Marion Sims
https://litfl.com/metaraminol/	Metaraminol
https://litfl.com/emanuel-libman/	Emanuel Libman
https://litfl.com/unrecognised-oesophageal-intubation/	Unrecognised oesophageal intubation
https://litfl.com/francois-dessertenne/	François Dessertenne
https://litfl.com/airway-assistant/	Airway Assistant
https://litfl.com/fifth-disease/	Fifth disease
https://litfl.com/suspended-animation/	Suspended animation
https://litfl.com/pierre-marie/	Pierre Marie
https://litfl.com/semaglutide/	Semaglutide
https://litfl.com/jean-alexandre-barre/	Jean-Alexandre Barré
https://litfl.com/continuous-beta-lactam-infusions/	Continuous beta-lactam infusions
https://litfl.com/william-stewart-halsted/	William Halsted
https://litfl.com/adult-ortho-cases-005/	Adult Ortho Cases 005
https://litfl.com/meigs-syndrome/	Meigs syndrome
https://litfl.com/joe-vincent-meigs/	Joe Vincent Meigs
https://litfl.com/johann-friedrich-horner/	Friedrich Horner
https://litfl.com/chilaiditi-syndrome/	Chilaiditi syndrome
https://litfl.com/demetrius-chilaiditi/	Demetrius Chilaiditi
https://litfl.com/saints-triad/	Saint’s Triad
https://litfl.com/charles-saint/	Charles Saint
https://litfl.com/horner-syndrome/	Horner Syndrome
https://litfl.com/hickams-dictum/	Hickam’s Dictum
https://litfl.com/john-hickam/	John Hickam
https://litfl.com/jerome-w-conn/	Jerome W. Conn
https://litfl.com/albert-frank-stanley-kent/	AF Stanley Kent
https://litfl.com/frieda-robscheit/	Frieda Robscheit-Robbins
https://litfl.com/whipple-disease/	Whipple disease
https://litfl.com/guido-fanconi/	Guido Fanconi
https://litfl.com/george-hoyt-whipple/	George Hoyt Whipple
https://litfl.com/hamilton-t1-paediatric-neonatal-cards/	Hamilton T1: Paediatric/Neonatal Cards
https://litfl.com/hamilton-t1-adult-paediatric-cards/	Hamilton T1: Adult / Paediatric Cards
https://litfl.com/pablo-luis-mirizzi/	Pablo Mirizzi
https://litfl.com/mirizzi-syndrome/	Mirizzi syndrome
https://litfl.com/mark-ravitch/	Mark Ravitch
https://litfl.com/william-john-adie/	William John Adie
https://litfl.com/gordon-morgan-holmes/	Gordon Holmes
https://litfl.com/bernhard-naunyn/	Bernhard Naunyn
https://litfl.com/johannes-otto-kehr/	Hans Kehr
https://litfl.com/stephen-stigler/	Stephen Stigler
https://litfl.com/sidney-weinstein/	Sidney Weinstein
https://litfl.com/josephine-semmes/	Josephine Semmes
https://litfl.com/ge-venue-knobology/	GE Venue Knobology
https://litfl.com/william-macewen/	William Macewen
https://litfl.com/procedure-haematoma-block-instructions/	Procedure: Haematoma Block
https://litfl.com/luer-syringe/	Luer syringe
https://litfl.com/courvoisiers-sign/	Courvoisier’s Sign
https://litfl.com/kernohan-woltman-notch-phenomenon/	Kernohan-Woltman Notch Phenomenon
https://litfl.com/james-kernohan/	James Kernohan
https://litfl.com/henry-woltman/	Henry Woltman
https://litfl.com/woltman-sign/	Woltman sign
https://litfl.com/leon-bouveret/	Léon Bouveret
https://litfl.com/history-of-the-gallstone-ileus/	History of the gallstone ileus
https://litfl.com/ludwig-courvoisier/	Ludwig Courvoisier
https://litfl.com/bouveret-syndrome/	Bouveret Syndrome
https://litfl.com/morell-mackenzie/	Morell Mackenzie
https://litfl.com/mallory-weiss-syndrome/	Mallory-Weiss syndrome
https://litfl.com/soma-weiss/	Soma Weiss
https://litfl.com/george-mallory/	George Mallory
https://litfl.com/the-illusion-of-perfection-part-1/	The Illusion of Perfection: Part 1
https://litfl.com/philip-allison/	Philip Allison
https://litfl.com/norman-barrett/	Norman Barrett
https://litfl.com/procedure-sutures-and-staples/	Procedure: Sutures and Staples
https://litfl.com/tuning-fork-tests-weber-and-rinne/	Tuning Fork Tests (Weber and Rinne)
https://litfl.com/edgar-van-nuys-allen/	Edgar Van Nuys Allen
https://litfl.com/allen-test/	Allen test
https://litfl.com/james-mackenzie/	James Mackenzie
https://litfl.com/yvonne-barr/	Yvonne Barr
https://litfl.com/henri-huchard/	Henri Huchard
https://litfl.com/alexander-tietze/	Alexander Tietze
https://litfl.com/will-pickles/	Will Pickles
https://litfl.com/texidor-twinge/	Texidor’s Twinge
https://litfl.com/tietze-syndrome/	Tietze syndrome
https://litfl.com/william-h-park/	William H. Park
https://litfl.com/ejner-sylvest/	Ejner Sylvest
https://litfl.com/bornholm-disease-coxsackievirus/	Bornholm disease
https://litfl.com/axel-fugl-meyer/	Axel Fugl-Meyer
https://litfl.com/heart-murmur-eponyms/	Name that murmur
https://litfl.com/signe-brunnstrom/	Signe Brunnstrom
https://litfl.com/brunnstrom-approach/	Brunnstrom approach
https://litfl.com/echocardiography-basics-doppler-modalities/	Echo basics: Key concepts
https://litfl.com/thomas-e-twitchell/	Thomas E. Twitchell
https://litfl.com/defining-flow/	Defining Flow
https://litfl.com/airway-cricothyroidotomy-surgical/	Airway – Cricothyroidotomy (surgical)
https://litfl.com/william-dabney/	William Dabney
https://litfl.com/what-is-peak-performance/	What is Peak Performance?
https://litfl.com/historical-journal-archive-database/	Historical Journal Archive database
https://litfl.com/adie-syndrome/	Adie syndrome
https://litfl.com/cornelia-de-lange/	Cornelia de Lange
https://litfl.com/charles-chaddock/	Charles Chaddock
https://litfl.com/procedure-nail-bed-repair-instructions/	Procedure: Nail bed repair
https://litfl.com/jozef-dietl/	Józef Dietl
https://litfl.com/procedure-nail-bed-repair/	Procedure: Nail bed repair
https://litfl.com/leslie-zieve/	Leslie Zieve
https://litfl.com/leonardo-gigli/	Leonardo Gigli
https://litfl.com/procedure-serratus-anterior-block-instructions/	Procedure: Serratus Anterior Block
https://litfl.com/procedure-serratus-anterior-block/	Procedure: Serratus Anterior Block
https://litfl.com/neuroimaging-cases-009/	Neuroimaging Cases 009
https://litfl.com/edmond-landolt/	Edmond Landolt
https://litfl.com/ernst-brucke/	Ernst Brücke
https://litfl.com/franciscus-donders/	Franciscus Donders
https://litfl.com/william-cumming/	William Cumming
https://litfl.com/heinrich-kuchler/	Heinrich Küchler
https://litfl.com/eduard-jaeger/	Eduard Jaeger
https://litfl.com/history-of-the-ophthalmoscope/	History of the Ophthalmoscope
https://litfl.com/louise-sloan/	Louise Sloan
https://litfl.com/barlow-syndrome/	Barlow syndrome
https://litfl.com/hoffman-rigler-sign/	Hoffman-Rigler sign
https://litfl.com/rigler-notch-sign/	Rigler notch sign
https://litfl.com/rigler-triad/	Rigler triad
https://litfl.com/rigler-sign/	Rigler sign
https://litfl.com/leo-rigler/	Leo Rigler
https://litfl.com/john-barlow/	John Barlow
https://litfl.com/herman-snellen/	Herman Snellen
https://litfl.com/charles-hudson/	Charles Hudson
https://litfl.com/necrotising-fasciitis-history/	Necrotising fasciitis
https://litfl.com/joseph-jones/	Joseph Jones
https://litfl.com/charles-foix/	Charles Foix
https://litfl.com/bamberger-marie-syndrome/	Bamberger–Marie syndrome
https://litfl.com/melvin-s-henderson/	Melvin S. Henderson
https://litfl.com/friedrich-paul-reichel/	Friedrich Paul Reichel
https://litfl.com/theophile-alajouanine/	Théophile Alajouanine
https://litfl.com/georges-charles-guillain/	Georges Guillain
https://litfl.com/woldemar-mobitz/	Woldemar Mobitz
https://litfl.com/adolf-von-strumpell/	Adolf von Strümpell
https://litfl.com/battle-sign/	Battle Sign
https://litfl.com/william-henry-battle/	William Henry Battle
https://litfl.com/carl-gerhardt/	Carl Gerhardt
https://litfl.com/alfred-stieda/	Alfred Stieda
https://litfl.com/libman-sacks-endocarditis/	Libman-Sacks endocarditis
https://litfl.com/benjamin-sacks/	Benjamin Sacks
https://litfl.com/john-alsop/	John Alsop
https://litfl.com/sidney-yankauer/	Sidney Yankauer
https://litfl.com/adolphe-marie-gubler/	Adolphe-Marie Gubler
https://litfl.com/charcot-marie-tooth-disease/	Charcot-Marie-Tooth disease
https://litfl.com/auguste-millard/	Auguste Millard
https://litfl.com/sixth-disease/	Sixth disease
https://litfl.com/fourth-disease/	Fourth disease
https://litfl.com/third-disease/	Third disease
https://litfl.com/second-disease/	Second disease
https://litfl.com/first-disease/	First disease
https://litfl.com/clement-dukes/	Clement Dukes
https://litfl.com/mcginn-white-pattern/	McGinn-White pattern
https://litfl.com/alexis-littre/	Alexis Littré
https://litfl.com/eponymous-triads/	Eponymous Triads
https://litfl.com/claudius-amyand/	Claudius Amyand
https://litfl.com/thomas-stephen-cullen/	Thomas S. Cullen
https://litfl.com/george-quentin-chance/	George Chance
https://litfl.com/yvonne-cossart/	Yvonne Cossart
https://litfl.com/james-ramsay-hunt/	James Ramsay Hunt
https://litfl.com/howard-henry-tooth/	Howard Henry Tooth
https://litfl.com/dieulafoy-lesion/	Dieulafoy Lesion
https://litfl.com/georges-dieulafoy/	Georges Dieulafoy
https://litfl.com/eugen-von-bamberger/	Eugen von Bamberger
https://litfl.com/robert-bentley-todd/	Robert Todd
https://litfl.com/marie-strumpell-disease/	Marie-Strümpell disease
https://litfl.com/sylvester-mcginn/	Sylvester McGinn
https://litfl.com/moritz-heinrich-romberg/	Moritz Romberg
https://litfl.com/a-cluster-of-surgeons/	A Cluster of Surgeons
https://litfl.com/twelve-professors-of-pathology/	Twelve Professors of Pathology
https://litfl.com/sixteen-french-doctors/	Sixteen French doctors
https://litfl.com/a-vivid-grouping/	A vivid grouping
https://litfl.com/adrien-barrere/	Adrien Barrère
https://litfl.com/august-richter/	August Richter
https://litfl.com/benjamin-collins-brodie/	Benjamin Brodie
https://litfl.com/eponymous-knee-injuries/	Eponymous knee injuries
https://litfl.com/echo-basics-prosthetic-valve/	Echo basics: Prosthetic Valve
https://litfl.com/manfred-sakel/	Manfred Sakel
https://litfl.com/ugo-cerletti/	Ugo Cerletti
https://litfl.com/lucio-bini/	Lucio Bini
https://litfl.com/ladislas-meduna/	Ladislas Meduna
https://litfl.com/mary-broadfoot-walker/	Mary Walker
https://litfl.com/koplik-spots/	Koplik Spots
https://litfl.com/henry-koplik/	Henry Koplik
https://litfl.com/sir-william-stokes-surgeon/	Sir William Stokes (surgeon)
https://litfl.com/jeremy-swan/	Jeremy Swan
https://litfl.com/frederick-forchheimer/	Frederick Forchheimer
https://litfl.com/echo-basics-pulmonary-valve/	Echo basics: Pulmonary Valve
https://litfl.com/nil-filatov/	Nil Filatov
https://litfl.com/louis-hamman/	Louis Hamman
https://litfl.com/raymond-garcin/	Raymond Garcin
https://litfl.com/echo-basics-tricuspid-valve/	Echo basics: Tricuspid Valve
https://litfl.com/joseph-rouanet/	Joseph Rouanet
https://litfl.com/charles-beevor/	Charles Beevor
https://litfl.com/karel-maydl/	Karel Maydl
https://litfl.com/procedure-lateral-canthotomy-instructions/	Procedure: Lateral Canthotomy
https://litfl.com/echo-basics-aortic-regurgitation/	Echo basics: Aortic Regurgitation
https://litfl.com/procedure-lateral-canthotomy/	Procedure: Lateral Canthotomy
https://litfl.com/dorothy-h-andersen/	Dorothy H. Andersen
https://litfl.com/echo-basics-aortic-stenosis/	Echo basics: Aortic Stenosis
https://litfl.com/owen-conor-ward/	Owen C. Ward
https://litfl.com/cesarino-romano/	Cesarino Romano
https://litfl.com/fred-lange-nielsen/	Fred Lange-Nielsen
https://litfl.com/anton-jervell/	Anton Jervell
https://litfl.com/neuro-101-peripheral-nervous-system/	Neuro 101: Peripheral Nervous System
https://litfl.com/echo-basics-aortic-valve/	Echo basics: Aortic Valve
https://litfl.com/bruno-fleischer/	Bruno Fleischer
https://litfl.com/t-kennedy-dalziel/	T. Kennedy Dalziel
https://litfl.com/william-ganz/	William Ganz
https://litfl.com/gordon-d-oppenheimer/	Gordon D. Oppenheimer
https://litfl.com/john-abercrombie/	John Abercrombie
https://litfl.com/leon-ginzburg/	Leon Ginzburg
https://litfl.com/anna-w-williams/	Anna Williams
https://litfl.com/echo-basics-mitral-stenosis/	Echo basics: Mitral Stenosis
https://litfl.com/crohns-disease/	Crohn’s disease
https://litfl.com/burrill-bernard-crohn/	Burrill B. Crohn
https://litfl.com/eli-moschcowitz/	Eli Moschcowitz
https://litfl.com/john-henry-bryant/	John Henry Bryant
https://litfl.com/neuro-101-spinal-cord-2/	Neuro 101: Spinal Cord
https://litfl.com/neuro-101-cranial-nerve/	Neuro 101: Cranial Nerves
https://litfl.com/churg-strauss-syndrome/	Churg–Strauss syndrome
https://litfl.com/lotte-strauss/	Lotte Strauss
https://litfl.com/jacob-churg/	Jacob Churg
https://litfl.com/bernard-kayser/	Bernhard Kayser
https://litfl.com/john-howship/	John Howship
https://litfl.com/robert-alvin-berman/	Robert Berman
https://litfl.com/echo-basics-mitral-valve-regurgitation/	Echo basics: Mitral Regurgitation
https://litfl.com/rene-jacques-croissant-de-garengeot/	René-Jacques Croissant de Garengeot
https://litfl.com/abraham-jacobi/	Abraham Jacobi
https://litfl.com/neuro-101-brainstem/	Neuro 101: Brainstem
https://litfl.com/thomas-lewis/	Thomas Lewis
https://litfl.com/lenegre-lev-disease/	Lenègre-Lev disease
https://litfl.com/robert-james-graves/	Robert Graves
https://litfl.com/charles-heber-mcburney/	Charles McBurney
https://litfl.com/echo-basics-mitral-valve/	Echo basics: Mitral Valve
https://litfl.com/neuro-101-cerebellum-and-basal-ganglia/	Neuro 101: Cerebellum and Basal Ganglia
https://litfl.com/john-hay/	John Hay
https://litfl.com/jean-lenegre/	Jean Lenègre
https://litfl.com/maurice-lev/	Maurice Lev
https://litfl.com/stokes-adams-syndrome/	Stokes-Adams syndrome
https://litfl.com/robert-adams-eponym/	Robert Adams
https://litfl.com/john-cheyne-eponym/	John Cheyne
https://litfl.com/cheyne-stokes-respiration/	Cheyne-Stokes respiration
https://litfl.com/francis-dercum/	Francis Dercum
https://litfl.com/rendu-osler-weber-disease/	Rendu-Osler-Weber disease
https://litfl.com/exophthalmos-proptosis/	Exophthalmos (Proptosis)
https://litfl.com/dacryocystitis/	Dacryocystitis
https://litfl.com/may-thurner-syndrome/	May–Thurner syndrome
https://litfl.com/robert-may/	Robert May
https://litfl.com/dercums-disease/	Dercum’s disease
https://litfl.com/alfred-lewis-galabin/	Alfred Lewis Galabin
https://litfl.com/echo-basics-valve-measurements/	Echo basics: Measurements and Reports
https://litfl.com/neuro-101-cerebral-hemispheres/	Neuro 101: Cerebral Hemispheres
https://litfl.com/atraumatic-abdominal-ecchymosis/	Non-traumatic Abdominal Ecchymosis
https://litfl.com/william-sturge/	William Sturge
https://litfl.com/corneal-foreign-bodies/	Corneal foreign bodies
https://litfl.com/acute-bacterial-conjunctivitis/	Acute Bacterial Conjunctivitis
https://litfl.com/acute-loss-of-vision-non-traumatic/	Acute Loss of Vision: Non-Traumatic
https://litfl.com/acute-loss-of-vision-non-traumatic-chart/	Acute Loss of Vision: Non-Traumatic (chart)
https://litfl.com/acid-and-alkali-burns-to-the-eye/	Acid and Alkali Burns to the Eye
https://litfl.com/neuro-101-neurological-examination/	Neuro 101: Neurological Examination
https://litfl.com/echo-basics-valve-views/	Echo basics: Valve Views
https://litfl.com/alfred-frohlich/	Alfred Fröhlich
https://litfl.com/caleb-hillier-parry/	Caleb Hillier Parry
https://litfl.com/ffs-wernicke-encephalopathy/	FFS: Wernicke Encephalopathy
https://litfl.com/samuel-wilks/	Samuel Wilks
https://litfl.com/airway-tracheostomy-emergencies/	Airway – Tracheostomy emergencies
https://litfl.com/janeway-lesions/	Janeway lesions
https://litfl.com/airway-cricothyroidotomy-needle/	Airway – Cricothyroidotomy (needle)
https://litfl.com/airway-laryngeal-mask/	Airway – Laryngeal mask
https://litfl.com/airway-oropharyngeal-airway/	Airway – Oropharyngeal airway
https://litfl.com/miller-fisher-syndrome/	Miller Fisher Syndrome
https://litfl.com/charles-brown-sequard/	Charles Brown-Sequard
https://litfl.com/airway-nasopharyngeal-airway/	Airway – Nasopharyngeal airway
https://litfl.com/procedure-airway-manoeuvres/	Airway manoeuvres
https://litfl.com/procedure-central-venous-catheter-ijv-instructions/	Procedure: Central Venous Catheter (IJV)
https://litfl.com/augusta-klumpke/	Augusta Klumpke
https://litfl.com/procedure-central-venous-catheter-ijv/	Procedure: Central Venous Catheter (IJV)
https://litfl.com/guy-fontaine/	Guy Fontaine
https://litfl.com/guillain-barre-syndrome/	Guillain–Barré syndrome
https://litfl.com/frank-mallory/	Frank Mallory
https://litfl.com/echo-basics-apical-and-subcostal-views/	Echo basics: Apical and Subcostal Views
https://litfl.com/sergei-sergeievich-korsakoff/	Sergei Korsakoff
https://litfl.com/moritz-roth/	Moritz Roth
https://litfl.com/procedure-speculum-examination-instructions/	Procedure: Speculum examination
https://litfl.com/bells-palsy-eponymictionary/	Bell’s palsy
https://litfl.com/pancoast-syndrome/	Pancoast Syndrome
https://litfl.com/pancoast-tumour/	Pancoast Tumour
https://litfl.com/henry-khunrath-pancoast/	Henry Pancoast
https://litfl.com/w-essex-wynter/	W. Essex Wynter
https://litfl.com/procedure-speculum-examination/	Procedure: Speculum examination
https://litfl.com/echo-basics-parasternal-views/	Echo basics: Parasternal Views
https://litfl.com/frederic-jay-cotton/	Frederic Cotton
https://litfl.com/precipitous-birth-in-the-ed-instructions/	Precipitous Birth in the ED
https://litfl.com/karl-adolph-von-basedow/	Karl Adolph von Basedow
https://litfl.com/silas-weir-mitchell/	Silas Weir Mitchell
https://litfl.com/hermann-adolph-wulfing-luer/	Hermann Adolph Wülfing-Lüer
https://litfl.com/william-hammond/	William Hammond
https://litfl.com/precipitous-birth-in-the-ed/	Precipitous Birth in the ED
https://litfl.com/echo-basics-tips-and-tricks/	Echo basics: Tips and Tricks
https://litfl.com/echo-basics-machines-and-probes/	Echo basics: Machines and Probes
https://litfl.com/giovanni-mingazzini/	Giovanni Mingazzini
https://litfl.com/melioidosis/	Melioidosis
https://litfl.com/james-sherren-triangle/	James Sherren
https://litfl.com/jacques-calve/	Jacques Calvé
https://litfl.com/arthur-thornton-legg/	Arthur Legg
https://litfl.com/georg-clemens-perthes/	Georg Perthes
https://litfl.com/carlos-chagas/	Carlos Chagas
https://litfl.com/tardive-dyskinesia/	Tardive dyskinesia
https://litfl.com/transient-global-amnesia/	Transient Global Amnesia
https://litfl.com/ffs-amaurosis-fugax/	FFS: Amaurosis fugax
https://litfl.com/transient-ischaemic-attack/	Transient Ischaemic Attack
https://litfl.com/neuroimaging-cases-008/	Neuroimaging Cases 008
https://litfl.com/ffs-guillain%e2%80%91barre-syndrome/	FFS: Guillain‑Barré syndrome
https://litfl.com/ffs-transverse-myelitis/	FFS: Transverse myelitis
https://litfl.com/ffs-trigeminal-neuralgia/	FFS: Trigeminal neuralgia
https://litfl.com/wernicke-encephalopathy/	Wernicke encephalopathy
https://litfl.com/ffs-vestibular-neuronitis/	FFS: Vestibular Neuronitis
https://litfl.com/ffs-bppv/	FFS: BPPV
https://litfl.com/ffs-vestibular-migraine/	FFS: Vestibular migraine
https://litfl.com/ffs-horner-syndrome/	FFS: Horner Syndrome
https://litfl.com/haemorrhage-volume-estimation/	Haemorrhage Volume Estimation
https://litfl.com/intracerebral-haemorrhage-score/	Intracerebral Haemorrhage Score
https://litfl.com/ffs-cerebral-haemorrhage/	FFS: Cerebral haemorrhage
https://litfl.com/post-obstructive-diuresis/	Post-obstructive diuresis
https://litfl.com/stroke-infarction-endovascular-clot-retrieval/	Stroke Infarction: Clot Retrieval
https://litfl.com/stroke-infarction-thrombolysis/	Stroke Infarction: Thrombolysis
https://litfl.com/ffs-lateral-medullary-syndrome/	FFS: Lateral medullary syndrome
https://litfl.com/fusariosis/	Fusariosis
https://litfl.com/stroke-basilar-artery/	Stroke Infarction: Basilar Artery
https://litfl.com/stroke-posterior-circulation/	Stroke Infarction: Posterior Circulation
https://litfl.com/stroke-ocsp/	Stroke: Oxfordshire community stroke project
https://litfl.com/stroke-anterior-circulation/	Stroke Infarction: Anterior Circulation
https://litfl.com/pyelonephritis/	Pyelonephritis
https://litfl.com/tibial-nerve-lesions/	Tibial nerve lesions
https://litfl.com/renal-colic-ffs/	Renal colic
https://litfl.com/sciatic-nerve-lesions/	Sciatic nerve lesions
https://litfl.com/obturator-nerve-lesions/	Obturator nerve lesions
https://litfl.com/femoral-nerve-lesions/	Femoral nerve lesions
https://litfl.com/common-peroneal-nerve-lesions/	Common Peroneal Nerve Lesions
https://litfl.com/ulnar-nerve-lesions/	Ulnar Nerve Lesions
https://litfl.com/radial-nerve-lesions/	Radial Nerve Lesions
https://litfl.com/median-nerve-lesions/	Median Nerve Lesions
https://litfl.com/axillary-nerve-lesions/	Axillary Nerve Lesions
https://litfl.com/ffs-headache-neuralgic-chart/	FFS: Headache – Neuralgic Chart
https://litfl.com/ffs-primary-stabbing-ice-pick/	FFS: Primary Stabbing (Ice Pick)
https://litfl.com/ffs-post-dural-puncture-headache/	FFS: Post Dural Puncture Headache
https://litfl.com/ffs-migraine-headache/	FFS: Migraine Headache
https://litfl.com/ffs-tension-headache/	FFS: Tension Headache
https://litfl.com/ffs-cluster-headache/	FFS: Cluster Headache
https://litfl.com/twelfth-cranial-nerve-lesions/	Twelfth Cranial Nerve Lesions
https://litfl.com/eleventh-cranial-nerve-lesions/	Eleventh Cranial Nerve Lesions
https://litfl.com/tenth-cranial-nerve-lesions/	Tenth Cranial Nerve Lesions
https://litfl.com/ninth-cranial-nerve-lesions/	Ninth Cranial Nerve Lesions
https://litfl.com/ben-j-wilson/	Ben J. Wilson
https://litfl.com/pelviureteric-junction-obstruction/	Pelviureteric Junction Obstruction
https://litfl.com/adolf-von-baeyer/	Adolf von Baeyer
https://litfl.com/alexander-wallace/	Alexander Wallace
https://litfl.com/adolf-rinne/	Adolf Rinne
https://litfl.com/eighth-cranial-nerve-lesions/	Eighth Cranial Nerve Lesions
https://litfl.com/macroscopic-haematuria-non-trauma/	Macroscopic haematuria (non-trauma)
https://litfl.com/seventh-cranial-nerve-lesions/	Seventh Cranial Nerve Lesions
https://litfl.com/sixth-cranial-nerve-lesions/	Sixth Cranial Nerve Lesions
https://litfl.com/fifth-cranial-nerve-lesions/	Fifth Cranial Nerve Lesions
https://litfl.com/fourth-cranial-nerve-lesions/	Fourth Cranial Nerve Lesions
https://litfl.com/third-cranial-nerve-lesions-ffs/	Third Cranial Nerve Lesions
https://litfl.com/second-cranial-nerve-lesions/	Second Cranial Nerve Lesions
https://litfl.com/first-cranial-nerve-lesions/	First Cranial Nerve Lesions
https://litfl.com/myotomes/	Myotomes
https://litfl.com/priapism-ffs/	Priapism
https://litfl.com/essential-tremor/	Essential Tremor
https://litfl.com/anti-nmda-receptor-encephalitis-ffs/	Anti-NMDA Receptor Encephalitis
https://litfl.com/cerebral-venous-thrombosis-ffs/	Cerebral Venous Thrombosis
https://litfl.com/central-pontine-myelinolysis-ffs/	Central Pontine Myelinolysis
https://litfl.com/henry-head/	Henry Head
https://litfl.com/epididymo-orchitis/	Epididymo-orchitis
https://litfl.com/avpu-responsiveness-scale/	AVPU Responsiveness Scale
https://litfl.com/autonomic-dysreflexia/	Autonomic Dysreflexia
https://litfl.com/procedure-male-indwelling-catheter/	Procedure: Male catheter
https://litfl.com/acute-urinary-retention/	Acute Urinary Retention
https://litfl.com/clonidine/	Clonidine
https://litfl.com/cavernous-sinus-thrombosis/	Cavernous Sinus Thrombosis
https://litfl.com/central-catheter-related-venous-thrombosis/	Central catheter-related venous thrombosis
https://litfl.com/cervical-artery-dissection-ffs/	Cervical artery dissection
https://litfl.com/ramsay-hunt-syndrome/	Ramsay Hunt Syndrome
https://litfl.com/margaret-dix/	Margaret Dix
https://litfl.com/bells-palsy/	Bell’s Palsy
https://litfl.com/acute-ischaemic-limb/	Acute ischaemic limb
https://litfl.com/procedure-postpartum-haemorrhage/	Procedure: Postpartum haemorrhage
https://litfl.com/harold-sheehan/	Harold Sheehan
https://litfl.com/sheehan-syndrome/	Sheehan Syndrome
https://litfl.com/abdominal-aortic-aneurysm/	Abdominal Aortic Aneurysm (AAA)
https://litfl.com/prazosin/	Prazosin
https://litfl.com/gaspard-vieusseux/	Gaspard Vieusseux
https://litfl.com/jugular-venous-thrombosis/	Jugular venous thrombosis
https://litfl.com/emergency-procedure-postpartum-haemorrhage/	Procedure: Postpartum haemorrhage
https://litfl.com/adriaan-van-den-spiegel/	Adriaan van den Spiegel
https://litfl.com/giovanni-battista-morgagni/	Giovanni Battista Morgagni
https://litfl.com/vincent-alexander-bochdalek/	Vincent Bochdalek
https://litfl.com/abdominal-aortic-aneurysm-surveillance-chart/	Abdominal Aortic Aneurysm Surveillance Chart
https://litfl.com/acute-aortic-dissection-ffs/	Acute Aortic Dissection
https://litfl.com/adolphe-pinard/	Adolphe Pinard
https://litfl.com/kayser-fleischer-ring/	Kayser-Fleischer Ring
https://litfl.com/aortic-dissection-detection-risk-score-add-rs/	Aortic Dissection Detection Risk Score (ADD-RS)
https://litfl.com/alfred-jean-fournier/	Jean Alfred Fournier
https://litfl.com/moritz-benedikt/	Moritz Benedikt
https://litfl.com/superficial-venous-thrombosis/	Superficial venous thrombosis
https://litfl.com/parry-romberg-syndrome/	Parry-Romberg syndrome
https://litfl.com/ocular-foreign-body-removal-instructions/	Procedure: Ocular foreign body removal
https://litfl.com/george-huntington/	George Huntington
https://litfl.com/holstein-lewis-fracture/	Holstein–Lewis fracture
https://litfl.com/gwilym-bill-lewis/	Gwilym B. Lewis
https://litfl.com/arthur-holstein/	Arthur Holstein
https://litfl.com/thromboangiitis-obliterans/	Thromboangiitis obliterans
https://litfl.com/ocular-foreign-body-removal/	Procedure: Ocular foreign body removal
https://litfl.com/albert-hoffa/	Albert Hoffa
https://litfl.com/leopold-von-schrotter/	Leopold Von Schrötter
https://litfl.com/michael-denborough/	Michael Denborough
https://litfl.com/irving-stein/	Irving Stein
https://litfl.com/ffs-copd/	FFS: COPD
https://litfl.com/charles-miller-fisher/	Charles Miller Fisher
https://litfl.com/visceral-artery-aneurysm/	Visceral artery aneurysm
https://litfl.com/henri-parinaud/	Henri Parinaud
https://litfl.com/charles-skinner-hallpike/	Charles Hallpike
https://litfl.com/ffs-asthma/	FFS: Asthma
https://litfl.com/ffs-aspiration/	FFS: Aspiration
https://litfl.com/axillary-and-subclavian-vein-thrombosis/	Axillary and subclavian vein thrombosis
https://litfl.com/ffs-asbestosis/	FFS: Asbestosis
https://litfl.com/andre-strohl/	André Strohl
https://litfl.com/ffs-pleural-effusion/	FFS: Pleural Effusion
https://litfl.com/michael-leventhal/	Michael Leventhal
https://litfl.com/ffs-nasal-high-flow-oxygen-nhf/	FFS: Nasal High Flow Oxygen (NHF)
https://litfl.com/ards-acute-respiratory-distress-syndrome/	ARDS: Acute Respiratory Distress Syndrome
https://litfl.com/lewis-lead-s5-lead/	Lewis lead
https://litfl.com/neuroimaging-cases-007/	Neuroimaging Cases 007
https://litfl.com/emergency-procedure-lumbar-puncture-instructions/	Procedure: Lumbar Puncture
https://litfl.com/emergency-procedure-lumbar-puncture/	Procedure: Lumbar Puncture
https://litfl.com/procedure-thoracotomy-instructions/	Procedure: Thoracotomy
https://litfl.com/pleural-fluid-analysis/	Pleural Fluid Analysis
https://litfl.com/thoracotomy/	Procedure: Thoracotomy
https://litfl.com/procedure-priapism-management/	Procedure: Priapism management
https://litfl.com/priapism-management/	Procedure: Priapism management
https://litfl.com/edouard-brissaud/	Edouard Brissaud
https://litfl.com/william-cowper/	William Cowper
https://litfl.com/procedure-craniostomy-instructions/	Procedure: Craniostomy
https://litfl.com/procedure-male-seldinger-catheter-instructions/	Procedure: Male Seldinger catheter
https://litfl.com/emergency-procedure-craniostomy/	Procedure: Craniostomy
https://litfl.com/charles-scott-sherrington/	Charles Sherrington
https://litfl.com/jean-athanase-sicard/	Jean-Athanase Sicard
https://litfl.com/procedure-male-seldinger-catheter/	Procedure: Male Seldinger catheter
https://litfl.com/aagot-loken/	Aagot Løken
https://litfl.com/ernst-weber/	Ernst Weber
https://litfl.com/frederick-weber/	Frederick Weber
https://litfl.com/hermann-weber/	Hermann Weber
https://litfl.com/bernhard-georg-weber/	Bernhard Weber
https://litfl.com/adult-ortho-cases-004/	Adult Ortho Cases 004
https://litfl.com/procedure-pericardiocentesis-instructions/	Procedure: Pericardiocentesis
https://litfl.com/procedure-pericardiocentesis/	Procedure: Pericardiocentesis
https://litfl.com/claude-bernard/	Claude Bernard
https://litfl.com/william-gowers/	William Gowers
https://litfl.com/activate-or-wait-010/	Activate or Wait – 010
https://litfl.com/klippel-trenaunay-weber-syndrome/	Klippel-Trénaunay-Weber syndrome
https://litfl.com/activate-or-wait-009/	Activate or Wait – 009
https://litfl.com/come-join-the-2025-clinician-educator-incubator/	Come join the 2025 Clinician Educator Incubator!
https://litfl.com/weber-cockayne-syndrome/	Weber-Cockayne syndrome
https://litfl.com/peutz-jeghers-syndrome/	Peutz-Jeghers syndrome
https://litfl.com/harold-jeghers/	Harold Jeghers
https://litfl.com/johannes-peutz/	Johannes Peutz
https://litfl.com/william-halse-rivers/	William Rivers
https://litfl.com/activate-or-wait-008/	Activate or Wait – 008
https://litfl.com/activate-or-wait-007/	Activate or Wait – 007
https://litfl.com/hans-chiari/	Hans Chiari
https://litfl.com/procedure-radial-arterial-line-instructions/	Procedure: Radial Arterial Line
https://litfl.com/sturge-weber-syndrome/	Sturge-Weber syndrome
https://litfl.com/activate-or-wait-006/	Activate or Wait – 006
https://litfl.com/pagets-disease-of-bone/	Paget disease of bone
https://litfl.com/charles-ballance/	Charles Ballance
https://litfl.com/procedure-radial-arterial-line/	Procedure: Radial Arterial Line
https://litfl.com/activate-or-wait-005/	Activate or Wait – 005
https://litfl.com/activate-or-wait-004/	Activate or Wait – 004
https://litfl.com/malignant-hyperthermia-ccc/	Malignant Hyperthermia
https://litfl.com/activate-or-wait-003/	Activate or Wait – 003
https://litfl.com/carl-wernicke/	Carl Wernicke
https://litfl.com/eponymous-hernia/	Eponymous Hernia
https://litfl.com/activate-or-wait-002/	Activate or Wait – 002
https://litfl.com/klumpke-palsy/	Klumpke Palsy
https://litfl.com/activate-or-wait-001/	Activate or Wait – 001
https://litfl.com/carl-westphal/	Carl Westphal
https://litfl.com/icm-clinical-refresher-course/	ICM Clinical Refresher Course
https://litfl.com/colles-fracture/	Colles fracture
https://litfl.com/covid-19-resources/	COVID-19 Resources
https://litfl.com/waiting-room-medicine/	Waiting Room Medicine
https://litfl.com/abraham-colles/	Abraham Colles
https://litfl.com/andre-frederic-cournand/	André Cournand
https://litfl.com/acid-base-disorders/	Blood Gas Interpretation
https://litfl.com/blue-scrotum-sign-of-bryant/	Blue Scrotum Sign of Bryant
https://litfl.com/stepwise-approach-to-video-laryngoscopy/	Stepwise approach to video laryngoscopy
https://litfl.com/performance-errors-in-video-laryngoscopy/	Performance errors in Video Laryngoscopy
https://litfl.com/reviewing-a-video-laryngoscopy/	How to review a Video Laryngoscopy
https://litfl.com/pelvic-binders-instructions/	Pelvic Binders
https://litfl.com/pelvic-binders/	Pelvic Binders
https://litfl.com/ucem-says-no-to-softness/	UCEM says No to Softness
https://litfl.com/maurice-sokolow/	Maurice Sokolow
https://litfl.com/hyperbaric-oxygen-intensive-care/	Hyperbaric Oxygen for the ICU Patient
https://litfl.com/elizabeth-blackwell/	Elizabeth Blackwell
https://litfl.com/carpal-and-tarsal-bone-nomenclature/	Carpal and tarsal bone nomenclature
https://litfl.com/icu-introduction/	Introduction to an ICU rotation
https://litfl.com/high-flow-nasal-cannula-2/	High Flow Nasal Cannula
https://litfl.com/navigating-risks-of-artificial-intelligence-in-healthcare/	Navigating the Risks of Artificial Intelligence in Healthcare
https://litfl.com/the-evolution-of-utopian-medicine/	The Evolution of Utopian Medicine
https://litfl.com/thoracostomy-tube-insertion/	Thoracostomy Tube Insertion
https://litfl.com/ucem-relocates/	UCEM Relocates
https://litfl.com/interview-with-the-ucem-president/	Interview with the UCEM President
https://litfl.com/supremus-totus-vindicatum-haud-officium/	Supremus Totus Vindicatum Haud Officium
https://litfl.com/dyshopia-mathematica/	Dyshopia mathematica
https://litfl.com/monteggia-fracture/	Monteggia fracture
https://litfl.com/jose-luis-bado/	José Luis Bado
https://litfl.com/riccardo-galeazzi/	Riccardo Galeazzi
https://litfl.com/giovanni-battista-monteggia/	Giovanni Battista Monteggia
https://litfl.com/karl-landsteiner/	Karl Landsteiner
https://litfl.com/neuroimaging-cases-006/	Neuroimaging Cases 006
https://litfl.com/galeazzi-fracture/	Galeazzi fracture
https://litfl.com/documentation-in-icu/	Documenting on an ICU Ward Round
https://litfl.com/ucem-osce-scenario-2020/	UCEM OSCE SCENARIO 005
https://litfl.com/william-bragg/	William Bragg
https://litfl.com/abdominal-imaging-diaphragm/	Abdominal Imaging: Diaphragm
https://litfl.com/nebulised-gtn-in-the-ed/	Nebulised GTN in the ED
https://litfl.com/ucem-to-save-the-nhs/	UCEM to Save the NHS
https://litfl.com/abdominal-imaging-cases-027/	Abdominal Imaging Cases 027
https://litfl.com/thomas-sign/	Thomas sign
https://litfl.com/the-mate-act-mandate/	Top 8 MATE Act Training Courses Online
https://litfl.com/ccr24-and-ccr-down-under/	CCR24 and CCR Down Under
https://litfl.com/patients-without-discernible-pathology/	Patients Without Discernible Pathology
https://litfl.com/barretts-oesophagus/	Barrett’s oesophagus
https://litfl.com/implantable-device-imaging-004/	Implantable Device Imaging 004
https://litfl.com/james-douglas-pouch/	James Douglas
https://litfl.com/cardiac-arrest-the-5-cs/	Cardiac Arrest – the 5 C’s
https://litfl.com/adult-ortho-cases-003/	Adult Ortho Cases 003
https://litfl.com/putting-patients-at-ease/	Putting Patients at Ease
https://litfl.com/ucem-announces-electropenogram/	UCEM Announces Electropenogram
https://litfl.com/downstairs-patients-upstairs/	Downstairs Patients, Upstairs!
https://litfl.com/ucem-welcomes-prof-stickler/	UCEM welcomes Prof Stickler
https://litfl.com/ucem-warns-against-adhd-treatment/	UCEM Warns Against ADHD Treatment
https://litfl.com/adaptive-parasitology-and-free-parking/	Adaptive parasitology and free parking
https://litfl.com/ucem-position-statement-on-alcohol-and-idiocy/	UCEM position statement on alcohol and idiocy
https://litfl.com/reducing-the-future-burden-of-disease/	Reducing the Future Burden of Disease
https://litfl.com/reducing-the-budgetary-burden-of-disease/	Reducing the Budgetary Burden of Disease
https://litfl.com/gilbert-dalldorf/	Gilbert Dalldorf
https://litfl.com/casenote-bedside-ultrasound/	Casenote Bedside Ultrasound
https://litfl.com/what-are-the-best-ai-detectors/	What Are the Best AI Detectors?
https://litfl.com/naxos-disease/	Naxos disease
https://litfl.com/sanders-t-frank/	Sanders T. Frank
https://litfl.com/wladimir-bechterew/	Wladimir Bechterew
https://litfl.com/ucem-pr-supervisor-promoted/	UCEM PR Supervisor Promoted
https://litfl.com/ucem-guidelines-for-orthopedics/	UCEM Guidelines for Orthopedics
https://litfl.com/diploma-of-htfu/	Diploma of HTFU
https://litfl.com/ucem-prepares-for-mass-overdose/	UCEM Prepares For Mass Overdose
https://litfl.com/ucem-promotes-toughen-up-pill/	UCEM Promotes ‘Toughen Up’ Pill
https://litfl.com/ucem-guidelines-on-resuscitation/	UCEM Guidelines on Resuscitation
https://litfl.com/waiting-room-gynaecology/	Waiting Room Gynaecology
https://litfl.com/ucem-mission-statement/	UCEM Mission Statement
https://litfl.com/ucem-osce-scenario-2018/	UCEM OSCE SCENARIO 003
https://litfl.com/austin-flint-murmur/	Austin Flint Murmur
https://litfl.com/ucem-develops-waiting-room-video/	UCEM Develops Waiting Room Video
https://litfl.com/sir-charles-bell-eponym/	Charles Bell
https://litfl.com/me-elf-and-ucem/	ME, ELF and UCEM
https://litfl.com/john-hughlings-jackson/	John Hughlings Jackson
https://litfl.com/the-levels-of-eminence/	The Levels of Eminence
https://litfl.com/ucem-rejects-claims-that-it-is-stupidist/	UCEM rejects claims that it is stupidist
https://litfl.com/james-rutherford-morison/	Rutherford Morison
https://litfl.com/ai-tools-for-learning/	AI Tools for Learning
https://litfl.com/neuroresus-review/	NeuroResus Review
https://litfl.com/robert-william-smith/	Robert William Smith
https://litfl.com/ameritous-professor-broughton-dlirium/	Ameritous Professor Broughton-D’Lirium
https://litfl.com/green-urine/	Green urine
https://litfl.com/paget-schroetter-syndrome/	Paget-Schroetter Syndrome
https://litfl.com/berkeley-moynihan/	Berkeley Moynihan
https://litfl.com/defibritazer-bp50kv/	Defibritazer BP50KV
https://litfl.com/how-to-make-a-generative-ai-medical-podcast/	How to Make a Medical Podcast Using AI (Part 2)
https://litfl.com/adult-ortho-cases-002/	Adult Ortho Cases 002
https://litfl.com/medical-podcast-using-ai/	Making a Medical Podcast Using AI
https://litfl.com/abdominal-ct-bladder-injuries/	Abdominal CT: bladder injuries
https://litfl.com/abdominal-ct-pelvic-fractures/	Abdominal CT: pelvic fractures
https://litfl.com/abdominal-ct-body-wall-injuries/	Abdominal CT: body wall injuries
https://litfl.com/abdominal-ct-spinal-fractures/	Abdominal CT: spinal fractures
https://litfl.com/abdominal-ct-rib-fractures/	Abdominal CT: rib fractures
https://litfl.com/abdominal-ct-diaphragmatic-injuries/	Abdominal CT: diaphragmatic injuries
https://litfl.com/mesenteric-injury-case-studies/	Mesenteric injury (case studies)
https://litfl.com/bowel-trauma-case-studies/	Bowel trauma (case studies)
https://litfl.com/abdominal-ct-bowel-and-mesenteric-trauma/	Abdominal CT: bowel and mesenteric trauma
https://litfl.com/solid-organ-injury-case-study/	Solid organ injury (case study)
https://litfl.com/abdominal-ct-renal-ureter-and-adrenal-injury/	Abdominal CT: renal, ureter, and adrenal injury
https://litfl.com/abdominal-ct-spleen-liver-and-pancreas-injury/	Abdominal CT: spleen, liver, and pancreas injury
https://litfl.com/abdominal-ct-solid-organ-injuries/	Abdominal CT: solid organ injuries
https://litfl.com/erythroderma/	Erythroderma
https://litfl.com/abdominal-ct-aortic-aneurysm/	Abdominal CT: aortic aneurysm
https://litfl.com/abdominal-ct-intestinal-ischaemia/	Abdominal CT: intestinal ischaemia
https://litfl.com/abdominal-ct-cholecystitis/	Abdominal CT: cholecystitis
https://litfl.com/abdominal-ct-renal-infections/	Abdominal CT: renal infections
https://litfl.com/abdominal-ct-renal-stones/	Abdominal CT: renal stones
https://litfl.com/abdominal-ct-necrotizing-pancreatitis/	Abdominal CT: necrotizing pancreatitis
https://litfl.com/abdominal-ct-interstitial-pancreatitis/	Abdominal CT: interstitial pancreatitis
https://litfl.com/neuroimaging-cases-005/	Neuroimaging Cases 005
https://litfl.com/waiting-room-neurology/	Waiting Room Neurology
https://litfl.com/artificial-intelligence-in-medicine-ai-for-learning-and-teaching/	AI-Assisted Learning and Teaching
https://litfl.com/seldinger-technique/	Seldinger Technique
https://litfl.com/sven-ivar-seldinger/	Sven-Ivar Seldinger
https://litfl.com/abdominal-ct-reporting/	Abdominal CT: reporting
https://litfl.com/abdominal-ct-bones/	Abdominal CT: bones
https://litfl.com/abdominal-ct-body-wall/	Abdominal CT: body wall
https://litfl.com/abdominal-ct-lymph-nodes/	Abdominal CT: lymph nodes
https://litfl.com/abdominal-ct-abdominal-veins/	Abdominal CT: abdominal veins
https://litfl.com/evacuate-ich-management/	EVACUATE: ICH Management
https://litfl.com/abdominal-ct-vessels/	Abdominal CT: abdominal arteries
https://litfl.com/abdominal-ct-peritoneal-cavity/	Abdominal CT: peritoneal cavity
https://litfl.com/abdominal-ct-small-intestine/	Abdominal CT: small intestine
https://litfl.com/abdominal-ct-oesophagus-and-stomach/	Abdominal CT: oesophagus and stomach
https://litfl.com/abdominal-ct-genitourinary-system/	Abdominal CT: genitourinary system
https://litfl.com/abdominal-ct-spleen-and-adrenal-glands/	Abdominal CT: spleen and adrenal glands
https://litfl.com/abdominal-ct-biliary-system-and-pancreas/	Abdominal CT: Biliary system and Pancreas
https://litfl.com/abdominal-ct-liver/	Abdominal CT: Liver
https://litfl.com/abdominal-ct-large-intestine/	Abdominal CT: large intestine
https://litfl.com/rutherford-morison-pouch/	Rutherford Morison pouch
https://litfl.com/abdominal-ct-bowel-perforation/	Abdominal CT: bowel perforation
https://litfl.com/abdominal-ct-peptic-ulcer-perforation/	Abdominal CT: peptic ulcer perforation
https://litfl.com/abdominal-ct-peptic-ulcer-disease/	Abdominal CT: peptic ulcer disease
https://litfl.com/abdominal-ct-enteritis-and-colitis/	Abdominal CT: enteritis and colitis
https://litfl.com/abdominal-ct-closed-loop/	Abdominal CT: closed loop
https://litfl.com/abdominal-ct-small-bowel-obstruction/	Abdominal CT: small bowel obstruction
https://litfl.com/abdominal-ct-appendicitis/	Abdominal CT: appendicitis
https://litfl.com/abdominal-ct-cancer-staging/	Abdominal CT: Cancer staging
https://litfl.com/abdominal-ct-phases/	Abdominal CT: Phases
https://litfl.com/loffler-syndrome/	Löffler syndrome
https://litfl.com/wilhelm-loffler/	Wilhelm Löffler
https://litfl.com/jean-francois-calot/	François Calot
https://litfl.com/john-cyprian-phipps-williams/	John Williams
https://litfl.com/abdominal-ct-windows-advanced/	Abdominal CT: Windows advanced
https://litfl.com/abdominal-ct-windows-basics/	Abdominal CT: Windows basics
https://litfl.com/abdominal-ct-attenuation/	Abdominal CT: Attenuation
https://litfl.com/abdominal-ct-planes/	Abdominal CT: Planes
https://litfl.com/abdominal-ct-common-terms/	Abdominal CT: Common Terms
https://litfl.com/abdominal-ct-basics/	Abdominal CT: Basics
https://litfl.com/role-of-abdominal-ct/	What is the role of Abdominal CT?
https://litfl.com/penis-captivus/	Penis captivus
https://litfl.com/critical-care-reviews-down-under/	Critical Care Reviews… Down Under!
https://litfl.com/using-artificial-intelligence-in-the-medical-field/	Using Artificial Intelligence in the Medical Field
https://litfl.com/hypertonic-saline-vs-mannitol/	Hypertonic Saline vs Mannitol
https://litfl.com/bhcg-rhesus-d-and-progesterone/	BHCG, Rhesus D and Progesterone
https://litfl.com/elmer-mckesson/	Elmer McKesson
https://litfl.com/glossary-of-ai-definitions/	Glossary of AI Definitions
https://litfl.com/signs-of-imminent-admission/	Signs of Imminent Admission
https://litfl.com/managing-complications-of-chronic-spinal-cord-injury/	Managing Complications of Chronic Spinal Cord Injury
https://litfl.com/applications-of-artificial-intelligence-in-medicine/	Real-World Applications of Artificial Intelligence in Medicine
https://litfl.com/paediatric-stroke/	Paediatric stroke
https://litfl.com/severe-disability/	Severe disability
https://litfl.com/wilhelm-heinrich-erb/	Wilhelm Erb
https://litfl.com/jack-barnes-and-the-irukandji-enigma/	Jack Barnes and the Irukandji Enigma
https://litfl.com/scombroid-poisoning/	Scombroid Poisoning
https://litfl.com/optimal-cerebral-perfusion-pressure/	Optimal Cerebral Perfusion Pressure
https://litfl.com/jack-barnes/	Jack Barnes
https://litfl.com/irukandji-jellyfish-toxinology/	Irukandji Jellyfish
https://litfl.com/irukandji-syndrome/	Irukandji syndrome
https://litfl.com/bluebottle-jellyfish-toxinology/	Bluebottle Jellyfish
https://litfl.com/blue-bottle-jellyfish/	Blue Bottle Jellyfish
https://litfl.com/sir-william-osler-eponym/	William Osler
https://litfl.com/christmas-cancellation-canned/	Christmas Cancellation Canned
https://litfl.com/christmas-canceled/	Christmas Canceled?
https://litfl.com/funtabulously-frivolous-friday-five-354/	Merry Funtabulously Frivolous Friday Five 354
https://litfl.com/nicholas-alders/	Nicholas Alders
https://litfl.com/cardiology-digest-podcast-001/	Cardiology Digest Podcast 001
https://litfl.com/edward-bishop/	Edward Bishop
https://litfl.com/williams-bryan/	Williams Bryan
https://litfl.com/jorgen-lovset/	Jørgen Løvset
https://litfl.com/button-battery-update-3-0/	Button Battery Update 3.0
https://litfl.com/the-power-of-words-language-and-death/	The Power of Words: Language and Death
https://litfl.com/ai-prompting-techniques/	AI Prompting Techniques
https://litfl.com/ina-mae-gaskin/	Ina Mae Gaskin
https://litfl.com/charles-woods/	Charles Woods
https://litfl.com/alan-rubin/	Alan Rubin
https://litfl.com/william-zavanelli/	William Zavanelli
https://litfl.com/william-mcroberts/	William McRoberts
https://litfl.com/pediatric-ortho-cases-007/	Pediatric Ortho Cases 007
https://litfl.com/refeeding-syndrome-2/	Refeeding Syndrome
https://litfl.com/neuroimaging-cases-004/	Neuroimaging Cases 004
https://litfl.com/applications-of-ai-in-healthcare-and-2-important-precautions/	Innovative Applications of AI in Healthcare
https://litfl.com/charles-lund/	Charles Lund
https://litfl.com/coude-tip-catheter/	Coudé tip catheter
https://litfl.com/come-join-the-2024-clinician-educator-incubator/	Come join the 2024 Clinician Educator Incubator!
https://litfl.com/what-is-ai-and-how-does-it-work/	What is AI and How Does it Work?
https://litfl.com/mentoring-relationships-made-easy/	Mentoring relationships made easy
https://litfl.com/newton-browder/	Newton Browder
https://litfl.com/charles-baxter/	Charles Baxter
https://litfl.com/neuroimaging-cases-003/	Neuroimaging Cases 003
https://litfl.com/behcet-disease/	Behçet Disease
https://litfl.com/hulusi-behcet/	Hulûsi Behçet
https://litfl.com/benjamin-alcock/	Benjamin Alcock
https://litfl.com/how-to-make-a-logo-using-ai/	How to Make a Logo Using AI
https://litfl.com/urgent-care-flow/	Urgent care flow
https://litfl.com/adult-ortho-cases-001/	Adult Ortho Cases 001
https://litfl.com/ralph-douglas-kenneth-reye/	Ralph Reye
https://litfl.com/william-p-hort/	William P. Hort
https://litfl.com/charles-bertrand/	Charles Bertrand
https://litfl.com/haemorrhage-control-part-2/	Haemorrhage Control Part 2
https://litfl.com/haemorrhage-control/	Haemorrhage Control
https://litfl.com/impending-doom/	Impending Doom
https://litfl.com/perimortem-caesarean-section/	Perimortem Caesarean section
https://litfl.com/abnormal-vaginal-bleeding/	Abnormal vaginal bleeding
https://litfl.com/neuroimaging-cases-002/	Neuroimaging Cases 002
https://litfl.com/karl-connell/	Karl Connell
https://litfl.com/ivor-lewis/	Ivor Lewis
https://litfl.com/julia-dempsey/	Sister Mary Joseph
https://litfl.com/william-edwards-ladd/	William Edwards Ladd
https://litfl.com/louis-mercier/	Louis Mercier
https://litfl.com/sas2023/	SAS2023
https://litfl.com/pocus-made-easy-aaa/	POCUS Made Easy: AAA
https://litfl.com/fractures-app/	Fractures App
https://litfl.com/ring-removal/	Ring Removal
https://litfl.com/takayasu-arteritis/	Takayasu arteritis
https://litfl.com/auguste-nelaton/	Auguste Nélaton
https://litfl.com/gabriele-falloppio/	Gabriele Falloppio
https://litfl.com/joseph-asherman/	Joseph Asherman
https://litfl.com/pocus-made-easy-basic-echo/	POCUS Made Easy: Basic Echo
https://litfl.com/asherman-syndrome/	Asherman syndrome
https://litfl.com/mallet-finger/	Mallet Finger
https://litfl.com/jay-a-heidbrink/	Jay Heidbrink
https://litfl.com/pocus-made-easy-gallbladder/	POCUS Made Easy: Gallbladder
https://litfl.com/mastering-intensive-care-082-with-will-bonavia/	Mastering Intensive Care 082 with Will Bonavia
https://litfl.com/alfred-poland/	Alfred Poland
https://litfl.com/raynaud-phenomenon/	Raynaud phenomenon
https://litfl.com/maurice-raynaud/	Maurice Raynaud
https://litfl.com/pocus-made-easy-clue-protocol/	POCUS Made Easy: CLUE Protocol
https://litfl.com/acute-colonic-pseudo-obstruction/	Acute colonic pseudo-obstruction
https://litfl.com/hellp-syndrome-ffs/	HELLP syndrome
https://litfl.com/mastitis/	Mastitis
https://litfl.com/emergency-contraception/	Emergency contraception
https://litfl.com/ectopic-pregnancy-ffs/	Ectopic pregnancy
https://litfl.com/hyperemesis-gravidarum/	Hyperemesis gravidarum
https://litfl.com/ovarian-hyperstimulation-syndrome-ffs/	Ovarian hyperstimulation syndrome
https://litfl.com/amax4-algorithm/	AMAX4 Algorithm
https://litfl.com/ovarian-torsion/	Ovarian torsion
https://litfl.com/pelvic-pain-females/	Pelvic pain (females)
https://litfl.com/jersey-finger/	Jersey Finger
https://litfl.com/pocus-made-easy-rush-protocol/	POCUS Made Easy: RUSH protocol
https://litfl.com/thomas-lauder-brunton/	Lauder Brunton
https://litfl.com/eponymous-foot-ankle-and-talus-injuries/	Eponymous ankle and talus injuries
https://litfl.com/frank-pantridge/	Frank Pantridge
https://litfl.com/klaus-betke/	Klaus Betke
https://litfl.com/pelvic-inflammatory-disease/	Pelvic inflammatory disease
https://litfl.com/postpartum-haemorrhage/	Postpartum haemorrhage
https://litfl.com/polycystic-ovary-syndrome/	Polycystic ovary syndrome
https://litfl.com/pprom/	Preterm Premature Rupture of the Membranes
https://litfl.com/pre-eclampsia/	Pre-eclampsia
https://litfl.com/septic-abortion/	Septic abortion
https://litfl.com/vaginal-bleeding-miscarriage/	Vaginal bleeding – Miscarriage
https://litfl.com/vaginal-bleeding-early-pregnancy/	Vaginal bleeding – early pregnancy
https://litfl.com/nonpregnant-vaginal-bleeding/	Vaginal bleeding – non pregnant
https://litfl.com/kleihauer-betke-test/	Kleihauer–Betke Test
https://litfl.com/enno-kleihauer/	Enno Kleihauer
https://litfl.com/dysmenorrhoea-ffs/	Dysmenorrhoea
https://litfl.com/eclampsia-ffs/	Eclampsia
https://litfl.com/cord-prolapse/	Cord prolapse
https://litfl.com/rhesus-d-immunoglobulin/	Rhesus D Immunoglobulin
https://litfl.com/pocus-made-easy-renal/	POCUS Made Easy: Renal
https://litfl.com/hypercalcaemia-ddx/	Hypercalcaemia DDx
https://litfl.com/heneage-ogilvie/	Heneage Ogilvie
https://litfl.com/antepartum-haemorrhage/	Antepartum haemorrhage
https://litfl.com/amniotic-fluid-embolism/	Amniotic Fluid Embolism
https://litfl.com/acid-base/	Acid-Base and Blood Gas interpretation
https://litfl.com/roser-nelaton-line/	Roser-Nélaton line
https://litfl.com/mastering-intensive-care-080-with-tub-worthley/	Mastering Intensive Care 080 with Tub Worthley
https://litfl.com/comms-lab-advocacy-inquiry/	Comms Lab: Advocacy Inquiry
https://litfl.com/neuroimaging-cases-001/	Neuroimaging Cases 001
https://litfl.com/mastering-intensive-care-079-run-larapinta/	Mastering Intensive Care 079 Run Larapinta
https://litfl.com/distal-radioulnar-injury/	Distal Radioulnar Injury
https://litfl.com/edward-both/	Edward Both
https://litfl.com/adult-cxr-cases-029/	Adult CXR Cases 029
https://litfl.com/emergency-procedures/	Emergency Procedures
https://litfl.com/mastering-intensive-care-078-with-chris-nickson/	Mastering Intensive Care 078 with Chris Nickson
https://litfl.com/comms-lab-scarf/	Comms Lab: SCARF
https://litfl.com/implantable-device-imaging-003/	Implantable Device Imaging 003
https://litfl.com/suture-laceration-repair-app/	Suture: Laceration Repair App
https://litfl.com/comms-lab-ace-your-interview/	Comms Lab: Ace your Interview
https://litfl.com/sternoclavicular-joint-dislocation/	Sternoclavicular Joint Dislocation
https://litfl.com/robert-sweet/	Robert Sweet
https://litfl.com/vt-versus-svt-its-as-easy-as-abcde/	VT versus SVT: It’s as easy as ABCDE
https://litfl.com/golden-s/	Golden S sign
https://litfl.com/headache-diagnostic-challenge/	Headache diagnostic challenge
https://litfl.com/headache-rescue-medication/	Headache rescue medication
https://litfl.com/headache-abortive-treatment/	Headache abortive treatment
https://litfl.com/headache-prophylaxis-2/	Headache prophylaxis (2)
https://litfl.com/headache-treatment/	Headache treatment
https://litfl.com/headache-prophylaxis/	Headache prophylaxis
https://litfl.com/jean-louis-alibert/	Jean-Louis Alibert
https://litfl.com/comms-lab-micro-management-2/	Comms Lab: Micro-Management
https://litfl.com/comms-lab-micro-management-1/	Comms Lab: Micro-Management
https://litfl.com/abdominal-ct-diverticulitis/	Abdominal CT: diverticulitis
https://litfl.com/abdominal-ct-flank-pain-imaging/	Abdominal CT: Flank pain
https://litfl.com/abdominal-ct-cystogram/	Abdominal CT: Cystogram
https://litfl.com/abdominal-ct-urogram/	Abdominal CT: Urogram
https://litfl.com/abdominal-ct-gu-imaging/	Abdominal CT: GU imaging
https://litfl.com/wilhelm-roser/	Wilhelm Roser
https://litfl.com/headache-and-lab-tests/	Headache and lab tests
https://litfl.com/headache-and-imaging/	Headache and imaging
https://litfl.com/headache-neurological-examination/	Headache neurological examination
https://litfl.com/headache-physical-examination/	Headache physical examination
https://litfl.com/headache-triggers/	Headache triggers
https://litfl.com/headache-diary/	Headache diary
https://litfl.com/headache-history-taking/	Headache history taking
https://litfl.com/characterising-headache/	Characterising headache
https://litfl.com/cranial-neuralgias/	Cranial neuralgias
https://litfl.com/louis-queyrat/	Louis Queyrat
https://litfl.com/headache-secondary-to-medical-conditions-2/	Headache secondary to medical conditions (2)
https://litfl.com/pocus-made-easy-lung/	POCUS Made Easy: Lung
https://litfl.com/headache-secondary-to-medical-conditions/	Headache secondary to medical conditions
https://litfl.com/thunderclap-headache/	Thunderclap headache
https://litfl.com/headache-red-flags/	Headache red flags
https://litfl.com/pocus-made-easy-fascia-iliaca-block/	POCUS Made Easy: Fascia Iliaca Block
https://litfl.com/medication-overuse-headache/	Medication overuse headache
https://litfl.com/musculoskeletal-pain-and-headache/	Musculoskeletal Pain and Headache
https://litfl.com/sinus-headache/	Sinus headache
https://litfl.com/pocus-made-easy-efast/	POCUS Made Easy: eFAST
https://litfl.com/pocus-made-easy-dvt-exam/	POCUS Made Easy: DVT
https://litfl.com/secondary-headaches/	Secondary headaches
https://litfl.com/temporomandibular-joint-and-headache/	Temporomandibular joint and headache
https://litfl.com/chronic-daily-headaches/	Chronic daily headaches
https://litfl.com/other-primary-headaches/	Other primary headaches
https://litfl.com/trigeminal-autonomic-cephalalgias/	Trigeminal autonomic cephalalgias
https://litfl.com/cluster-headache/	Cluster headache
https://litfl.com/tension-headache/	Tension headache
https://litfl.com/migraine-headache/	Migraine headache
https://litfl.com/headache-aetiology/	Headache aetiology
https://litfl.com/headache-classification/	Headache classification
https://litfl.com/hamilton-bailey/	Hamilton Bailey
https://litfl.com/brown-sequard-syndrome/	Brown-Séquard Syndrome
https://litfl.com/ultrasound-guided-vascular-access/	Ultrasound Guided Vascular Access
https://litfl.com/common-krait/	Common Krait
https://litfl.com/ralph-grover/	Ralph Grover
https://litfl.com/johannes-zoon/	Johannes Zoon
https://litfl.com/hugh-spear-pemberton/	Hugh Pemberton
https://litfl.com/pierre-bazin/	Ernest Bazin
https://litfl.com/comms-lab-i-messages/	Comms Lab: I-Messages
https://litfl.com/zoon-balanitis/	Zoon Balanitis
https://litfl.com/adult-cxr-cases-028/	Adult CXR Cases 028
https://litfl.com/gerstmann-syndrome/	Gerstmann syndrome
https://litfl.com/josef-gerstmann/	Josef Gerstmann
https://litfl.com/claus-bang/	Claus Bang
https://litfl.com/cxr-essentials-abnormal-pacemaker-lead-position/	CXR Essentials: Abnormal pacemaker lead position
https://litfl.com/cxr-essentials-abnormal-cvc-position/	CXR Essentials: Abnormal CVC position
https://litfl.com/funtabulously-frivolous-friday-five-351/	Merry Funtabulously Frivolous Friday Five 351
https://litfl.com/cxr-essentials-types-of-atelectasis/	CXR Essentials: Types of atelectasis
https://litfl.com/cxr-essentials-pleural-space/	CXR Essentials: Pleural space
https://litfl.com/cxr-essentials-the-failing-heart/	CXR Essentials: The Failing Heart
https://litfl.com/pediatric-cxr-cases-027/	Pediatric CXR Cases 027
https://litfl.com/pacemaker-essentials-troubleshooting-with-vectors/	Pacemaker Essentials: Troubleshooting with vectors
https://litfl.com/pacemaker-essentials-oversensing/	Pacemaker Essentials: Oversensing
https://litfl.com/pacemaker-essentials-undersensing/	Pacemaker Essentials: Undersensing
https://litfl.com/pacemaker-essentials-failure-to-capture/	Pacemaker Essentials: Failure to capture
https://litfl.com/aerosol-generating-procedures-agps/	Aerosol-Generating Procedures (AGPs)
https://litfl.com/pediatric-ortho-cases-006/	Pediatric Ortho Cases 006
https://litfl.com/clamping-the-endotracheal-tube/	Clamping the endotracheal tube
https://litfl.com/paul-frenckner/	Paul Frenckner
https://litfl.com/ross-golden/	Ross Golden
https://litfl.com/connecting-through-covid/	Connecting through COVID
https://litfl.com/medmastery-bicarbonate-loss-and-acid-overload/	Medmastery: bicarbonate loss and acid overload
https://litfl.com/essex-lopresti-fracture/	Essex-Lopresti fracture
https://litfl.com/peter-essex-lopresti/	Peter Essex-Lopresti
https://litfl.com/airway-ultrasound/	Airway Ultrasound
https://litfl.com/medmastery-acid-base-compensation-rules/	Medmastery: compensation
https://litfl.com/love-the-therapeutic-clunk/	Love the therapeutic clunk
https://litfl.com/adult-cxr-cases-027/	Adult CXR Cases 027
https://litfl.com/fares-method-for-shoulder-reduction/	FARES method for Shoulder Reduction
https://litfl.com/forestier-disease/	Forestier disease
https://litfl.com/norman-james/	Norman James
https://litfl.com/medmastery-ppv-specificity/	Medmastery: PPV and Specificity
https://litfl.com/pacemaker-essentials-the-basics/	Pacemaker Essentials: The basics
https://litfl.com/medmastery-mortality-rate/	Medmastery: Mortality rate
https://litfl.com/qa-with-anne-creaton/	Q&A with Anne Creaton
https://litfl.com/nail-gun-injuries/	Nail Gun Injuries
https://litfl.com/patellar-dislocation/	Patellar dislocation
https://litfl.com/thyroid-function-tests-in-pregnancy/	Thyroid function tests in pregnancy
https://litfl.com/sodium-nitroprusside/	Sodium Nitroprusside
https://litfl.com/qa-with-deon-strydom/	Q&A with Deon Strydom
https://litfl.com/comms-lab-breaking-bad-news/	Comms Lab: Breaking Bad News
https://litfl.com/levetiracetam/	Levetiracetam
https://litfl.com/desmopressin/	Desmopressin (DDAVP)
https://litfl.com/qa-with-shannon-baso/	Q&A with Shannon Baso
https://litfl.com/amiodarone-and-thyroid-function/	Amiodarone and thyroid function
https://litfl.com/thionamides-in-thyroid-disease/	Thionamides in thyroid disease
https://litfl.com/qa-with-warren-adie/	Q&A with Warren Adie
https://litfl.com/thyroid-hypothyroidism/	Thyroid: Hypothyroidism
https://litfl.com/medmastery-acid-base-disorders/	Medmastery: acid-base disorders
https://litfl.com/cxr-essentials-abnormal-ett-position/	CXR Essentials: Abnormal ETT position
https://litfl.com/medmastery-pancreatitis/	Medmastery: Pancreatitis
https://litfl.com/medmastery-pancreatic-ultrasound/	Medmastery: Pancreatic ultrasound
https://litfl.com/medmastery-hydronephrosis/	Medmastery: Hydronephrosis
https://litfl.com/ultrasound-evaluation-of-the-spleen-in-trauma/	Ultrasound: Evaluation of the spleen in trauma
https://litfl.com/thyroid-autonomous-nodules/	Thyroid: Autonomous nodules
https://litfl.com/monkeypox-ccc/	Mpox
https://litfl.com/medmastery-renal-ultrasound/	Medmastery: Renal ultrasound
https://litfl.com/coronary-angiography-coronary-anatomy-refresher/	Coronary angiography: Coronary Anatomy Refresher
https://litfl.com/exercise-stress-ecg-positive-test/	Exercise Stress ECG: Positive Test
https://litfl.com/cxr-essentials-the-many-faces-of-pneumonia/	CXR essentials: The many faces of pneumonia
https://litfl.com/ecg-mastery-cardiac-axis/	ECG Mastery: Cardiac axis
https://litfl.com/ultrasound-the-biliary-system/	Ultrasound: The biliary system
https://litfl.com/qa-with-michaela-cartner/	Q&A with Michaela Cartner
https://litfl.com/thyroid-tsh-assays/	Thyroid: TSH assays
https://litfl.com/ultrasound-liver-and-malignant-focal-lesions/	Ultrasound: Liver and malignant focal lesions
https://litfl.com/echo-evaluating-right-ventricular-function-and-size/	Echo: Right ventricular function
https://litfl.com/medmastery-liver-ultrasound/	Medmastery: Liver ultrasound
https://litfl.com/ultrasound-the-appendix/	Ultrasound: The appendix
https://litfl.com/qa-with-andy-buck/	Q&A with Andy Buck
https://litfl.com/thyroid-physiology/	Thyroid physiology
https://litfl.com/gustav-asboe-hansen/	Gustav Asboe-Hansen
https://litfl.com/benjamin-babington/	Benjamin Babington
https://litfl.com/qa-with-tatiana-lowe/	Q&A with Tatiana Lowe
https://litfl.com/posterior-shoulder-dislocation/	Posterior Shoulder Dislocation
https://litfl.com/norman-j-holter/	Norman J. Holter
https://litfl.com/qa-with-rob-mcdonald/	Q&A with Rob McDonald
https://litfl.com/adult-cxr-cases-026/	Adult CXR Cases 026
https://litfl.com/qa-with-aisling-fleury/	Q&A with Aisling Fleury
https://litfl.com/pediatric-cxr-cases-026/	Pediatric CXR Cases 026
https://litfl.com/qa-with-vijay-manivel/	Q&A with Vijay Manivel
https://litfl.com/qa-with-tatum-bond/	Q&A with Tatum Bond
https://litfl.com/clevidipine/	Clevidipine
https://litfl.com/philip-raikes-bromage/	Philip Bromage
https://litfl.com/saul-mackler/	Saul Mackler
https://litfl.com/emil-naclerio/	Emil Naclerio
https://litfl.com/abdominal-imaging-cases-023/	Abdominal Imaging Cases 023
https://litfl.com/qa-with-matthew-macpartlin/	Q&A with Matthew MacPartlin
https://litfl.com/exercise-stress-ecg-st-segment-changes/	Exercise Stress ECG: ST-segment changes
https://litfl.com/icd-defibrillation/	ICD: Defibrillation
https://litfl.com/icd-anti-tachycardia-pacing/	ICD: Anti-tachycardia pacing
https://litfl.com/medmastery-qualifying-for-an-icd/	Medmastery: Qualifying for an ICD
https://litfl.com/icd-icd-vs-brady-pacemaker/	ICD: ICD vs brady pacemaker
https://litfl.com/ventilation-acute-respiratory-distress-syndrome-ards/	Ventilation: Acute Respiratory Distress Syndrome (ARDS)
https://litfl.com/adult-cxr-cases-025/	Adult CXR Cases 025
https://litfl.com/ventilation-alveolar-disease/	Ventilation: Alveolar disease
https://litfl.com/qa-with-emma-lawrey/	Q&A with Emma Lawrey
https://litfl.com/ventilation-volume-vs-pressure-control/	Ventilation: Volume vs Pressure Control
https://litfl.com/ventilation-ac-simv-modes/	Ventilation: AC/SIMV modes
https://litfl.com/pocus-soft-tissue-ultrasound/	POCUS: Soft tissue ultrasound
https://litfl.com/pocus-dvt-lower-extremity-study/	POCUS: DVT – Lower extremity study
https://litfl.com/comms-lab-graded-assertiveness/	Comms Lab: Graded Assertiveness
https://litfl.com/pocus-first-trimester-pregnancy/	POCUS: First trimester pregnancy
https://litfl.com/pocus-hydronephrosis/	POCUS: Hydronephrosis
https://litfl.com/pocus-abdominal-aorta/	POCUS: Abdominal aorta
https://litfl.com/pocus-efast-pneumothorax/	POCUS: EFAST Pneumothorax
https://litfl.com/echo-assessing-lv-global-systolic-function/	Echo: Left ventricular systolic function
https://litfl.com/echo-pericardial-effusion/	Echo: Pericardial effusion
https://litfl.com/qa-with-doug-feinbloom/	Q&A with Doug Feinbloom
https://litfl.com/echo-mitral-regurgitation/	Echo: Mitral regurgitation
https://litfl.com/adult-cxr-cases-024/	Adult CXR Cases 024
https://litfl.com/echo-aortic-regurgitation/	Echo: Aortic regurgitation
https://litfl.com/comms-lab-referral-pushback/	Comms Lab: Referral Pushback
https://litfl.com/right-ventricular-failure/	Right Ventricular Failure
https://litfl.com/apical-hypertrophic-cardiomyopathy-ahc/	Apical hypertrophic cardiomyopathy (AHC)
https://litfl.com/louis-sigurd-fridericia/	Louis Fridericia
https://litfl.com/henri-mondor/	Henri Mondor
https://litfl.com/mondor-disease/	Mondor disease
https://litfl.com/henry-cuthbert-bazett/	Henry Bazett
https://litfl.com/penile-mondor-disease/	Penile Mondor disease
https://litfl.com/fridericia-formula/	Fridericia Formula
https://litfl.com/bazett-formula/	Bazett formula
https://litfl.com/top-10-foreign-bodies/	Top 10 Foreign Bodies
https://litfl.com/jacob-mendes-da-costa/	Jacob Da Costa
https://litfl.com/da-costa-syndrome/	Da Costa Syndrome
https://litfl.com/comms-lab-before-you-call/	Comms Lab: Before you call
https://litfl.com/shock/	Shock
https://litfl.com/comms-lab-phone-referral/	Comms Lab: Phone referral
https://litfl.com/monkeypox/	Monkeypox
https://litfl.com/august-krogh/	August Krogh
https://litfl.com/comms-lab-adversaries-or-partners/	Comms Lab: Adversaries or Partners?
https://litfl.com/abdominal-imaging-cases-022/	Abdominal Imaging Cases 022
https://litfl.com/anti-arrhythmic-drugs-and-cardiac-arrest/	Anti-arrhythmic Drugs and Cardiac Arrest
https://litfl.com/thiopentone/	Thiopentone
https://litfl.com/comms-lab-negotiation/	Comms Lab: Negotiation
https://litfl.com/pediatric-ortho-cases-005/	Pediatric Ortho Cases 005
https://litfl.com/john-zahorsky/	John Zahorsky
https://litfl.com/simulation-debriefing/	Simulation debriefing
https://litfl.com/frederic-eugene-basil-foley/	Frederic Foley
https://litfl.com/spring-seminar-returns-to-noosa/	Spring Seminar Returns to Noosa!
https://litfl.com/comms-lab-dont-know-mind/	Comms Lab: Don’t-Know-Mind
https://litfl.com/ecg-made-easier/	ECG Made Easier
https://litfl.com/arc-guideline-updates/	ARC Guideline Updates
https://litfl.com/chain-of-survival/	Chain of Survival
https://litfl.com/drugs-for-cardiac-arrest/	Drugs for Cardiac Arrest
https://litfl.com/drug-infusion-doses/	Drug Infusion Doses
https://litfl.com/translational-simulation/	Translational Simulation
https://litfl.com/civilian-first-aid/	Civilian First Aid
https://litfl.com/therapeutic-hypothermia-after-cardiac-arrest/	Targeted temperature management (TTM) after cardiac arrest
https://litfl.com/killer-ecg-patterns-part-2/	Killer ECG Patterns: Part 2
https://litfl.com/fluids-and-electrolytes-potassium-wasting-nephropathy/	Fluids and electrolytes: Potassium wasting nephropathy
https://litfl.com/comms-lab-angry-people/	Comms Lab: Angry people
https://litfl.com/vanpocus-22-ultrasound-conference/	VanPOCUS 22 Virtual Ultrasound Conference
https://litfl.com/armand-trousseau/	Armand Trousseau
https://litfl.com/fluids-and-electrolytes-polyuria-polydipsia-and-diabetes-insipidus/	Fluids and electrolytes: Polyuria, polydipsia, and diabetes insipidus
https://litfl.com/mindfulness-expansion/	Mindfulness: expansion
https://litfl.com/cardiac-axis-trainer/	Cardiac Axis Trainer
https://litfl.com/fluids-and-electrolytes-potassium-sparing-diuretics/	Fluids and electrolytes: Potassium-sparing diuretics
https://litfl.com/future-of-icu-education/	Future of ICU Education
https://litfl.com/comms-lab-validation/	Comms Lab: Validation
https://litfl.com/fluids-and-electrolytes-acute-symptomatic-hyponatremia/	Fluids and electrolytes: Acute symptomatic hyponatremia
https://litfl.com/implantable-device-imaging-002/	Implantable Device Imaging 002
https://litfl.com/fluids-and-electrolytes-diuretic-resistance/	Fluids and electrolytes: diuretic resistance
https://litfl.com/christian-baastrup/	Christian Baastrup
https://litfl.com/norman-gregg/	Norman Gregg
https://litfl.com/chance-fracture/	Chance fracture
https://litfl.com/frank-wild-holdsworth/	Frank Holdsworth
https://litfl.com/mario-bertolotti/	Mario Bertolotti
https://litfl.com/baastrup-disease/	Baastrup disease
https://litfl.com/comms-lab-manage-your-emotion/	Comms Lab: Manage your emotion
https://litfl.com/heinrich-albers-schonberg/	Heinrich Albers-Schönberg
https://litfl.com/albers-schonberg-disease/	Albers-Schönberg disease
https://litfl.com/adult-cxr-cases-023/	Adult CXR Cases 023
https://litfl.com/jervell-and-lange-nielsen-syndrome/	Jervell and Lange-Nielsen syndrome
https://litfl.com/douglas-prehn/	Douglas Prehn
https://litfl.com/comms-lab-changing-minds/	Comms Lab: Changing minds
https://litfl.com/romano-ward-syndrome/	Romano-Ward syndrome
https://litfl.com/pediatric-cxr-cases-025/	Pediatric CXR Cases 025
https://litfl.com/winking-owl/	Winking owl sign
https://litfl.com/mona-dew-roberts/	Mona Roberts
https://litfl.com/robert-beaver/	Robert Beaver
https://litfl.com/comms-lab-mind-changing/	Comms Lab: Mind Changing
https://litfl.com/abdominal-imaging-cases-021/	Abdominal Imaging Cases 021
https://litfl.com/louis-vaquez/	Louis Vaquez
https://litfl.com/comms-lab-logos/	Comms Lab: Logos
https://litfl.com/heart-hq-cac-scoring/	Heart HQ: CAC Scoring
https://litfl.com/coronary-angiography-image-intensifier-basics/	Coronary angiography: Image intensifier basics
https://litfl.com/john-thomas-sign/	John Thomas sign
https://litfl.com/moore-fracture/	Moore fracture
https://litfl.com/raspberry-urine/	Raspberry urine?
https://litfl.com/appendicitis-eponyms/	Appendicitis – the eponymous examination
https://litfl.com/segond-fracture/	Segond fracture
https://litfl.com/comms-lab-pathos/	Comms Lab: Pathos
https://litfl.com/coronary-angiography-a-case-of-acute-no-reflow/	Coronary angiography: A case of “acute no-reflow”
https://litfl.com/haff-disease/	Haff disease
https://litfl.com/cherry-red-or-raspberry-urine/	Cherry Red or Raspberry urine
https://litfl.com/heart-hq-international-womens-day/	Heart HQ: International Women’s Day
https://litfl.com/comms-lab-ethos/	Comms Lab: Ethos
https://litfl.com/john-alfred-ryle/	John Alfred Ryle
https://litfl.com/andranik-ovassapian/	Andranik Ovassapian
https://litfl.com/tom-throckmorton/	Tom Throckmorton
https://litfl.com/wilhelm-fabricius-von-hilden/	Wilhelm Fabry
https://litfl.com/lindsay-nails/	Lindsay nails
https://litfl.com/philip-lindsay/	Philip G. Lindsay
https://litfl.com/cotton-fracture/	Cotton fracture
https://litfl.com/implantable-device-imaging-001/	Implantable Device Imaging 001
https://litfl.com/purple-urine/	Purple urine
https://litfl.com/jules-joseph-dejerine/	Jules-Joseph Dejerine
https://litfl.com/comms-lab-ethos-pagos-logos/	Comms Lab: Ethos, Pagos, Logos
https://litfl.com/frederic-hewitt/	Frederic Hewitt
https://litfl.com/crochetage-sign-ecg-library/	Crochetage sign
https://litfl.com/heart-hq-chest-pain/	Heart HQ: Chest Pain
https://litfl.com/adult-cxr-cases-022/	Adult CXR Cases 022
https://litfl.com/heart-hq-left-bundle-branch-block/	Heart HQ: Left Bundle Branch Block
https://litfl.com/nikolay-sheklakov/	Nikolay Sheklakov
https://litfl.com/mindfulness-reframing-102/	Mindfulness: reframing 102
https://litfl.com/because/	Comms Lab: because…
https://litfl.com/wilhelm-lutz/	Wilhelm Lutz
https://litfl.com/sci-hub-pirate-paper-portal/	Sci-Hub Pirate Paper Portal
https://litfl.com/heart-hq-right-bundle-branch-block/	Heart HQ: Right Bundle Branch Block
https://litfl.com/muehrcke-lines/	Muehrcke lines
https://litfl.com/pediatric-cxr-cases-024/	Pediatric CXR Cases 024
https://litfl.com/comms-lab-the-micro-yes/	Comms Lab: the micro-yes
https://litfl.com/murphys-sign/	Murphy’s sign
https://litfl.com/heart-hq-pericarditis/	Heart HQ: Pericarditis
https://litfl.com/where-are-all-the-women/	Where are all the Women?
https://litfl.com/pediatric-ortho-cases-004/	Pediatric Ortho Cases 004
https://litfl.com/piotr-nikolsky/	Piotr Nikolsky
https://litfl.com/williams-syndrome/	Williams syndrome
https://litfl.com/preparation-is-key/	Comms Lab: Preparation is key
https://litfl.com/platelets/	Platelets (for transfusion)
https://litfl.com/mindfulness-102/	Mindfulness: 102
https://litfl.com/heart-hq-atrial-fibrillation/	Heart HQ: Atrial fibrillation
https://litfl.com/oxygen-cylinder/	Oxygen Cylinder
https://litfl.com/steroid-conversion/	Steroid Conversion
https://litfl.com/william-r-pugh/	William R. Pugh
https://litfl.com/modifications-to-blood-components/	Modifications to blood components
https://litfl.com/red-cells/	Red Cells
https://litfl.com/fibrinogen-concentrate/	Fibrinogen Concentrate
https://litfl.com/adult-cxr-cases-021/	Adult CXR Cases 021
https://litfl.com/wolff-parkinson-white-syndrome/	Wolff–Parkinson–White syndrome
https://litfl.com/fontaine-lead/	Fontaine lead
https://litfl.com/comms-lab-be-kind/	Comms Lab: Be Kind
https://litfl.com/heart-hq-pacemakers-and-syncope/	Heart HQ: Pacemakers and Syncope
https://litfl.com/paul-jules-tillaux/	Paul Tillaux
https://litfl.com/schamroth-sign/	Schamroth sign
https://litfl.com/comms-lab-listen/	Comms Lab: Listen
https://litfl.com/persevering-lessons-learned/	Persevering: Lessons learned
https://litfl.com/heart-hq-cardiac-risk/	Heart HQ: Cardiac Risk
https://litfl.com/abdominal-imaging-cases-020/	Abdominal Imaging Cases 020
https://litfl.com/persevering-life-support/	Persevering: ‘Life’ support
https://litfl.com/comms-lab-supercharge-productivity/	Comms Lab: Supercharge Productivity
https://litfl.com/mindfulness-a-short-history/	Mindfulness: a short history
https://litfl.com/harry-angelman/	Harry Angelman
https://litfl.com/v-ray-bennett/	V. Ray Bennett
https://litfl.com/shepherd-fracture/	Shepherd fracture
https://litfl.com/cedell-fracture/	Cedell fracture
https://litfl.com/heart-hq-hypertension/	Heart HQ: Hypertension
https://litfl.com/breaking-bad-news-to-patients-and-relatives/	Breaking Bad News to Patients and Relatives
https://litfl.com/urine-colour/	Urine Colour
https://litfl.com/ivan-whiteside-magill/	Ivan Magill
https://litfl.com/josef-jadassohn/	Josef Jadassohn
https://litfl.com/cpr-and-pregnancy/	CPR and Pregnancy
https://litfl.com/robert-willan/	Robert Willan
https://litfl.com/persevering-best-and-worst-year/	Persevering: Best and Worst Year
https://litfl.com/felix-lewandowsky/	Felix Lewandowsky
https://litfl.com/charles-j-aldrich/	Charles J. Aldrich
https://litfl.com/florence-r-sabin/	Florence R. Sabin
https://litfl.com/comms-lab-the-micro-skills/	Comms Lab: The Micro Skills
https://litfl.com/stevens-johnson-syndrome/	Stevens-Johnson syndrome
https://litfl.com/frank-chambliss-johnson/	Frank Johnson
https://litfl.com/albert-mason-stevens/	Albert Stevens
https://litfl.com/terrys-nails/	Terry’s Nails
https://litfl.com/heart-hq-happy-new-year/	Heart HQ: Happy New Year
https://litfl.com/tillaux-chaput-fracture-eponymictionary/	Tillaux fracture
https://litfl.com/john-l-lovibond/	John L. Lovibond
https://litfl.com/william-b-bean/	William B. Bean
https://litfl.com/osborn-wave-j-wave-ecg-library/	Osborn Wave (J Wave)
https://litfl.com/persevering-ultramarathon/	Persevering: Ultramarathon
https://litfl.com/comms-lab-feedback-that-sticks/	Comms Lab: Feedback that sticks
https://litfl.com/persevering-it-was-inconceivable/	Persevering: It was Inconceivable
https://litfl.com/mindfulness-covid-stillness/	Mindfulness: COVID stillness
https://litfl.com/persevering-sick-of-covid/	Persevering: Sick of COVID
https://litfl.com/spontaneous-coronary-artery-dissection-scad/	Spontaneous Coronary Artery Dissection (SCAD)
https://litfl.com/heart-hq-christmas-heart-fun-facts/	Heart HQ: Christmas Heart Fun Facts
https://litfl.com/funtabulously-frivolous-friday-five-343/	Merry Funtabulously Frivolous Friday Five 343
https://litfl.com/persevering-through-a-pandemic-trailer/	Persevering through a Pandemic
https://litfl.com/ralph-ger/	Ralph Ger
https://litfl.com/abdominal-imaging-cases-019/	Abdominal Imaging Cases 019
https://litfl.com/mastering-intensive-care-069-with-emma-ridley/	Mastering Intensive Care 069 with Emma Ridley
https://litfl.com/comms-lab-de-escalation-preparation/	Comms Lab: Preparation for De-escalation
https://litfl.com/mindfulness-the-right-frame/	Mindfulness: The right frame
https://litfl.com/making-life-and-work-fun/	Making life and work fun
https://litfl.com/hartmanns-solution/	Hartmann’s Solution
https://litfl.com/adult-cxr-cases-020/	Adult CXR Cases 020
https://litfl.com/comms-lab-the-good-intentions/	Comms Lab: Good Intentions
https://litfl.com/mindfulness-teacher-training/	Mindfulness: Teacher Training
https://litfl.com/heart-hq-diet-and-heart-health/	Heart HQ: Diet and Heart Health
https://litfl.com/serotonin-toxicity/	Serotonin toxicity
https://litfl.com/comms-lab-the-humble-signpost/	Comms Lab: The Humble Signpost
https://litfl.com/mindfulness-the-ocean/	Mindfulness: the Ocean
https://litfl.com/henning-ruben/	Henning Ruben
https://litfl.com/heart-hq-laa-closure/	Heart HQ: LAA Closure
https://litfl.com/willem-einthoven/	Willem Einthoven
https://litfl.com/comms-lab-the-commonest-mistake/	Comms Lab: The Commonest Mistake
https://litfl.com/edgar-alexander-pask/	Edgar Pask
https://litfl.com/mindfulness-mechanics/	Mindfulness: mechanics
https://litfl.com/comms-lab-getting-better/	Comms Lab: Getting Better
https://litfl.com/heart-hq-dapt-and-surgery/	Heart HQ: DAPT and surgery
https://litfl.com/robert-reynolds-macintosh/	Robert Reynolds Macintosh
https://litfl.com/comms-lab-explore-the-story/	Comms Lab: Explore the story
https://litfl.com/pediatric-ortho-cases-003/	Pediatric Ortho Cases 003
https://litfl.com/leo-schamroth/	Leo Schamroth
https://litfl.com/brian-sellick/	Brian Sellick
https://litfl.com/mindfulness-waiting-to-arise/	Mindfulness: Waiting to Arise
https://litfl.com/comms-lab-supportive-statements/	Comms Lab: Supportive Statements
https://litfl.com/heart-hq-takotsubo-cardiomyopathy/	Heart HQ: Takotsubo Cardiomyopathy
https://litfl.com/claude-schaeffer-beck/	Claude Beck
https://litfl.com/comms-lab-respect-praise-appreciation/	Comms Lab: Respect
https://litfl.com/mindfulness-signal-to-noise/	Mindfulness: Signal to Noise
https://litfl.com/comms-lab-understand-the-driver/	Comms Lab: Understand the Driver
https://litfl.com/abdominal-imaging-cases-018/	Abdominal Imaging Cases 018
https://litfl.com/joseph-guichard-duverney/	Joseph Guichard Duverney
https://litfl.com/godfrey-hounsfield/	Godfrey Hounsfield
https://litfl.com/mindfulness-imagination/	Mindfulness: imagination
https://litfl.com/comms-lab-name-the-emotion/	Comms Lab: Name the Emotion
https://litfl.com/alexis-frank-hartmann/	Alexis Hartmann
https://litfl.com/sydney-ringer/	Sydney Ringer
https://litfl.com/mindfulness-tools-for-transitions/	Mindfulness: tools for transitions
https://litfl.com/heart-hq-coronary-artery-anomalies/	Heart HQ: Coronary Artery Anomalies
https://litfl.com/comms-lab-structure/	Comms Lab: Structure
https://litfl.com/carl-gunnar-engstrom/	Carl-Gunnar Engström
https://litfl.com/comms-lab-the-strong-finish/	Comms Lab: The Strong Finish
https://litfl.com/pediatric-cxr-cases-023/	Pediatric CXR Cases 023
https://litfl.com/mindfulness-down-the-rabbit-hole/	Mindfulness: down the rabbit hole
https://litfl.com/ferdinand-sauerbruch/	Ferdinand Sauerbruch
https://litfl.com/guillaume-dupuytren/	Guillaume Dupuytren
https://litfl.com/heart-hq-aspirin-and-aortic-valves/	Heart HQ: Aspirin and Aortic Valves
https://litfl.com/mindfulness-does-it-really-work/	Mindfulness: does it really work?
https://litfl.com/comms-lab-the-good-start/	Comms Lab: The Good Start
https://litfl.com/comms-lab-de-escalation/	Comms Lab: De-escalation
https://litfl.com/philip-drinker/	Philip Drinker
https://litfl.com/adult-cxr-cases-019/	Adult CXR Cases 019
https://litfl.com/atrial-fibrillation-in-pre-excitation/	Atrial fibrillation/flutter in pre-excitation
https://litfl.com/comms-lab-reframing/	Comms Lab: Reframing
https://litfl.com/atrioventricular-re-entry-tachycardia-avrt/	Atrioventricular Re-entry Tachycardia (AVRT)
https://litfl.com/bier-block/	Bier Block
https://litfl.com/airway-breathing-mindfulness/	Mindfulness: Airway, Breathing…
https://litfl.com/john-haven-emerson/	John Haven Emerson
https://litfl.com/comms-lab-difficult-conversations/	Comms Lab: Difficult Conversations
https://litfl.com/covid-steroid-2-and-the-non-statistically-significant-result/	COVID STEROID 2 and the non-statistically significant result
https://litfl.com/simulation-for-trauma-team-training/	Simulation for Trauma Team Training
https://litfl.com/mindfulness-the-terminology-of-stress/	Mindfulness: the terminology of stress
https://litfl.com/heart-hq-gp-education/	Heart HQ: GP Education
https://litfl.com/heart-hq-hypertrophic-cardiomyopathy/	Heart HQ: Hypertrophic Cardiomyopathy
https://litfl.com/mindfulness-and-the-ed-doctor/	Mindfulness and the ED Doctor
https://litfl.com/great-ideas-in-healthcare/	Great ideas in healthcare
https://litfl.com/heart-hq-tavi/	Heart HQ: TAVI
https://litfl.com/the-stolen-case/	The Stolen Case
https://litfl.com/de-winter-t-wave/	De Winter T Wave
https://litfl.com/heart-hq-valve-in-valve-tavi/	Heart HQ: Valve-in-Valve TAVI
https://litfl.com/wayback-25-years-ago/	WayBack – 25 years ago
https://litfl.com/peter-kerley/	Peter Kerley
https://litfl.com/debrief-resuscitative-hysterotomy/	Debrief: Resuscitative Hysterotomy
https://litfl.com/resuscitative-hysterotomy/	Simulation: Resuscitative Hysterotomy
https://litfl.com/serotonin-syndrome-ccc/	Serotonin Syndrome
https://litfl.com/henry-janeway/	Henry Janeway
https://litfl.com/heart-hq-wpw-and-myocarditis/	Heart HQ: WPW and Myocarditis
https://litfl.com/karel-rokitansky/	Karel Rokitansky
https://litfl.com/nerve-block-app/	Nerve Block App
https://litfl.com/robbert-de-winter/	Robbert de Winter
https://litfl.com/pediatric-ortho-cases-002/	Pediatric Ortho Cases 002
https://litfl.com/heart-hq-coronary-artery-calcium/	Heart HQ: Coronary Artery Calcium
https://litfl.com/killer-ecg-patterns-part-1/	Killer ECG Patterns: Part 1
https://litfl.com/clinical-debriefing/	Clinical debriefing
https://litfl.com/ernst-morch/	Ernst Mørch
https://litfl.com/psychological-safety-and-simulation/	Psychological Safety and Simulation
https://litfl.com/abdominal-imaging-cases-017/	Abdominal Imaging Cases 017
https://litfl.com/forrest-bird/	Forrest Bird
https://litfl.com/caspofungin/	Caspofungin
https://litfl.com/voriconazole/	Voriconazole
https://litfl.com/emergency-procedures-app/	Emergency Procedures
https://litfl.com/jacob-blumberg/	Jacob Moritz Blumberg
https://litfl.com/blumberg-sign/	Blumberg sign
https://litfl.com/fluconazole/	Fluconazole
https://litfl.com/fungi/	Fungi and Anti-fungal Agents
https://litfl.com/baricitinib/	Baricitinib
https://litfl.com/amphotericin-b/	Amphotericin B (conventional and liposomal)
https://litfl.com/how-to-be-a-falcon/	How to be a FALCON
https://litfl.com/tocilizumab/	Tocilizumab
https://litfl.com/pediatric-cxr-cases-022/	Pediatric CXR Cases 022
https://litfl.com/ivermectin/	Ivermectin
https://litfl.com/remdesivir/	Remdesivir
https://litfl.com/surviving-massive-burns/	Surviving massive Burns
https://litfl.com/battlefield-surgery/	Battlefield Surgery
https://litfl.com/alban-koehler/	Alban Köhler
https://litfl.com/a-cardiothoracic-conundrum/	A Cardiothoracic Conundrum
https://litfl.com/erector-spinae-plane-block/	Erector Spinae Plane Block
https://litfl.com/adult-cxr-cases-018/	Adult CXR Cases 018
https://litfl.com/branham-sign/	Branham sign
https://litfl.com/serratus-anterior-plane-block/	Serratus Anterior Plane Block
https://litfl.com/pediatric-ortho-cases-001/	Pediatric Ortho Cases 001
https://litfl.com/severe-asthma-management/	Severe asthma management
https://litfl.com/harris-branham/	Harris Branham
https://litfl.com/bezold-jarisch-reflex/	Bezold–Jarisch reflex
https://litfl.com/cognitive-aids-in-healthcare/	Cognitive Aids in Healthcare
https://litfl.com/george-fell/	George Fell
https://litfl.com/surviving-trauma-rsi/	Surviving Trauma RSI
https://litfl.com/rudolph-matas/	Rudolph Matas
https://litfl.com/joseph-odwyer/	Joseph O’Dwyer
https://litfl.com/adrenaline-in-cardiac-arrest/	Adrenaline in cardiac arrest
https://litfl.com/missing-the-low-hanging-fruit/	Missing the low hanging fruit
https://litfl.com/dmnb-pocus-club/	DMNB PoCUS Club
https://litfl.com/john-h-blease/	John H. Blease
https://litfl.com/code-crimson/	Code Crimson
https://litfl.com/john-t-bowen/	John T. Bowen
https://litfl.com/jacques-lisfranc/	Jacques Lisfranc
https://litfl.com/asking-questions-delivering-answers/	Asking Questions – Delivering Answers
https://litfl.com/rare-life-threatening-emergencies/	Rare Life-Threatening Emergencies
https://litfl.com/james-israel/	James Israel
https://litfl.com/bernard-raymond-fink/	B. Raymond Fink
https://litfl.com/j-s-dunbar/	J.S. Dunbar
https://litfl.com/surviving-the-aftermath-of-ecmo/	Surviving the Aftermath of ECMO
https://litfl.com/paediatric-virtual-reality/	Paediatric virtual reality
https://litfl.com/rebel-vs-skeptic/	REBEL vs SKEPTIC
https://litfl.com/gordon-jackson-rees/	Gordon Jackson Rees
https://litfl.com/wallenberg-syndrome/	Wallenberg Syndrome
https://litfl.com/thriving-after-critical-illness/	Thriving after critical illness
https://litfl.com/prehospital-care-lessons-for-life/	Prehospital care: lessons for life
https://litfl.com/charles-aston-key/	Charles Aston Key
https://litfl.com/good-sam-2-0/	Good Sam 2.0
https://litfl.com/danis-weber-classification/	Danis-Weber classification
https://litfl.com/feminphem/	FEMinPHEM
https://litfl.com/maisonneuve-fracture/	Maisonneuve Fracture
https://litfl.com/paramedicine-beyond-2020/	Paramedicine: beyond 2020
https://litfl.com/robert-danis/	Robert Danis
https://litfl.com/straight-up/	Straight up
https://litfl.com/jacques-gilles-maisonneuve/	Jacques Gilles Maisonneuve
https://litfl.com/appendicitis/	Appendicitis
https://litfl.com/translating-smaccforce-into-practice/	Translating SMACCFORCE into practice
https://litfl.com/neurological-rehabilitation/	Neurological rehabilitation
https://litfl.com/ferdinando-gianotti/	Ferdinando Gianotti
https://litfl.com/agostino-crosti/	Agostino Crosti
https://litfl.com/building-21st-century-simulation/	Building 21st Century Simulation
https://litfl.com/roger-edward-wentworth-manley/	Roger Manley
https://litfl.com/george-bushar-markle-iv/	George B. Markle IV
https://litfl.com/neuro-complications-of-ivdu/	Neuro complications of IVDU
https://litfl.com/signs-of-neurological-badness/	Signs of neurological badness
https://litfl.com/james-f-brailsford/	James F. Brailsford
https://litfl.com/selecting-prehospital-clinicians/	Selecting prehospital clinicians
https://litfl.com/the-future-of-prehospital-care/	The future of prehospital care
https://litfl.com/pediatric-cxr-cases-021/	Pediatric CXR Cases 021
https://litfl.com/critical-care-ultrasound/	Critical care ultrasound
https://litfl.com/luis-morquio/	Luís Morquio
https://litfl.com/mapleson-circuit-system/	Mapleson Circuit
https://litfl.com/retrieval-medicine-in-chile/	Retrieval medicine in Chile
https://litfl.com/william-mapleson/	William Mapleson
https://litfl.com/pacific-island-playlist-the-power-of-foamed/	Pacific Island Playlist: The power of FOAMed
https://litfl.com/ultrasound-in-the-field-2/	Ultrasound in the field
https://litfl.com/virtual-healthcare/	Virtual Healthcare
https://litfl.com/adult-cxr-cases-017/	Adult CXR Cases 017
https://litfl.com/prehospital-care-in-africa/	Prehospital Care in Africa
https://litfl.com/storytelling-in-medicine/	Storytelling in medicine
https://litfl.com/accessible-healthcare-systems/	Accessible healthcare systems
https://litfl.com/henry-silvester/	Henry Silvester
https://litfl.com/what-is-accessible-healthcare/	What is accessible healthcare?
https://litfl.com/edward-moore/	Edward Moore
https://litfl.com/embracing-accessibility/	Embracing Accessibility
https://litfl.com/abdominal-imaging-cases-016/	Abdominal Imaging Cases 016
https://litfl.com/accessibility-and-inclusion-in-healthcare/	Accessibility and inclusion in healthcare
https://litfl.com/the-impact-of-the-climate-crisis/	The impact of the climate crisis
https://litfl.com/your-super-matters/	Your Super matters
https://litfl.com/lelli-test/	Lelli Test
https://litfl.com/the-nhs-and-net-zero-emissions/	The NHS and net-zero emissions
https://litfl.com/alessandro-lelli/	Alessandro Lelli
https://litfl.com/the-financial-market-emergency/	The Financial Market Emergency
https://litfl.com/advances-in-ultrasound-tech/	Advances in ultrasound tech
https://litfl.com/tomorrows-medicine-today/	Tomorrow’s Medicine Today
https://litfl.com/john-englebert-dunphy/	J. Englebert Dunphy
https://litfl.com/paediatric-ecg-basics/	Paediatric ECG Basics
https://litfl.com/niels-thorkild-rovsing/	Niels Thorkild Rovsing
https://litfl.com/henry-edmund-gaskin-boyle/	Henry Edmund Gaskin Boyle
https://litfl.com/life-on-the-ground-floor/	Life on the Ground Floor
https://litfl.com/james-bain/	James Bain
https://litfl.com/uncertainty-at-the-centre-of-sepsis/	Uncertainty at the centre of sepsis
https://litfl.com/productivity-tips-for-healthcare/	Productivity Tips for Healthcare
https://litfl.com/burnout-in-healthcare/	Burnout in healthcare
https://litfl.com/eponymous-foot-injuries/	Eponymous foot injuries
https://litfl.com/entrepreneurs-in-medicine/	Entrepreneurs in Medicine
https://litfl.com/ecg-lead-positioning/	ECG Lead positioning
https://litfl.com/pediatric-cxr-cases-020/	Pediatric CXR Cases 020
https://litfl.com/volkovich-kocher-sign/	Nikolay Volkovich
https://litfl.com/brain-surgery-in-the-outback/	Brain Surgery in the Outback
https://litfl.com/nikolai-ivanovich-pirogov/	Nikolai Ivanovich Pirogov
https://litfl.com/abdominal-imaging-cases-015/	Abdominal Imaging Cases 015
https://litfl.com/in-memoriam-dr-david-f-cadogan/	In memoriam: Dr David F. Cadogan
https://litfl.com/fast-hugs-in-bed-please/	FAST HUGS IN BED Please!
https://litfl.com/curiosity-in-medicine/	Curiosity in medicine
https://litfl.com/improving-primary-healthcare/	Improving Primary healthcare
https://litfl.com/dmitry-alekseyevich-arapov/	Dmitry Arapov
https://litfl.com/penetrating-neurotrauma/	Penetrating Neurotrauma
https://litfl.com/markle-sign/	Markle Sign
https://litfl.com/wilhelm-von-waldeyer-hartz/	Wilhelm von Waldeyer-Hartz
https://litfl.com/common-paediatric-arrhyhtmias/	Common paediatric arrhythmias
https://litfl.com/paediatric-ecg-stepwise-approach/	Paediatric ECG: Stepwise approach
https://litfl.com/paediatric-ecg-lead-placement/	Paediatric ECG lead placement
https://litfl.com/normal-paediatric-ecg/	Normal paediatric ECG
https://litfl.com/vladimir-mikhailovich-voskresensky/	Vladimir Mikhailovich Voskresensky
https://litfl.com/common-trauma-radiology-misses/	Common Trauma Radiology Misses
https://litfl.com/public-health-response-to-the-covid-19-pandemic/	Public health response to the COVID-19 pandemic
https://litfl.com/takotsubo-cardiomyopathy-ecg-library/	Takotsubo Cardiomyopathy
https://litfl.com/learning-and-culture-in-healthcare/	Learning and Culture in Healthcare
https://litfl.com/medical-misinformation-and-conspiracy/	Medical misinformation and conspiracy
https://litfl.com/johann-heinrich-drager/	Johann Dräger
https://litfl.com/archie-brain/	Archie Brain
https://litfl.com/hypokalaemia-ecg-library/	Hypokalaemia
https://litfl.com/the-pandemic-in-resource-poor-settings/	The pandemic in resource-poor settings
https://litfl.com/adult-cxr-cases-016/	Adult CXR Cases 016
https://litfl.com/anthony-bassler/	Anthony Bassler
https://litfl.com/kounis-syndrome/	Kounis Syndrome
https://litfl.com/action-on-medical-misinformation/	Action on medical misinformation
https://litfl.com/psychology-of-trauma-care/	Psychology of trauma care
https://litfl.com/gosselin-fracture/	Gosselin Fracture
https://litfl.com/leon-athanase-gosselin/	Léon Gosselin
https://litfl.com/panel-discussion-qanda/	Panel discussion QANDA
https://litfl.com/das-medal/	Macewen medal
https://litfl.com/john-robert-lehane/	John Lehane
https://litfl.com/blue-rubber-bleb-nevus-syndrome/	Blue rubber bleb nevus syndrome
https://litfl.com/st-depression-does-not-localise/	ST depression does not localise
https://litfl.com/ronald-sidney-cormack/	Ronald Cormack
https://litfl.com/pacific-island-playlist-mental-health/	Pacific Island Playlist: Mental Health
https://litfl.com/benign-paroxysmal-positional-vertigo/	Benign paroxysmal positional vertigo
https://litfl.com/james-syme/	James Syme
https://litfl.com/vaccination-hesitancy/	Vaccination Hesitancy
https://litfl.com/pediatric-cxr-cases-019/	Pediatric CXR Cases 019
https://litfl.com/responding-to-the-stress/	Responding to the stress
https://litfl.com/developing-visual-expertise-in-ecg-interpretation/	Developing Visual Expertise in ECG Interpretation
https://litfl.com/learning-and-teaching/	Learning and Teaching
https://litfl.com/william-ewart/	William Ewart
https://litfl.com/ernst-fuchs/	Ernst Fuchs
https://litfl.com/bassler-sign/	Bassler Sign
https://litfl.com/michele-landolfi/	Michele Landolfi
https://litfl.com/pre-excitation-syndromes-ecg-library/	Pre-excitation syndromes
https://litfl.com/adult-cxr-cases-015/	Adult CXR Cases 015
https://litfl.com/leland-g-hawkins/	Leland G. Hawkins
https://litfl.com/selective-aortic-arch-perfusion-2/	Selective Aortic Arch Perfusion
https://litfl.com/sitkovskiy-sign/	Piotr Porfiryevich Sitkovskiy
https://litfl.com/abdominal-imaging-cases-014/	Abdominal Imaging Cases 014
https://litfl.com/massouh-sign/	Massouh sign
https://litfl.com/covid-19-five-valuable-lessons/	COVID-19: Five valuable lessons
https://litfl.com/canadian-medical-emergency-response-team/	Canadian Medical Emergency Response Team
https://litfl.com/ultrasound-for-lumbar-puncture/	Ultrasound for LP
https://litfl.com/preparing-for-the-unknown/	Preparing for the unknown
https://litfl.com/stand-up-for-prehospital-medicine/	Stand up for Prehospital medicine
https://litfl.com/tca-overdose-beyond-bicarbonate/	TCA overdose – beyond bicarbonate
https://litfl.com/cardiac-transplant/	Cardiac transplant
https://litfl.com/ultrasound-in-trauma/	Ultrasound in Trauma
https://litfl.com/vanpocus-21-virtual-ultrasound-conference/	VanPOCUS 21 virtual Ultrasound Conference
https://litfl.com/frank-wilson/	Frank Wilson
https://litfl.com/paediatirc-trauma-resuscitation/	Paediatric trauma resuscitation
https://litfl.com/neuro-research/	Neuro Research
https://litfl.com/thomas-geoffrey-barlow/	Thomas Barlow
https://litfl.com/left-anterior-fascicular-block-lafb-ecg-library/	Left Anterior Fascicular Block (LAFB)
https://litfl.com/cardiac-arrest-flow/	Cardiac Arrest flow
https://litfl.com/change-in-pharm/	Change in PHARM
https://litfl.com/marino-ortolani/	Marino Ortolani
https://litfl.com/hypothermia-and-varices/	Hypothermia and varices
https://litfl.com/rage-podcast-resuscitology-bleeding-patients/	RAGE Podcast – Resuscitology: Bleeding Patients
https://litfl.com/sherren-triangle/	Sherren triangle
https://litfl.com/left-posterior-fascicular-block-lpfb-ecg-library/	Left Posterior Fascicular Block (LPFB)
https://litfl.com/atacc-simulation/	ATACC Simulation
https://litfl.com/hawkins-classification/	Hawkins classification
https://litfl.com/right-ventricular-outflow-tract-rvot-tachycardia/	Right Ventricular Outflow Tract Tachycardia
https://litfl.com/hypomagnesaemia-ecg-library/	Hypomagnesaemia
https://litfl.com/osgood-schlatter-disease/	Osgood-Schlatter disease
https://litfl.com/decompressive-craniectomy-2/	Decompressive Craniectomy
https://litfl.com/pelligrini-stieda-lesion/	Pelligrini-Stieda lesion
https://litfl.com/northern-ireland-hems/	Northern Ireland HEMS
https://litfl.com/cardiac-arrest-system/	Cardiac arrest system
https://litfl.com/francois-chopart/	François Chopart
https://litfl.com/regional-nerve-block/	Regional Nerve Block
https://litfl.com/being-more-than-a-bystander/	Being More Than A Bystander
https://litfl.com/the-men-who-stare-at-goats-and-big-boar/	The men who stare at goats (and big boar)
https://litfl.com/right-ventricular-function-and-haemodynamic-assessment-echocardiography/	Right Ventricular Function and Echo
https://litfl.com/masquerading-bundle-branch-block-mbbb/	Masquerading Bundle Branch Block (MBBB)
https://litfl.com/james-ewing/	James Ewing
https://litfl.com/frank-eve/	Frank Eve
https://litfl.com/edward-sharpey-schafer/	Edward Sharpey-Schafer
https://litfl.com/pocus-physics-4/	POCUS Physics 4
https://litfl.com/bundgaard-syndrome/	Bundgaard syndrome
https://litfl.com/le-syndrome-dhaissaguerre/	“Benign” Early Repolarization Misnomer
https://litfl.com/konrad-weiss/	Konrad Weiss
https://litfl.com/aslanger-pattern/	Aslanger Pattern: Another OMI?
https://litfl.com/abdominal-imaging-cases-013/	Abdominal Imaging Cases 013
https://litfl.com/friedrich-arnold/	Friedrich Arnold
https://litfl.com/grisel-syndrome/	Grisel Syndrome
https://litfl.com/pierre-grisel/	Pierre Grisel
https://litfl.com/wilhelm-frederick-von-ludwig/	Wilhelm Frederick von Ludwig
https://litfl.com/adult-cxr-cases-014/	Adult CXR Cases 014
https://litfl.com/harvey-cushing/	Harvey Cushing
https://litfl.com/brash-syndrome/	BRASH syndrome
https://litfl.com/pediatric-cxr-cases-018/	Pediatric CXR Cases 018
https://litfl.com/portuguese-foamed/	Portuguese FOAMed
https://litfl.com/climate-emergency-actions/	Climate Emergency Actions
https://litfl.com/menieres-disease/	Menière’s disease
https://litfl.com/sustainable-healthcare/	Sustainable Healthcare
https://litfl.com/robert-barany/	Róbert Bárány
https://litfl.com/trifascicular-block-ecg-library/	Trifascicular Block
https://litfl.com/climate-emergency-social-injustice-and-inequity/	Climate Emergency, social injustice and inequity
https://litfl.com/ecg-axis-interpretation/	ECG Axis Interpretation
https://litfl.com/innovative-educationalists/	Innovative educationalists
https://litfl.com/helene-ollendorff/	Helene Ollendorff
https://litfl.com/ernest-septimus-reynolds/	Ernest S. Reynolds
https://litfl.com/the-climate-emergency/	The Climate Emergency
https://litfl.com/engaging-with-government/	Engaging with government
https://litfl.com/dressler-beat/	Dressler beat
https://litfl.com/left-bundle-branch-block-lbbb-ecg-library/	Left Bundle Branch Block (LBBB)
https://litfl.com/reactive-arthritis/	Reactive arthritis
https://litfl.com/ludwig-angina/	Ludwig angina
https://litfl.com/max-hamilton/	Max Hamilton
https://litfl.com/spodick-sign/	Spodick sign
https://litfl.com/david-spodick/	David Spodick
https://litfl.com/carl-foerster/	Carl Foerster
https://litfl.com/forster-fuchs-spot/	Förster-Fuchs Spot
https://litfl.com/fuchs-uveitis/	Fuchs uveitis
https://litfl.com/fuchs-corneal-dystrophy/	Fuchs corneal dystrophy
https://litfl.com/omi-replacing-the-stemi-misnomer/	OMI: Replacing the STEMI misnomer
https://litfl.com/frank-j-murphy/	Frank J. Murphy
https://litfl.com/right-bundle-branch-block-rbbb-ecg-library/	Right Bundle Branch Block (RBBB)
https://litfl.com/vt-versus-svt-ecg-library/	VT versus SVT
https://litfl.com/covid-19-a-personal-perspective/	COVID-19 a personal perspective
https://litfl.com/weil-disease/	Weil disease
https://litfl.com/merry-funtabulously-frivolous-friday-five-330/	Merry Funtabulously Frivolous Friday Five 330
https://litfl.com/communication-and-shared-decision-making/	Communication and shared decision making
https://litfl.com/thinking-beyond-bleeding/	Thinking Beyond Bleeding
https://litfl.com/12-days-of-christmas-in-emergency/	12 Days of Christmas in emergency
https://litfl.com/the-time-for-ultrasound-is-now/	The Time for Ultrasound is Now
https://litfl.com/abdominal-imaging-cases-012/	Abdominal Imaging Cases 012
https://litfl.com/covid-19-global-intensive-care-effort/	COVID-19 Global Intensive Care Effort
https://litfl.com/nailing-the-paediatric-lumbar-puncture/	Nailing the paediatric Lumbar Puncture
https://litfl.com/covid-19-patient-experience/	COVID-19 patient experience
https://litfl.com/ultrasound-in-cardiac-arrest/	Ultrasound in Cardiac Arrest
https://litfl.com/gaming-your-way-to-sono-leadership/	Gaming your way to Sono Leadership
https://litfl.com/multimodal-monitoring/	Multimodal monitoring
https://litfl.com/adult-cxr-cases-013/	Adult CXR Cases 013
https://litfl.com/inappropriate-sinus-tachycardia-ecg-library/	Inappropriate Sinus Tachycardia (IST)
https://litfl.com/start-up-lessons/	Start up lessons
https://litfl.com/samuel-albert-levine/	Samuel A. Levine
https://litfl.com/brain-cooling-who-and-how/	Brain Cooling – who and how?
https://litfl.com/prognosis-and-palliation-in-tbi/	Prognosis and Palliation in TBI
https://litfl.com/pediatric-cxr-cases-017/	Pediatric CXR Cases 017
https://litfl.com/public-interest-journalism/	Public interest journalism
https://litfl.com/evidence-based-agility/	Evidence Based Agility
https://litfl.com/foamed-resources-spanish/	FOAMed Resources: Spanish
https://litfl.com/artificial-intelligence-and-indigenous-cultures/	Artificial Intelligence and Indigenous cultures
https://litfl.com/bifascicular-block-ecg-library/	Bifascicular Block
https://litfl.com/deep-learning/	Deep Learning
https://litfl.com/epsilon-wave-ecg-library/	Epsilon Wave
https://litfl.com/avnrt-for-two/	AVNRT for two
https://litfl.com/lethal-and-insidious/	Lethal and insidious
https://litfl.com/mild-tbi-and-concussion/	Mild TBI and Concussion
https://litfl.com/ultrasound-in-the-field/	Ultrasound in the Field
https://litfl.com/icp-threshold-debate/	ICP Threshold Debate
https://litfl.com/patients-at-the-end-of-life/	Patients at the end of life
https://litfl.com/foamed-resources-french/	FOAMed Resources: French
https://litfl.com/wake-up-thrombolysis/	Wake up Thrombolysis
https://litfl.com/carl-wunderlich/	Carl Wunderlich
https://litfl.com/adult-cxr-cases-012/	Adult CXR Cases 012
https://litfl.com/in-the-eye-of-the-storm/	In the eye of the storm
https://litfl.com/legg-calve-perthes-disease/	Legg-Calvé-Perthes disease
https://litfl.com/old-brain-new-tricks/	Old Brain, New tricks
https://litfl.com/eduardo-tolosa/	Eduardo Tolosa
https://litfl.com/abdominal-imaging-cases-026/	Abdominal Imaging Cases 026
https://litfl.com/first-degree-heart-block-ecg-library/	First Degree Heart Block
https://litfl.com/traffic-light-urine/	Traffic light urine
https://litfl.com/psychology-creativity/	Psychological creativity
https://litfl.com/barton-fracture/	Barton fracture
https://litfl.com/mueller-weiss-syndrome/	Mueller–Weiss disease
https://litfl.com/childhood-trauma/	Childhood trauma
https://litfl.com/joseph-francois-malgaigne/	Joseph François Malgaigne
https://litfl.com/osteopoikilosis/	Osteopoikilosis
https://litfl.com/pediatric-cxr-cases-016/	Pediatric CXR Cases 016
https://litfl.com/negotiating-autonomy-at-the-point-of-care/	Negotiating Autonomy at the Point of Care
https://litfl.com/adolf-wallenberg/	Adolf Wallenberg
https://litfl.com/wilhelm-rontgen/	Wilhelm Röntgen
https://litfl.com/marie-colinet/	Marie Colinet
https://litfl.com/simmonds-thompson-test/	Simmonds-Thompson Test
https://litfl.com/cullen-sign/	Cullen sign
https://litfl.com/targeted-temperature-management/	Targeted Temperature Management
https://litfl.com/opioids-in-the-emergency-department/	Opioids in the Emergency Department
https://litfl.com/hill-sachs-lesion/	Hill-Sachs defect
https://litfl.com/scared-of-paediatrics/	Scared of paediatrics?
https://litfl.com/bado-classification/	Bado Classification
https://litfl.com/book-review-signs-of-life/	Book Review. Signs of Life
https://litfl.com/lilly-dubowitz/	Lilly Dubowitz
https://litfl.com/priscilla-white/	Priscilla White
https://litfl.com/john-rhea-barton/	John Barton
https://litfl.com/transforming-care-by-minimising-harm/	Transforming care by minimising harm
https://litfl.com/arthur-ernest-guedel/	Arthur Ernest Guedel
https://litfl.com/malgaigne-fracture/	Malgaigne Fracture
https://litfl.com/the-great-fluid-debate/	The Great Fluid Debate
https://litfl.com/thomas-philip-ayre/	T. Philip Ayre
https://litfl.com/usual-care-in-sepsis/	Usual care in sepsis
https://litfl.com/harold-arthur-hill/	Harold Arthur Hill
https://litfl.com/interprofessional-conflict/	Interprofessional conflict
https://litfl.com/history-of-the-pulmonary-artery-catheter/	History of the Pulmonary Artery Catheter
https://litfl.com/liver-life/	Live(r) Life
https://litfl.com/dickinson-w-richards/	Dickinson W. Richards
https://litfl.com/werner-forssmann/	Werner Forssmann
https://litfl.com/nancy-b-esterly/	Nancy B. Esterly
https://litfl.com/docks-murmur/	Dock’s murmur
https://litfl.com/head-ct-evaluation/	Head CT evaluation
https://litfl.com/william-dock/	William Dock
https://litfl.com/large-scale-trials-in-intensive-care/	Large-scale trials in intensive care
https://litfl.com/pirkko-santavuori/	Pirkko Santavuori
https://litfl.com/how-to-team/	How to team
https://litfl.com/abdominal-imaging-cases-011/	Abdominal Imaging Cases 011
https://litfl.com/julia-bell/	Julia Bell
https://litfl.com/paracetamol-update/	Paracetamol Update
https://litfl.com/ingrid-gamstorp/	Ingrid Gamstorp
https://litfl.com/charlotte-dravet/	Charlotte Dravet
https://litfl.com/grey-turner-sign/	Grey Turner sign
https://litfl.com/george-grey-turner/	George Grey Turner
https://litfl.com/pediatric-cxr-cases-015/	Pediatric CXR Cases 015
https://litfl.com/kristine-bonnevie/	Kristine Bonnevie
https://litfl.com/carl-schlatter/	Carl B. Schlatter
https://litfl.com/robert-bayley-osgood/	Robert Osgood
https://litfl.com/jones-fracture/	Jones Fracture
https://litfl.com/robert-jones/	Robert Jones
https://litfl.com/adult-cxr-cases-011/	Adult CXR Cases 011
https://litfl.com/gertrud-schachenmann/	Gertrud Schachenmann
https://litfl.com/renzo-corno/	Renzo Corno
https://litfl.com/maurice-david-sachs/	Maurice David Sachs
https://litfl.com/louis-nelson-katz/	Louis Nelson Katz
https://litfl.com/denise-louis-bar/	Denise Louis-Bar
https://litfl.com/foxs-sign/	Fox’s sign
https://litfl.com/john-adrian-fox/	John A. Fox
https://litfl.com/r-wave-peak-time-rwpt-ecg-library/	R Wave Peak Time RWPT
https://litfl.com/chopart-fracture-dislocation/	Chopart fracture dislocation
https://litfl.com/st-segment-ecg-library/	The ST Segment
https://litfl.com/lisa-welander/	Lisa Welander
https://litfl.com/ultrasound-guided-peripheral-venous-access/	Ultrasound Guided Peripheral Venous Access
https://litfl.com/stabler-sign/	Stabler Sign
https://litfl.com/francis-edward-stabler/	Francis Edward Stabler
https://litfl.com/edith-louise-potter/	Edith Potter
https://litfl.com/emil-pins/	Emil Pins
https://litfl.com/what-does-hate-look-like/	Racism within healthcare
https://litfl.com/maud-menten/	Maud Menten
https://litfl.com/legacy-of-white-supremacy/	What is the legacy of our eurocentric system?
https://litfl.com/margaret-horan/	Margaret B. Horan
https://litfl.com/exacerbation-of-existing-gender-inequality/	Exacerbation of existing gender inequality
https://litfl.com/gabrielle-levy/	Gabrielle Lévy
https://litfl.com/gender-inequity-in-healthcare/	Gender inequity in healthcare
https://litfl.com/gerty-cori/	Gerty Cori
https://litfl.com/lets-be-safe-every-day/	Let’s be Safe Every Day
https://litfl.com/maria-dabska/	Maria Dąbska
https://litfl.com/cato-van-lohuizen/	Cato van Lohuizen
https://litfl.com/adult-cxr-cases-010/	Adult CXR Cases 010
https://litfl.com/misplacement-of-v1-and-v2/	Misplacement of V1 and V2
https://litfl.com/dorothy-reed/	Dorothy Reed
https://litfl.com/mette-warburg/	Mette Warburg
https://litfl.com/skin-deep-dermatology-resource/	Skin Deep dermatology resource
https://litfl.com/ruth-wynne-davies/	Ruth Wynne-Davies
https://litfl.com/maude-abbott/	Maude Abbott
https://litfl.com/tee-essentials-making-sense-of-the-views/	TEE Essentials: making sense of the views
https://litfl.com/rivero-carvallo-sign/	Rivero-Carvallo sign
https://litfl.com/jose-manuel-rivero-carvallo/	José Manuel Rivero-Carvallo
https://litfl.com/emma-call/	Emma Call
https://litfl.com/pandemic-sepsis-and-inequality/	Pandemic Sepsis and Inequality
https://litfl.com/boxers-fracture/	Boxer’s fracture
https://litfl.com/marie-boivin/	Marie Boivin
https://litfl.com/covid19-and-sepsis-syndromes/	Covid19 and Sepsis Syndromes
https://litfl.com/antimicrobial-resistance-in-covid-19/	Antimicrobial Resistance in COVID-19
https://litfl.com/ecg-in-toxicology/	ECG in Toxicology
https://litfl.com/pandemic-sepsis-research/	Pandemic Sepsis Research
https://litfl.com/winifred-ashby/	Winifred Ashby
https://litfl.com/construction-workers-cough-or-surfers-surprise/	Construction workers cough or surfers surprise?
https://litfl.com/matilda-nelson/	Matilda Nelson
https://litfl.com/abdominal-imaging-cases-010/	Abdominal Imaging Cases 010
https://litfl.com/cicely-williams/	Cicely Williams
https://litfl.com/ella-h-oppenheimer/	Ella H. Oppenheimer
https://litfl.com/judith-g-hall/	Judith G. Hall
https://litfl.com/henry-hill-hickman/	Henry Hill Hickman
https://litfl.com/margaret-d-baber/	Margaret D. Baber
https://litfl.com/ester-gronblad/	Ester Grönblad
https://litfl.com/jean-pierre-marie-flourens/	Pierre Flourens
https://litfl.com/pediatric-cxr-cases-014/	Pediatric CXR Cases 014
https://litfl.com/adult-cxr-cases-009/	Adult CXR Cases 009
https://litfl.com/adult-cxr-cases-008/	Adult CXR Cases 008
https://litfl.com/adolf-weil/	Adolf Weil
https://litfl.com/gladys-dick/	Gladys Dick
https://litfl.com/karel-frederik-wenckebach/	Karel Wenckebach
https://litfl.com/luigi-luciani/	Luigi Luciani
https://litfl.com/wellens-syndrome-ecg-library/	Wellens Syndrome
https://litfl.com/ventricular-fibrillation-vf-ecg-library/	Ventricular Fibrillation (VF)
https://litfl.com/short-qt-syndrome-ecg-library/	Short QT Syndrome
https://litfl.com/right-axis-deviation-rad-ecg-library/	Right Axis Deviation (RAD)
https://litfl.com/ecg-changes-in-pulmonary-embolism/	ECG changes in Pulmonary Embolism
https://litfl.com/premature-ventricular-complex-pvc-ecg-library/	Premature Ventricular Complex (PVC)
https://litfl.com/posterior-myocardial-infarction-ecg-library/	Posterior Myocardial Infarction
https://litfl.com/polymorphic-vt-and-torsades-de-pointes-tdp/	Polymorphic VT and Torsades de Pointes (TdP)
https://litfl.com/pericarditis-ecg-library/	Pericarditis
https://litfl.com/myocardial-ischaemia-ecg-library/	Myocardial Ischaemia
https://litfl.com/multifocal-atrial-tachycardia-mat-ecg-library/	Multifocal Atrial Tachycardia (MAT)
https://litfl.com/low-qrs-voltage-ecg-library/	Low QRS Voltage
https://litfl.com/st-elevation-in-avr/	ST Elevation in aVR
https://litfl.com/sgarbossa-criteria-ecg-library/	Sgarbossa Criteria
https://litfl.com/left-axis-deviation-lad-ecg-library/	Left Axis Deviation (LAD)
https://litfl.com/drugs-causing-qt-prolongation/	Drugs Causing QT Prolongation
https://litfl.com/premature-junctional-complex-pjc/	Premature Junctional Complex (PJC)
https://litfl.com/intraventricular-conduction-delay-qrs-widening/	Intraventricular Conduction Delay (QRS widening)
https://litfl.com/supraventricular-tachycardia-svt-ecg-library/	Supraventricular Tachycardia (SVT)
https://litfl.com/idiopathic-fascicular-left-ventricular-tachycardia/	Idiopathic Fascicular Left Ventricular Tachycardia
https://litfl.com/ecg-findings-in-massive-pericardial-effusion/	ECG Findings in Massive Pericardial Effusion
https://litfl.com/av-block-2nd-degree-fixed-ratio-blocks/	AV block: 2nd degree, “fixed ratio” blocks
https://litfl.com/av-block-2nd-degree-high-grade-av-block/	AV block: 2nd degree, “high-grade” AV block
https://litfl.com/av-block-2nd-degree-mobitz-ii-hay-block/	AV Block: 2nd degree, Mobitz II (Hay block)
https://litfl.com/av-block-2nd-degree-mobitz-i-wenckebach-phenomenon/	AV Block: 2nd degree, Mobitz I (Wenckebach Phenomenon)
https://litfl.com/atrial-tachycardia-ecg-library/	Focal Atrial Tachycardia (FAT)
https://litfl.com/premature-atrial-complex-pac/	Premature Atrial Complex (PAC)
https://litfl.com/arrhythmogenic-right-ventricular-dysplasia-arvd/	Arrhythmogenic Right Ventricular Dysplasia (ARVD)
https://litfl.com/anterior-myocardial-infarction-ecg-library/	Anterior Myocardial Infarction
https://litfl.com/accelerated-junctional-rhythm-ajr/	Accelerated Junctional Rhythm (AJR)
https://litfl.com/accelerated-idioventricular-rhythm-aivr/	Accelerated Idioventricular Rhythm (AIVR)
https://litfl.com/ecg-differential-diagnosis-ecg-library/	ECG Differential Diagnosis
https://litfl.com/ecg-conduction-block-ecg-library/	ECG Conduction Blocks
https://litfl.com/biatrial-enlargement-ecg-library/	Biatrial Enlargement
https://litfl.com/right-atrial-enlargement-ecg-library/	Right Atrial Enlargement
https://litfl.com/left-atrial-enlargement-ecg-library/	Left Atrial Enlargement
https://litfl.com/qrs-interval-ecg-library/	QRS Interval
https://litfl.com/j-point-ecg-library/	J point
https://litfl.com/qt-interval-ecg-library/	QT Interval
https://litfl.com/pr-segment-ecg-library/	PR segment
https://litfl.com/pr-interval-ecg-library/	PR Interval
https://litfl.com/delta-wave-ecg-library/	Delta Wave
https://litfl.com/u-wave-ecg-library/	U Wave
https://litfl.com/r-wave-ecg-library/	R wave
https://litfl.com/q-wave-ecg-library/	Q Wave
https://litfl.com/p-wave-ecg-library/	P wave
https://litfl.com/ecg-exam-template/	ECG Exam Template
https://litfl.com/ecg-rhythm-evaluation/	ECG Rhythm Evaluation
https://litfl.com/howard-a-kelly/	Howard A. Kelly
https://litfl.com/pediatric-cxr-cases-013/	Pediatric CXR Cases 013
https://litfl.com/abdominal-imaging-cases-009/	Abdominal Imaging Cases 009
https://litfl.com/john-benjamin-murphy-eponym/	John B. Murphy
https://litfl.com/paul-langerhans/	Paul Langerhans
https://litfl.com/wynne-davies-ligamentous-laxity/	Wynne-Davies Ligamentous Laxity
https://litfl.com/freida-young/	Freida Young
https://litfl.com/de-eponymising-anatomical-terminology/	De-eponymising anatomical terminology
https://litfl.com/mallampati-score/	Mallampati Score
https://litfl.com/seshagiri-rao-mallampati/	Seshagiri Rao Mallampati
https://litfl.com/we-are-all-racist-how-we-can-make-a-difference/	“We are all racist”: How we can make a difference
https://litfl.com/emotions-and-covid-19-give-to-connect-understand-and-support/	Emotions and COVID-19
https://litfl.com/elizabeth-garrett-anderson/	Elizabeth Garrett Anderson
https://litfl.com/william-edward-hunt/	William E. Hunt
https://litfl.com/thomas-hodgkin/	Thomas Hodgkin
https://litfl.com/abdominal-imaging-cases-008/	Abdominal Imaging Cases 008
https://litfl.com/madge-macklin/	Madge Macklin
https://litfl.com/perhaps-something-isnt-always-better-than-nothing/	Perhaps something isn’t always better than nothing
https://litfl.com/gertrud-hurler/	Gertrud Hurler
https://litfl.com/dexamethasone-good-science-by-press-release-bad/	Dexamethasone good? Science by press release bad!
https://litfl.com/mastering-intensive-care-017-with-flavia-machado/	Mastering Intensive Care 017 with Flavia Machado
https://litfl.com/anne-p-forbes/	Anne P. Forbes
https://litfl.com/elisabeth-h-winterhalter/	Elisabeth H. Winterhalter
https://litfl.com/hunt-hess-scale/	Hunt-Hess Scale
https://litfl.com/robert-hess/	Robert Hess
https://litfl.com/smith-fracture/	Smith fracture
https://litfl.com/tolosa-hunt-syndrome/	Tolosa-Hunt syndrome
https://litfl.com/walther-muller/	Walther Müller
https://litfl.com/henry-hill-hickman-medal/	Henry Hill Hickman Medal
https://litfl.com/camillo-bozzolo/	Camillo Bozzolo
https://litfl.com/prosper-meniere/	Prosper Menière
https://litfl.com/john-epley/	John Epley
https://litfl.com/bully-for-you/	Bully For You
https://litfl.com/giulio-ceradini/	Giulio Ceradini
https://litfl.com/angelo-mosso/	Angelo Mosso
https://litfl.com/jean-gaspard-blaise-goyrand/	Jean-Gaspard Blaise Goyrand
https://litfl.com/fitz-hugh-curtis-syndrome/	Fitz-Hugh Curtis syndrome
https://litfl.com/arthur-hale-curtis/	Arthur Hale Curtis
https://litfl.com/monika-knickenberg/	Monika Knickenberg
https://litfl.com/covid-19-minirage-with-hicks-and-brindley/	COVID-19 miniRAGE with Hicks and Brindley
https://litfl.com/adult-cxr-cases-007/	Adult CXR Cases 007
https://litfl.com/otto-p-hornstein/	Otto P. Hornstein
https://litfl.com/georgina-hogg/	Georgina Hogg
https://litfl.com/wilma-canada/	Wilma Canada
https://litfl.com/myrtelle-canavan/	Myrtelle Canavan
https://litfl.com/john-m-opitz/	John M. Opitz
https://litfl.com/elizabeth-g-kaveggia/	Elisabeth G. Kaveggia
https://litfl.com/eczema-herpeticum/	Eczema herpeticum
https://litfl.com/charles-bonnet-syndrome/	Charles Bonnet syndrome
https://litfl.com/abdominal-imaging-cases-007/	Abdominal Imaging Cases 007
https://litfl.com/charles-bonnet/	Charles Bonnet
https://litfl.com/richard-terry/	Richard Terry
https://litfl.com/paul-bert/	Paul Bert
https://litfl.com/kawasaki-disease/	Kawasaki disease
https://litfl.com/ann-c-m-smith/	Ann C.M. Smith
https://litfl.com/r-ellen-magenis/	R. Ellen Magenis
https://litfl.com/susan-c-dees/	Susan C. Dees
https://litfl.com/carol-wolcott/	Carol Wolcott
https://litfl.com/robert-c-muehrcke/	Robert C. Muehrcke
https://litfl.com/raissa-nitabuch/	Raissa Nitabuch
https://litfl.com/francois-magendie/	François Magendie
https://litfl.com/john-hilton-edwards/	John Hilton Edwards
https://litfl.com/needing-a-diagnostic-kick-start/	Needing a Diagnostic Kick-start
https://litfl.com/jules-sottas/	Jules Sottas
https://litfl.com/pediatric-cxr-cases-012/	Pediatric CXR Cases 012
https://litfl.com/george-alexander-gibson/	George A. Gibson
https://litfl.com/patrick-collins/	Patrick Collins
https://litfl.com/allan-burns/	Allan Burns
https://litfl.com/virginia-p-sybert/	Virginia P. Sybert
https://litfl.com/andre-lemierre/	André Lemierre
https://litfl.com/charles-lockwood/	Charles Lockwood
https://litfl.com/may-the-4th-be-with-you-padawan-to-jedi-an-exam-resource-advanced-trainees-only/	May the 4th Be With You – Padawan to Jedi (exam resource)
https://litfl.com/covid-19-keeping-the-baby-in-the-bath/	COVID-19: Keeping the baby in the bath
https://litfl.com/how-to-be-epic-in-the-time-of-covid/	How to be EPIC (in the time of COVID)
https://litfl.com/ottomar-rosenbach/	Ottomar Rosenbach
https://litfl.com/stills-murmur/	Still’s murmur
https://litfl.com/capgras-syndrome/	Capgras syndrome
https://litfl.com/joseph-capgras/	Joseph Capgras
https://litfl.com/ernest-william-goodpasture/	Ernest William Goodpasture
https://litfl.com/overcoming-uncertainty-in-the-age-of-covid-19/	Overcoming uncertainty in the Age of COVID-19
https://litfl.com/novel-drug-therapies-and-covid-19-clinical-trials/	Novel drug therapies and COVID-19 clinical trials
https://litfl.com/macgyverism-and-hacking-covid-19/	MacGyverism and “hacking COVID-19”
https://litfl.com/covid-19-to-peep-or-not-to-peep/	COVID-19: “To PEEP, or not to PEEP”?
https://litfl.com/is-covid-19-ards-what-about-lung-compliance/	Is COVID-19 ARDS? What about lung compliance?
https://litfl.com/silent-hypoxaemia-and-covid-19-intubation/	“Silent hypoxaemia” and COVID-19 intubation
https://litfl.com/george-frederic-still/	George Frederic Still
https://litfl.com/thomas-fitz-hugh/	Thomas Fitz-Hugh
https://litfl.com/joseph-skoda/	Joseph Skoda
https://litfl.com/ingegerd-larsen/	Ingegerd Larsen
https://litfl.com/jules-cotard/	Jules Cotard
https://litfl.com/luigi-galvani/	Luigi Galvani
https://litfl.com/olga-imerslund/	Olga Imerslund
https://litfl.com/simulation-scenario-design/	Simulation Scenario Design
https://litfl.com/franklin-adin-simmonds/	Franklin Adin Simmonds
https://litfl.com/theodore-campbell-thompson/	Theodore Campbell Thompson
https://litfl.com/austin-flint/	Austin Flint
https://litfl.com/ernest-amory-codman/	Ernest Amory Codman
https://litfl.com/rogers-murmur/	Roger’s murmur
https://litfl.com/henri-louis-roger/	Henri-Louis Roger
https://litfl.com/katharine-krom-merritt/	Katharine Krom Merritt
https://litfl.com/ida-mann/	Ida Mann
https://litfl.com/cabot-locke-murmur/	Cabot-Locke murmur
https://litfl.com/richard-clarke-cabot/	Richard Clarke Cabot
https://litfl.com/edwin-allen-locke/	Edwin Allen Locke
https://litfl.com/carey-coombs-murmur/	Carey Coombs murmur
https://litfl.com/sars-cov-2-infection-and-pathogenesis/	SARS-CoV-2 infection and pathogenesis
https://litfl.com/carey-franklin-coombs/	Carey Franklin Coombs
https://litfl.com/ecg-interpretation-other-cardiac-conditions/	ECG Interpretation: Other cardiac conditions
https://litfl.com/plaster-fibreglass-and-splints/	Plaster, Fibreglass and Splints
https://litfl.com/graham-steell-murmur/	Graham Steell murmur
https://litfl.com/the-dirty-dozen-common-errors-on-discharging-patients-recovering-from-critical-illness/	The Dirty Dozen
https://litfl.com/adult-cxr-cases-006/	Adult CXR Cases 006
https://litfl.com/graham-steell/	Graham Steell
https://litfl.com/positive-end-expiratory-pressure/	Positive End-Expiratory Pressure (PEEP)
https://litfl.com/virginia-c-canale/	Virginia C. Canale
https://litfl.com/ecg-interpretation-tachyarrhythmias/	ECG Interpretation: Tachyarrhythmias
https://litfl.com/william-stokes-physician/	William Stokes (physician)
https://litfl.com/survey-shoutout/	Survey Shoutout
https://litfl.com/ecg-interpretation-conduction-disease/	ECG Interpretation: Conduction disease
https://litfl.com/abdominal-imaging-cases-006/	Abdominal Imaging Cases 006
https://litfl.com/spontaneous-breathing-and-mechanical-ventilation/	Spontaneous breathing, assisted ventilation, and patient self-inflicted lung injury (P-SILI)
https://litfl.com/ecg-interpretation-myocardial-ischaemia-and-infarction/	ECG Interpretation: Myocardial ischaemia and infarction
https://litfl.com/imaging-of-covid-19-pneumonia-a-critical-care-perspective/	Imaging of COVID-19 pneumonia: a critical care perspective
https://litfl.com/ecg-interpretation-the-basics/	ECG Interpretation: The Basics
https://litfl.com/sketchbook-md-sars-cov-2-phenotypes/	SARS-CoV-2 phenotypes
https://litfl.com/seraphina-schachowa/	Seraphina Schachowa
https://litfl.com/arthur-bond-cecil/	Arthur Bond Cecil
https://litfl.com/gibson-murmur/	Gibson murmur
https://litfl.com/cole-cecil-murmur/	Cole-Cecil murmur
https://litfl.com/rufus-cole/	Rufus Cole
https://litfl.com/ecg-mastery-pauses-on-the-ecg/	ECG Mastery: Pauses on the ECG
https://litfl.com/apnoeic-cpap-for-oxygenation-of-covid-19-patients/	Apnoeic CPAP for oxygenation
https://litfl.com/5-step-covid-a-cognitive-aid-for-the-pandemic-airway/	5-step COVID: A cognitive aid for the pandemic airway
https://litfl.com/ecg-mastery-atrial-hypertrophy-and-low-voltage/	ECG Mastery: Atrial hypertrophy and low voltage
https://litfl.com/should-we-use-an-aerosol-box-for-intubation/	Should we use an “aerosol box” for intubation?
https://litfl.com/aortic-regurgitation-eponymythology/	Aortic Regurgitation Eponymythology
https://litfl.com/allen-oldfather-whipple/	Allen Oldfather Whipple
https://litfl.com/pediatric-cxr-cases-011/	Pediatric CXR Cases 011
https://litfl.com/coronavirus-disease-2019-covid-19/	Coronavirus disease 2019 (COVID-19)
https://litfl.com/ecg-mastery-high-degree-av-blocks/	ECG Mastery: High degree AV blocks
https://litfl.com/lung-ultrasound-covid-19-cases/	Lung ultrasound: COVID-19 cases
https://litfl.com/elena-sgarbossa/	Elena Sgarbossa
https://litfl.com/alix-joffroy/	Alix Joffroy
https://litfl.com/joffroy-sign/	Joffroy sign
https://litfl.com/david-rytand/	David A. Rytand
https://litfl.com/rytand-murmur/	Rytand murmur
https://litfl.com/adult-cxr-cases-005/	Adult CXR Cases 005
https://litfl.com/covisuals-visual-abstracts-for-covid-19/	Visual Abstracts for COVID-19 #CoVisuals
https://litfl.com/shared-ventilation-how-to-do-it-if-you-have-to/	Shared ventilation: how to do it if you have to
https://litfl.com/a-practical-approach-to-running-a-scarce-resource-allocation-team-srat/	A Practical Approach to Running a Scarce Resource Allocation Team  (SRAT)
https://litfl.com/should-we-put-multiple-covid-19-patients-on-a-single-ventilator/	Should we put multiple COVID-19 patients on a single ventilator?
https://litfl.com/lung-ultrasound-in-covid-19/	Lung Ultrasound in COVID-19
https://litfl.com/checklist-suspected-covid-19-intubation/	Checklist: Suspected COVID 19 intubation
https://litfl.com/sketchbook-md-sars-cov-2-infection/	SARS-CoV-2 infection
https://litfl.com/preparing-for-the-covid-19-pandemic/	Preparing for the COVID-19 pandemic
https://litfl.com/high-lateral-stemi-ecg-library/	High Lateral STEMI
https://litfl.com/covid-3-step-approach-to-intubation/	COVID-19 a 3-step approach to intubation
https://litfl.com/howard-hailey/	<strong>Howard Hailey</strong>
https://litfl.com/hugh-hailey/	Hugh Hailey
https://litfl.com/esther-l-bloomberg/	Esther L. Bloomberg
https://litfl.com/gastric-pocus-point-of-care-ultrasound/	Gastric Point-of-care Ultrasound (POCUS)
https://litfl.com/virginia-apgar/	Virginia Apgar
https://litfl.com/covid19-airway-management-better-care-through-simulation/	COVID-19 airway management: better care through simulation
https://litfl.com/covid-19-we-are-all-in-this-together/	COVID-19 – We are all in this together
https://litfl.com/tjitske-kleefstra/	Tjitske Kleefstra
https://litfl.com/pulmonary-embolism-next-generation/	Pulmonary Embolism: Next Generation
https://litfl.com/pocus-physics-3/	POCUS Physics 3
https://litfl.com/sgarbossa-criteria-history/	Sgarbossa Criteria history
https://litfl.com/walter-holbrook-gaskell/	Walter Holbrook Gaskell
https://litfl.com/pierre-barrere/	Pierre Barrère
https://litfl.com/william-morrant-baker/	William Morrant Baker
https://litfl.com/adult-cxr-cases-004/	Adult CXR Cases 004
https://litfl.com/john-j-osborn/	John Osborn
https://litfl.com/arthur-ernest-sansom/	Arthur Ernest Sansom
https://litfl.com/remembering-to-keep-the-patient-at-the-centre-of-what-we-do/	Remembering to keep the patient at the centre of what we do
https://litfl.com/follow-up-after-critical-care/	Follow up after Critical Care
https://litfl.com/epley-maneuver/	Epley manoeuvre
https://litfl.com/emil-theodor-kocher/	Emil Theodor Kocher
https://litfl.com/james-hope/	James Hope
https://litfl.com/pediatric-cxr-cases-010/	Pediatric CXR Cases 010
https://litfl.com/pharm-101-propofol/	Pharm 101: Propofol
https://litfl.com/3d-printing-for-paediatric-anatomical-models/	3D printing for Paediatric Anatomical models
https://litfl.com/paula-hertwig/	Paula Hertwig
https://litfl.com/whats-in-the-journals-february-2020/	What’s in the Journals – February 2020
https://litfl.com/cutting-edge-cardiac-arrest/	Cutting Edge Cardiac Arrest
https://litfl.com/pharm-101-warfarin/	Pharm 101: Warfarin
https://litfl.com/pharm-101-calcium/	Pharm 101: Calcium
https://litfl.com/pharm-101-erythropoietin/	Pharm 101: Erythropoietin
https://litfl.com/pharm-101-vitamin-k/	Pharm 101: Vitamin K
https://litfl.com/pharm-101-insulin/	Pharm 101: Insulin
https://litfl.com/pharm-101-furosemide/	Pharm 101: Furosemide
https://litfl.com/pharm-101-atropine/	Pharm 101: Atropine
https://litfl.com/pharm-101-benztropine/	Pharm 101: Benztropine
https://litfl.com/pharm-101-tricyclic-antidepressants/	Pharm 101: Tricyclic Antidepressants
https://litfl.com/pharm-101-haloperidol/	Pharm 101: Haloperidol
https://litfl.com/pharm-101-chlorpromazine/	Pharm 101: Chlorpromazine
https://litfl.com/pharm-101-olanzapine/	Pharm 101: Olanzapine
https://litfl.com/pharm-101-adrenaline/	Pharm 101: Adrenaline
https://litfl.com/pharm-101-noradrenaline/	Pharm 101: Noradrenaline
https://litfl.com/pharm-101-prilocaine/	Pharm 101: Prilocaine
https://litfl.com/pharm-101-pancuronium/	Pharm 101: Pancuronium
https://litfl.com/pharm-101-nitrous-oxide/	Pharm 101: Nitrous Oxide
https://litfl.com/pharm-101-thiopentone/	Pharm 101: Thiopentone
https://litfl.com/pharm-101-rifampicin/	Pharm 101: Rifampicin
https://litfl.com/pharm-101-oseltamivir/	Pharm 101: Oseltamivir
https://litfl.com/pharm-101-antiarrhythmic-agents/	Pharm 101: Antiarrhythmic Agents
https://litfl.com/pharm-101-metaraminol/	Pharm 101: Metaraminol
https://litfl.com/pharm-101-flecainide/	Pharm 101: Flecainide
https://litfl.com/pharm-101-methanol/	Pharm 101: Methanol
https://litfl.com/pharm-101-ethanol/	Pharm 101: Ethanol
https://litfl.com/pharm-101-diazepam/	Pharm 101: Diazepam
https://litfl.com/pharm-101-vecuronium/	Pharm 101: Vecuronium
https://litfl.com/pharm-101-bupivacaine/	Pharm 101: Bupivacaine
https://litfl.com/pharm-101-aciclovir/	Pharm 101: Aciclovir
https://litfl.com/pharm-101-hydrochlorothiazide/	Pharm 101: Hydrochlorothiazide
https://litfl.com/pharm-101-acetazolamide/	Pharm 101: Acetazolamide
https://litfl.com/sexual-assault-in-critical-care/	Sexual Assault in Critical Care
https://litfl.com/pharm-101-magnesium/	Pharm 101: Magnesium
https://litfl.com/pharm-101-thrombolytic-agents/	Pharm 101: Thrombolytic agents
https://litfl.com/pharm-101-prazosin/	Pharm 101: Prazosin
https://litfl.com/pharm-101-sotalol/	Pharm 101: Sotalol
https://litfl.com/pharm-101-irbesartan/	Pharm 101: Irbesartan
https://litfl.com/pharm-101-ramipril/	Pharm 101: Ramipril
https://litfl.com/pharm-101-captopril/	Pharm 101: Captopril
https://litfl.com/building-a-creative-team/	Building a creative team
https://litfl.com/pharm-101-mannitol/	Pharm 101: Mannitol
https://litfl.com/pharm-101-intravenous-fluids/	Pharm 101: Intravenous Fluids
https://litfl.com/pharm-101-flumazenil/	Pharm 101: Flumazenil
https://litfl.com/pharm-101-naloxone/	Pharm 101: Naloxone
https://litfl.com/pharm-101-glucagon/	Pharm 101: Glucagon
https://litfl.com/pharm-101-gliclazide/	Pharm 101: Gliclazide
https://litfl.com/pharm-101-octreotide/	Pharm 101: Octreotide
https://litfl.com/pharm-101-corticosteroids/	Pharm 101: Corticosteroids
https://litfl.com/pharm-101-colchicine/	Pharm 101: Colchicine
https://litfl.com/pharm-101-metformin/	Pharm 101: Metformin
https://litfl.com/pharm-101-n-acetyl-cysteine/	Pharm 101: N-Acetyl-Cysteine (NAC)
https://litfl.com/pharm-101-oxycodone/	Pharm 101: Oxycodone
https://litfl.com/pharm-101-fentanyl/	Pharm 101: Fentanyl
https://litfl.com/pharm-101-morphine/	Pharm 101: Morphine
https://litfl.com/pharm-101-ibuprofen/	Pharm 101: Ibuprofen
https://litfl.com/pharm-101-paracetamol/	Pharm 101: Paracetamol
https://litfl.com/pharm-101-aspirin/	Pharm 101: Aspirin
https://litfl.com/pharm-101-digoxin/	Pharm 101: Digoxin
https://litfl.com/pharm-101-amiodarone/	Pharm 101: Amiodarone
https://litfl.com/pacific-island-playlist-emergency-medicine-in-fiji/	Pacific Island Playlist: Emergency Medicine in Fiji
https://litfl.com/career-enjoyment-curiosity-and-a-can-do-attitude/	Career enjoyment, curiosity and a “can-do” attitude
https://litfl.com/turning-a-zebra-into-a-horse/	Turning a Zebra into a Horse
https://litfl.com/pharm-101-adenosine/	Pharm 101: Adenosine
https://litfl.com/pharm-101-tranexamic-acid/	Pharm 101: Tranexamic Acid
https://litfl.com/history-of-the-electrocardiogram/	History of the Electrocardiogram
https://litfl.com/real-world-outcomes-from-tbi/	Real world outcomes from TBI
https://litfl.com/pharm-101-metoclopramide/	Pharm 101: Metoclopramide
https://litfl.com/pacific-island-playlist-death-and-compassion/	Pacific Island Playlist: Death and compassion
https://litfl.com/henning-waldenstrom/	Henning Waldenström
https://litfl.com/the-back-end-of-sepsis/	The Back-end of sepsis
https://litfl.com/pharm-101-lignocaine/	Pharm 101: Lignocaine
https://litfl.com/pharm-101-propranolol/	Pharm 101: Propranolol
https://litfl.com/pharm-101-verapamil/	Pharm 101: Verapamil
https://litfl.com/pharm-101-metoprolol/	Pharm 101: Metoprolol
https://litfl.com/pharm-101-rivaroxaban/	Pharm 101: Rivaroxaban
https://litfl.com/pharm-101-clopidogrel/	Pharm 101: Clopidogrel
https://litfl.com/pharm-101-heparin/	Pharm 101: Heparin
https://litfl.com/pharm-101-ketamine/	Pharm 101: Ketamine
https://litfl.com/pharm-101-lithium/	Pharm 101: Lithium
https://litfl.com/pharm-101-phenytoin/	Pharm 101: Phenytoin
https://litfl.com/pharm-101-valproate/	Pharm 101: Valproate
https://litfl.com/top-5-common-misses-in-trauma-imaging/	Top 5 common misses in trauma imaging
https://litfl.com/pharm-101-clonazepam/	Pharm 101: Clonazepam
https://litfl.com/pharm-101-carbamazepine/	Pharm 101: Carbamazepine
https://litfl.com/abdominal-imaging-cases-005/	Abdominal Imaging Cases 005
https://litfl.com/pharm-101-pantoprazole/	Pharm 101: Pantoprazole
https://litfl.com/pharm-101-ondansetron/	Pharm 101: Ondansetron
https://litfl.com/pharm-101-trimethoprim-sulfamethoxazole/	Pharm 101: Trimethoprim-Sulfamethoxazole
https://litfl.com/liver-failure-referral-ffs-hepatology/	Liver Service Transfer / Referral
https://litfl.com/pharm-101-theophylline/	Pharm 101: Theophylline
https://litfl.com/pacific-island-playlist-dance-and-medicine/	Pacific Island Playlist: Dance and Medicine
https://litfl.com/pharm-101-midazolam/	Pharm 101: Midazolam
https://litfl.com/emergency-management-of-pre-eclampsia/	Emergency management of Pre-eclampsia
https://litfl.com/classic-ct-brain-pathology/	Classic CT brain pathology
https://litfl.com/pharm-101-spironolactone/	Pharm 101: Spironolactone
https://litfl.com/pharm-101-nifedipine/	Pharm 101: Nifedipine
https://litfl.com/airway-management/	Airway management
https://litfl.com/activate-or-wait-011/	Activate or Wait – 011
https://litfl.com/pipkin-classification-of-femoral-head-fracture/	Pipkin fracture
https://litfl.com/paediatric-analgesia-2/	Paediatric analgesia
https://litfl.com/simon-and-neil-get-plastered/	Simon and Neil get plastered
https://litfl.com/buddy-strap-no-more/	Buddy strap no more
https://litfl.com/developmental-dysplasia-of-the-hip/	Developmental dysplasia of the hip
https://litfl.com/pharm-101-penicillin/	Pharm 101: Penicillin G
https://litfl.com/a-better-way-to-get-plastered/	A better way to get plastered
https://litfl.com/spaso-breaks-his-silence/	Spaso reductions and immobilisation
https://litfl.com/is-less-best-in-critical-care/	Is less best in critical care?
https://litfl.com/pierre-le-damany/	Pierre Le Damany
https://litfl.com/house-of-god/	House of God
https://litfl.com/pharm-101-nitroprusside/	Pharm 101: Nitroprusside
https://litfl.com/grief-and-loss/	Grief and Loss
https://litfl.com/pharm-101-chloramphenicol/	Pharm 101: Chloramphenicol
https://litfl.com/pharm-101-trimethoprim/	Pharm 101: Trimethoprim
https://litfl.com/pharm-101-vancomycin/	Pharm 101: Vancomycin
https://litfl.com/pharm-101-metronidazole/	Pharm 101: Metronidazole
https://litfl.com/pharm-101-gentamicin/	Pharm 101: Gentamicin
https://litfl.com/pharm-101-flucloxacillin/	Pharm 101: Flucloxacillin
https://litfl.com/pharm-101-doxycycline/	Pharm 101: Doxycycline
https://litfl.com/pharm-101-ciprofloxacin/	Pharm 101: Ciprofloxacin
https://litfl.com/pharm-101-cefepime/	Pharm 101: Cefepime
https://litfl.com/pharm-101-cefuroxime/	Pharm 101: Cefuroxime
https://litfl.com/pharm-101-cephazolin/	Pharm 101: Cephazolin
https://litfl.com/pharm-101-erythromycin/	Pharm 101: Erythromycin
https://litfl.com/pharm-101-ceftriaxone/	Pharm 101: Ceftriaxone
https://litfl.com/pharm-101-azithromycin/	Pharm 101: Azithromycin
https://litfl.com/pharm-101-levodopa/	Pharm 101: Levodopa
https://litfl.com/pharm-101-fluoxetine/	Pharm 101: Fluoxetine
https://litfl.com/pharm-101-sumatriptan/	Pharm 101: Sumatriptan
https://litfl.com/intracranial-hypertension/	Intracranial Hypertension
https://litfl.com/james-sanders/	James Sanders
https://litfl.com/clot-retrieval-for-stroke/	Clot retrieval for stroke
https://litfl.com/henri-victor-chaput-eponym/	Henri Chaput
https://litfl.com/pediatric-cxr-cases-009/	Pediatric CXR Cases 009
https://litfl.com/pharm-101-suxamethonium/	Pharm 101: Suxamethonium
https://litfl.com/fat-feed-and-futility/	Fat, Feed and Futility
https://litfl.com/icu-through-their-eyes/	ICU through their Eyes
https://litfl.com/jean-baptiste-bouillaud/	Jean-Baptiste Bouillaud
https://litfl.com/high-emotion-in-the-workplace-session-5/	High emotion in the workplace: Session 5
https://litfl.com/charles-james-blasius-williams/	Charles James Blasius Williams
https://litfl.com/anzcen-clinician-educator-incubator-eois-close-soon/	Clinician Educator Incubator EOIs close soon!
https://litfl.com/hoffa-fracture/	Hoffa fracture
https://litfl.com/leo-buerger/	Leo Buerger
https://litfl.com/pierre-nicolas-gerdy/	Pierre Nicolas Gerdy
https://litfl.com/alexander-monro/	Alexander Monro secundus
https://litfl.com/making-rcts-useful-the-role-of-heterogeneity/	Making RCTs Useful: The Role of Heterogeneity
https://litfl.com/lihadh-al-gazali/	Lihadh Al-Gazali
https://litfl.com/west-syndrome/	West syndrome
https://litfl.com/augusto-pellegrini/	Augusto Pellegrini
https://litfl.com/denis-burkitt/	Denis Burkitt
https://litfl.com/pharm-101-rocuronium/	Pharm 101: Rocuronium
https://litfl.com/pharm-101-salbutamol/	Pharm 101: Salbutamol
https://litfl.com/second-degree-atrioventricular-block/	Second-degree Atrioventricular block
https://litfl.com/adam-politzer/	Adam Politzer
https://litfl.com/ismar-isidor-boas/	Ismar Isidor Boas
https://litfl.com/william-gissane/	William Gissane
https://litfl.com/dunphy-sign/	Dunphy sign
https://litfl.com/sophie-spitz/	Sophie Spitz
https://litfl.com/ann-j-johanson/	Ann J. Johanson
https://litfl.com/mind-the-gap/	Mind the Gap
https://litfl.com/otto-ullrich/	Otto Ullrich
https://litfl.com/martin-flack/	Martin Flack
https://litfl.com/arthur-keith/	Arthur Keith
https://litfl.com/sunao-tawara/	Sunao Tawara
https://litfl.com/ludwig-aschoff/	Ludwig Aschoff
https://litfl.com/pierre-joseph-desault/	Pierre-Joseph Desault
https://litfl.com/hugo-spatz/	Hugo Spatz
https://litfl.com/julius-hallervorden/	Julius Hallervorden
https://litfl.com/hallervorden-spatz-disease/	Hallervorden-Spatz Disease
https://litfl.com/barbara-ansell/	Barbara Ansell
https://litfl.com/i-dont-trust-doctors/	I Don’t Trust Doctors
https://litfl.com/scimitar-syndrome/	Scimitar Syndrome
https://litfl.com/catherine-neill/	Catherine Neill
https://litfl.com/tsuya-sakurai/	Tsuya Sakurai
https://litfl.com/nadia-sakati/	Nadia Sakati
https://litfl.com/katherine-berg/	Katherine Berg
https://litfl.com/judy-waterlow/	Judy Waterlow
https://litfl.com/erna-christensen/	Erna Christensen
https://litfl.com/what-is-creativity/	What is Creativity?
https://litfl.com/gustave-roussy/	Gustave Roussy
https://litfl.com/jacques-jean-lhermitte/	Jean Lhermitte
https://litfl.com/friedrich-trendelenburg/	Friedrich Trendelenburg
https://litfl.com/dorothea-w-barthel/	Dorothea W. Barthel
https://litfl.com/thomas-spens/	Thomas Spens
https://litfl.com/lucja-frey/	Łucja Frey
https://litfl.com/ruth-illig/	Ruth Illig
https://litfl.com/the-latest-on-myocardial-infarction/	The latest on Myocardial Infarction
https://litfl.com/etienne-esquirol/	Étienne Esquirol
https://litfl.com/marcus-gerbezius/	Marcus Gerbezius
https://litfl.com/thomas-sydenham/	Thomas Sydenham
https://litfl.com/feedback-in-medicine/	Feedback in Medicine
https://litfl.com/charles-mckinnon-holmes/	Charles McKinnon Holmes
https://litfl.com/thomas-bartholin/	Thomas Bartholin
https://litfl.com/marie-joubert/	Marie Joubert
https://litfl.com/thomas-cooley/	Thomas Cooley
https://litfl.com/ida-bianco/	Ida Bianco
https://litfl.com/petrus-waardenburg/	Petrus Waardenburg
https://litfl.com/helga-v-toriello/	Helga V. Toriello
https://litfl.com/abdominal-imaging-cases-004/	Abdominal Imaging Cases 004
https://litfl.com/pel-ebstein-fever/	Pel-Ebstein fever
https://litfl.com/caspar-bartholin-secundus/	Caspar Bartholin Secundus
https://litfl.com/roberta-a-pagon/	Roberta A. Pagon
https://litfl.com/renata-laxova/	Renata Laxova
https://litfl.com/fuller-albright/	Fuller Albright
https://litfl.com/outcomes-following-brain-injury/	Outcomes following Brain Injury
https://litfl.com/florence-c-dudley/	Florence C. Dudley
https://litfl.com/ekbom-syndrome-ii/	Ekbom syndrome II
https://litfl.com/eeva-therman/	Eeva Therman
https://litfl.com/rehabilitation-post-traumatic-brain-injury/	Rehabilitation post Traumatic Brain Injury
https://litfl.com/oskar-kobylinski/	Oskar Kobyliński
https://litfl.com/jacqueline-hecht/	Jacqueline Hecht
https://litfl.com/anne-marie-de-barsy/	Anne-Marie de Barsy
https://litfl.com/bernadette-christol/	Bernadette Christol
https://litfl.com/vivian-green-armytage/	Vivian Green-Armytage
https://litfl.com/margot-noack/	Margot Noack
https://litfl.com/rudolf-adriaan-mees/	Rudolf A. Mees
https://litfl.com/pierre-adolphe-piorry/	Pierre Adolphe Piorry
https://litfl.com/high-performance-teams/	High Performance Teams
https://litfl.com/theodor-langhans/	Theodor Langhans
https://litfl.com/reed-sternberg-cells/	Reed-Sternberg cells
https://litfl.com/georges-c-noulis/	Georges C. Noulis
https://litfl.com/gowers-sign/	Gowers sign
https://litfl.com/jacqueline-noonan/	Jacqueline Noonan
https://litfl.com/john-langdon-down/	John Langdon Down
https://litfl.com/lachman-test/	Lachman Test
https://litfl.com/technology-versus-learning/	Technology versus Learning
https://litfl.com/john-w-lachman/	John W Lachman
https://litfl.com/mary-lyon/	Mary Lyon
https://litfl.com/javier-arias-stella/	Javier Arias Stella
https://litfl.com/santiago-ramon-y-cajal/	Santiago Ramón y Cajal
https://litfl.com/henry-turner/	Henry Turner
https://litfl.com/max-clara/	Max Clara
https://litfl.com/adult-cxr-cases-003/	Adult CXR Cases 003
https://litfl.com/smacc-2019-opening-ceremony/	SMACC 2019 Opening Ceremony
https://litfl.com/govert-bidloo/	Govert Bidloo
https://litfl.com/caspar-bartholin/	Caspar Bartholin
https://litfl.com/joseph-paneth/	Joseph Paneth
https://litfl.com/joseph-honore-simon-beau/	Joseph Beau
https://litfl.com/camillo-golgi/	Camillo Golgi
https://litfl.com/recap-of-mastering-intensive-care-in-2019/	Recap of Mastering Intensive Care in 2019
https://litfl.com/guido-werdnig/	Guido Werdnig
https://litfl.com/high-emotion-in-the-workplace-session-4/	High emotion in the workplace: Session 4
https://litfl.com/ellen-d-andersen/	Ellen D. Andersen
https://litfl.com/franz-zehetmayer/	Franz Zehetmayer
https://litfl.com/cecile-vogt/	Cécile Vogt
https://litfl.com/francis-sibson/	Francis Sibson
https://litfl.com/thomas-n-james/	Thomas N. James
https://litfl.com/j-richard-ewald/	J. Richard Ewald
https://litfl.com/polymyalgia-rheumatica/	Polymyalgia Rheumatica
https://litfl.com/angelique-du-coudray/	Angélique du Coudray
https://litfl.com/optimise-dont-compromise/	Optimise don’t compromise
https://litfl.com/duverney-fracture/	Duverney fracture
https://litfl.com/theodor-schwann/	Theodor Schwann
https://litfl.com/franz-gall/	Franz Gall
https://litfl.com/high-emotion-in-the-workplace-session-3/	High emotion in the workplace: Session 3
https://litfl.com/wilhelm-ebstein/	Wilhelm Ebstein
https://litfl.com/elizabeth-ramsey/	Elizabeth Ramsey
https://litfl.com/james-v-ricci/	James V. Ricci
https://litfl.com/ballistically-potent-vertigo/	Ballistically Potent Vertigo
https://litfl.com/rebecca-c-lancefield/	Rebecca C. Lancefield
https://litfl.com/carolyn-c-huntley/	Carolyn C. Huntley
https://litfl.com/rita-g-harper/	Rita G. Harper
https://litfl.com/edgard-hirtz/	Edgard Hirtz
https://litfl.com/what-is-intensive-care-really/	What is Intensive Care really?
https://litfl.com/teaching-practical-skills-with-sett-up/	Teaching Practical Skills with SETT UP
https://litfl.com/ebstein-anomoly/	Ebstein anomoly
https://litfl.com/george-budd/	George Budd
https://litfl.com/john-call-dalton/	John Call Dalton Jr
https://litfl.com/klaus-patau/	Klaus Patau
https://litfl.com/liliane-schnitzler/	Liliane Schnitzler
https://litfl.com/ivan-rasdolsky/	Ivan Razdolsky
https://litfl.com/francoise-goutieres/	Francoise Goutières
https://litfl.com/marlis-tolksdorf/	Marlis Tolksdorf
https://litfl.com/carl-langenbuch/	Carl Langenbuch
https://litfl.com/physician-suicide/	Physician Suicide
https://litfl.com/high-emotion-in-the-workplace-session-2/	High emotion in the workplace: Session 2
https://litfl.com/creativity-in-your-medical-career/	Creativity in your medical career
https://litfl.com/thomas-addison/	Thomas Addison
https://litfl.com/otto-sprengel/	Otto Sprengel
https://litfl.com/leopold-auenbrugger/	Leopold Auenbrugger
https://litfl.com/ardsnet-ventilation-strategy/	ARDSnet Ventilation Strategy
https://litfl.com/giovanni-maria-lancisi/	Giovanni Maria Lancisi
https://litfl.com/how-to-be-epic/	How to be EPIC
https://litfl.com/noonan-syndrome/	Noonan syndrome
https://litfl.com/high-emotion-in-the-workplace-session-1/	High emotion in the workplace: Session 1
https://litfl.com/dix-hallpike-test/	Dix-Hallpike Manoeuvre
https://litfl.com/odilon-marc-lannelongue/	Odilon Lannelongue
https://litfl.com/meiges-syndrome/	Meige’s syndrome
https://litfl.com/henri-meige/	Henry Meige
https://litfl.com/jean-baptiste-denis/	Jean-Baptiste Denis
https://litfl.com/carl-friedrich-wilhelm-ludwig/	Carl Ludwig
https://litfl.com/how-to-be-kind/	How to Be Kind
https://litfl.com/vasily-parmenovich-obraztsov/	Vasily Parmenovich Obraztsov
https://litfl.com/carl-weigert/	Carl Weigert
https://litfl.com/albert-terson/	Albert Terson
https://litfl.com/charles-sumner-neer-ii/	Charles Sumner Neer II
https://litfl.com/moritz-litten/	Moritz Litten
https://litfl.com/terson-syndrome/	Terson syndrome
https://litfl.com/julius-wolff/	Julius Wolff
https://litfl.com/prof-p-k-pel/	Prof P.K. Pel
https://litfl.com/on-camshafts-and-communication/	On Camshafts and Communication
https://litfl.com/wellbeing-for-healthcare-providers-reinvigorate/	Wellbeing for healthcare providers: Reinvigorate
https://litfl.com/george-kellie/	George Kellie
https://litfl.com/pierre-merklen/	Pierre Merklen
https://litfl.com/friedrich-ludwig-kreysig/	Friedrich Ludwig Kreysig
https://litfl.com/ullrich-turner-syndrome/	Turner syndrome
https://litfl.com/ernst-ludwig-heim/	Ernst Ludwig Heim
https://litfl.com/auguste-nicolas-gendrin/	Auguste-Nicolas Gendrin
https://litfl.com/selma-a-myhre/	Selma A. Myhre
https://litfl.com/down-syndrome/	Down Syndrome
https://litfl.com/ambroise-pare/	Ambroise Paré
https://litfl.com/richard-lower/	Richard Lower
https://litfl.com/how-to-read-an-ecg/	How to Read an ECG
https://litfl.com/pharm-101-gtn/	Pharm 101: Glycerol trinitrate (GTN)
https://litfl.com/arnaldo-cantani/	Arnaldo Cantani
https://litfl.com/judith-a-diesendruck/	Judith A. Diesendruck
https://litfl.com/friedrich-busch/	Friedrich Busch
https://litfl.com/neonatal-intensive-care/	Neonatal Intensive Care
https://litfl.com/mees-lines/	Mees lines
https://litfl.com/wellbeing-for-healthcare-providers-reflect/	Wellbeing for healthcare providers: Reflect
https://litfl.com/oskar-vogt/	Oskar Vogt
https://litfl.com/johann-hoffmann/	Johann Hoffmann
https://litfl.com/how-to-be-the-shop-floor-clinician/	How to be The Shop Floor Clinician
https://litfl.com/philibert-joseph-roux/	Philibert Joseph Roux
https://litfl.com/dl-dark-fate/	DL: Dark Fate
https://litfl.com/drugs-in-cardiac-arrest-should-we-bother/	Drugs in cardiac arrest: Should we bother?
https://litfl.com/wellbeing-for-healthcare-providers-rest/	Wellbeing for healthcare providers: Rest
https://litfl.com/healthcare-and-gun-violence/	Healthcare and Gun Violence
https://litfl.com/when-healthcare-becomes-a-crime/	When Healthcare Becomes a Crime
https://litfl.com/saving-lives-from-sepsis/	Saving lives from sepsis
https://litfl.com/communicating-with-graphics/	Communicating with Graphics
https://litfl.com/tranexamic-acid-update/	Thinking outside the box
https://litfl.com/emergency-literature-hot-updates/	Emergency Literature Hot updates
https://litfl.com/cognitive-bias-and-risk-in-extreme-sport/	Cognitive bias and risk in extreme sport
https://litfl.com/creativity-in-presentations/	Creativity in Presentations
https://litfl.com/working-with-the-ed-admittingofficer/	Working with the ED Admitting Officer
https://litfl.com/road-to-resus-3-trauma-in-the-icu/	Road to Resus 3: Trauma in the ICU
https://litfl.com/mastering-intensive-care-050-with-andrew-davies/	Mastering Intensive Care 050 with Andrew Davies
https://litfl.com/abdominal-imaging-cases-003/	Abdominal Imaging Cases 003
https://litfl.com/best-emergency-medicine-literature-2018-19/	Best Emergency Medicine literature 2018/19
https://litfl.com/performing-arts-and-medicine/	Performing Arts and Medicine
https://litfl.com/road-to-resus-2-resus-in-emergency/	Road to Resus 2: Resus in Emergency
https://litfl.com/gender-equality-in-healthcare/	Gender Equality in Healthcare
https://litfl.com/paediatric-constipation/	Paediatric Constipation
https://litfl.com/pediatric-cxr-cases-008/	Pediatric CXR Cases 008
https://litfl.com/creativity-in-fiction/	Creativity in Fiction
https://litfl.com/are-the-critically-ill-actually-hungry/	Are the Critically Ill Actually Hungry?
https://litfl.com/mastering-intensive-care-049-with-hugh-montgomery/	Mastering Intensive Care 049 with Hugh Montgomery
https://litfl.com/pre-hospital-resuscitation-road-to-resus-1/	Road to Resus 1: Pre-hospital Resuscitation
https://litfl.com/mastering-intensive-care-048-with-laura-rock/	Mastering Intensive Care 048 with Laura Rock
https://litfl.com/adult-cxr-cases-002/	Adult CXR Cases 002
https://litfl.com/the-climate-crisis-is-a-healthcare-crisis/	Is climate crisis a medical emergency?
https://litfl.com/austin-talley-moore/	Austin Moore
https://litfl.com/fournier-gangrene/	Fournier gangrene
https://litfl.com/pain-scale/	Pain scale
https://litfl.com/pediatric-cxr-cases-007/	Pediatric CXR Cases 007
https://litfl.com/meath-hospital/	Meath Hospital
https://litfl.com/richard-von-volkmann/	Richard von Volkmann
https://litfl.com/adult-cxr-cases-001/	Adult CXR Cases 001
https://litfl.com/abdominal-imaging-cases-002/	Abdominal Imaging Cases 002
https://litfl.com/on-heatwaves-and-unlikely-friendships/	On Heatwaves and Unlikely Friendships
https://litfl.com/tee-essentials-assessment-of-the-aortic-valve/	TEE Essentials: Assessment of the aortic valve
https://litfl.com/garrett-pipkin/	Garrett Pipkin
https://litfl.com/rage-session-resuscitology-case-oncology-patient-in-resus/	RAGE Session: Resuscitology Case – Oncology Patient in Resus
https://litfl.com/calling-all-educators-unconference-at-the-2019-world-congress-of-intensive-care/	Calling all educators!… Unconference at the 2019 World Congress of Intensive Care
https://litfl.com/resuscitology-update-sydney-and-melbourne-2019/	Resuscitology Update: Sydney and Melbourne 2019
https://litfl.com/tee-essentials-assessment-of-the-mitral-valve/	TEE Essentials: Assessment of the mitral valve
https://litfl.com/pocus-physics-202/	POCUS Physics 2
https://litfl.com/pediatric-cxr-cases-006/	Pediatric CXR Cases 006
https://litfl.com/core-and-foamres/	CORE and FOAMres
https://litfl.com/medmastery-prognosis-and-life-tables/	Medmastery: prognosis and life tables
https://litfl.com/riding-the-foam-of-ecg-waves/	Riding the FOAM of ECG Waves
https://litfl.com/portable-apparatus-for-the-recovery-of-the-apparently-dead/	Portable apparatus for the recovery of the apparently dead
https://litfl.com/tee-essentials-assessment-of-the-left-ventricle/	TEE Essentials: Assessment of the left ventricle
https://litfl.com/mastering-intensive-care-047-with-matt-morgan/	Mastering Intensive Care 047 with Matt Morgan
https://litfl.com/medmastery-ppv-and-prevalence/	Medmastery: PPV and prevalence
https://litfl.com/pediatric-cxr-cases-005/	Pediatric CXR Cases 005
https://litfl.com/tee-essentials-overview-of-tee-views/	TEE Essentials: Overview of TEE views
https://litfl.com/vertigo-the-big-3/	Vertigo the Big 3
https://litfl.com/5-lessons-learned/	5 lessons learned
https://litfl.com/career-suicide-and-the-unspoken-rules/	Career Suicide and some Unspoken Rules
https://litfl.com/the-crystal-cave/	The Crystal Cave
https://litfl.com/back-in-black/	Back in Black
https://litfl.com/abdominal-imaging-cases-001/	Abdominal Imaging Cases 001
https://litfl.com/does-fat-float-on-blood/	Does fat float on blood?
https://litfl.com/mastering-intensive-care-046-with-deborah-cook/	Mastering Intensive Care 046 with Deborah Cook
https://litfl.com/the-brightest-flames/	The Brightest Flames
https://litfl.com/retrieval-101/	Retrieval 101
https://litfl.com/concussion-at-the-bledisloe-cup-a-big-headache/	Concussion at the Bledisloe Cup, a big headache?
https://litfl.com/time-for-a-change/	Time for a change
https://litfl.com/flu-season/	Flu Season
https://litfl.com/pediatric-cxr-cases-004/	Pediatric CXR Cases 004
https://litfl.com/just-read-the-map/	Just Read the Map
https://litfl.com/a-touch-extreme/	A Touch Extreme
https://litfl.com/introducing-the-litfl-toxicology-library/	Introducing the LITFL Toxicology Library
https://litfl.com/jean-baptiste-hippolyte-dance/	Jean-Baptiste Hippolyte Dance
https://litfl.com/referring-patients-from-the-emergency-department/	Referring Patients from the Emergency Department
https://litfl.com/lincoln-sign/	Lincoln sign
https://litfl.com/chicken-or-the-egg/	Chicken or the Egg?
https://litfl.com/global-drug-reference-online/	Global Drug Reference Online
https://litfl.com/leonardo-da-vinci-first-anatomist/	Leonardo Da Vinci first Anatomist
https://litfl.com/paul-dudley-white/	Paul White
https://litfl.com/john-parkinson/	John Parkinson
https://litfl.com/louis-wolff/	Louis Wolff
https://litfl.com/diagnosis-wenckebach-squared/	Diagnosis, Wenckebach Squared?
https://litfl.com/diagnosis-wenckebach/	Diagnosis, Wenckebach?
https://litfl.com/phonetic-alphabet/	Phonetic alphabet
https://litfl.com/world-cup-fever-wcf/	World Cup Fever WCF
https://litfl.com/nauseous-grammar/	Nauseous grammar
https://litfl.com/pseudoscience-without-sense/	Pseudoscience without sense
https://litfl.com/pens-swords-and-peer-review/	Pens, Swords and Peer Review
https://litfl.com/medical-school-lecture-template/	Medical School Lecture Template
https://litfl.com/time-for-action/	Time for action
https://litfl.com/staying-on-track/	Staying on track
https://litfl.com/to-the-nightshift-ed-doctor/	To the Nightshift ED Doctor
https://litfl.com/an-empty-hospital/	An Empty Hospital?
https://litfl.com/lung-abscess-case-001/	Lung abscess
https://litfl.com/friedrich-von-muller/	Friedrich von Müller
https://litfl.com/not-exactly-emergency-medicine-is-it/	Not exactly emergency medicine is it?
https://litfl.com/mastering-intensive-care-045-with-scott-weingart/	Mastering Intensive Care 045 with Scott Weingart
https://litfl.com/a-most-discombobulating-gas/	A Most Discombobulating Gas
https://litfl.com/pediatric-cxr-cases-003/	Pediatric CXR Cases 003
https://litfl.com/osce-resources/	OSCE Resources
https://litfl.com/pocus-physics-101/	POCUS Physics 101
https://litfl.com/percivall-pott/	Percivall Pott
https://litfl.com/litfl-and-the-hackocalypse/	LITFL and the Hackocalypse
https://litfl.com/this-will-revolutionise-education/	This Will Revolutionise Education
https://litfl.com/the-curriculum-rehash-proposal/	The Curriculum Rehash Proposal
https://litfl.com/ecg-rule-of-fours/	ECG Rule of Fours
https://litfl.com/mastering-intensive-care-044-with-geoff-toogood/	Mastering Intensive Care 044 with Geoff Toogood
https://litfl.com/letting-go/	Letting Go
https://litfl.com/a-philosophical-death/	A Philosophical Death
https://litfl.com/some-days-you-just-need-to-listen/	Some days you just need to listen
https://litfl.com/learning-by-spaced-repetition/	Learning by Spaced Repetition
https://litfl.com/ucem-osce-scenario-2019/	UCEM OSCE SCENARIO 004
https://litfl.com/you-dont-know-about-the-stones/	You don’t know about the stones?
https://litfl.com/tox-tutes/	Tox Tutes
https://litfl.com/zeff-talks-toxinology-for-the-fellowship/	Zeff talks Toxinology for the Fellowship
https://litfl.com/the-cretin-and-the-pharoah/	The Cretin and the Pharoah
https://litfl.com/six-true-emergencies/	Six True Emergencies
https://litfl.com/lung-point-case-005/	Lung point Case 005
https://litfl.com/oslerus-osleri/	Oslerus osleri
https://litfl.com/lung-metastasis-case-002/	Lung Metastasis Case 002
https://litfl.com/they-meant-well/	They meant well
https://litfl.com/how-to-ace-a-consultant-interview/	How to ace a consultant interview
https://litfl.com/lung-metastasis-case-001/	Lung Metastasis Case 001
https://litfl.com/medicine-mindfulness-movement-mental-illhealth-and-creativity/	Medicine, mindfulness, movement, mental (ill)health and creativity
https://litfl.com/pleural-effusion-case-001/	Pleural Effusion Case 001
https://litfl.com/pediatric-cxr-cases-002/	Pediatric CXR Cases 002
https://litfl.com/there-can-only-be-not-enough-beds/	There can only be not enough beds
https://litfl.com/history-of-cardiopulmonary-resuscitation/	History of cardiopulmonary resuscitation
https://litfl.com/placebo-weirdness/	Placebo Weirdness
https://litfl.com/empyema-case-1/	Empyema Case 1
https://litfl.com/clinical-anatomy-for-emergency-medicine/	Clinical Anatomy for Emergency Medicine
https://litfl.com/an-unusual-wrist-injury/	An unusual wrist injury
https://litfl.com/mcq-theory-for-multiple-choice-questions/	MCQ theory for Multiple Choice Questions
https://litfl.com/nothing-in-medicine-makes-sense/	Nothing in medicine makes sense
https://litfl.com/making-sense/	Making Sense
https://litfl.com/hacking-medical-education/	Hacking Medical Education
https://litfl.com/saved-by-electroconvulsive-therapy/	Saved by Electroconvulsive Therapy
https://litfl.com/crazy-bug-hunter-003/	Crazy Bug Hunter 003
https://litfl.com/lest-we-forget/	Lest We Forget
https://litfl.com/antimicrobial-resistance-where-to-from-here/	Antimicrobial Resistance: Where to from Here?
https://litfl.com/perspective/	Perspective
https://litfl.com/furuncular-myiasis/	Furuncular myiasis
https://litfl.com/friedrich-schultze/	Friedrich Schultze
https://litfl.com/nathan-weiss/	Nathan Weiss
https://litfl.com/crazy-bug-hunter-001/	Crazy Bug Hunter 001
https://litfl.com/chvostek-sign/	Chvostek sign
https://litfl.com/frantisek-chvostek/	František Chvostek
https://litfl.com/franz-chvostek-jr/	Franz Chvostek Jr
https://litfl.com/osler-and-australia/	Osler and Australia
https://litfl.com/melioidosis-lab-without-walls/	Melioidosis – Lab without walls
https://litfl.com/melioidosis-a-disease-of-surprises/	Melioidosis a disease of surprises
https://litfl.com/wilhem-his-junior/	Wilhem His Jr
https://litfl.com/be-a-guidewire-guru/	Be a Guidewire Guru
https://litfl.com/100-years-from-anzac-cove/	100 Years from ANZAC Cove
https://litfl.com/its-up-to-us/	It’s up to us
https://litfl.com/pleural-effusion-case-002/	Pleural Effusion Case 002
https://litfl.com/ben-goldacre-on-bad-pharma/	Ben Goldacre on Bad Pharma
https://litfl.com/out-out/	Out, Out
https://litfl.com/valproate-still-big-trouble/	Valproate: Still Big Trouble!
https://litfl.com/valproate-big-dose-big-trouble/	Valproate: Big Dose, Big Trouble!
https://litfl.com/pneumonia-case-004/	Pneumonia Case 004
https://litfl.com/45-seconds-memoirs-of-an-er-doctor/	45 Seconds – Memoirs of an ER Doctor
https://litfl.com/paracetamol-toxicity/	Paracetamol toxicity
https://litfl.com/pneumonia-case-003/	Pneumonia Case 003
https://litfl.com/thomas-cuming/	Thomas Cuming
https://litfl.com/diffuse-toxic-goitre/	Diffuse Toxic Goitre
https://litfl.com/pediatric-cxr-cases-001/	Pediatric CXR Cases 001
https://litfl.com/pneumonia-case-002/	Pneumonia Case 002
https://litfl.com/tomisaku-kawasaki/	Tomisaku Kawasaki
https://litfl.com/trials-of-academic-medicine/	Trials of Academic Medicine
https://litfl.com/ed-case-presentation-for-medical-students-davenport/	ED Case Presentation for Medical Students
https://litfl.com/otto-becker/	Otto Becker
https://litfl.com/pneumonia-case-1/	Pneumonia Case 001
https://litfl.com/changes-in-systolic-and-diastolic-pressure/	Changes in systolic and diastolic pressure
https://litfl.com/henry-earle/	Henry Earle
https://litfl.com/ecg-waves-and-hyperkalaemia/	ECG waves and hyperkalaemia
https://litfl.com/oxygen-concentration-curves/	Oxygen Concentration Curves
https://litfl.com/rrsidead-disposition/	RRSIDEAD • Disposition
https://litfl.com/rrsidead-antidotes/	RRSIDEAD • Antidotes
https://litfl.com/rrsidead-enhanced-elimination/	RRSIDEAD • Enhanced Elimination
https://litfl.com/rrsidead-decontamination/	RRSIDEAD • Decontamination
https://litfl.com/rrsidead-investigations/	RRSIDEAD • Investigations
https://litfl.com/rrsidead-supportive-care/	RRSIDEAD • Supportive Care
https://litfl.com/rrsidead-risk-assessment/	RRSIDEAD • Risk Assessment
https://litfl.com/rrsidead-resuscitation/	RRSIDEAD • Resuscitation
https://litfl.com/frank-starling-curve/	Frank Starling Curve
https://litfl.com/calligraphitis/	Calligraphitis
https://litfl.com/mastering-intensive-care-043-with-jo-stewart/	Mastering Intensive Care 043 with Jo Stewart
https://litfl.com/tetanus-mcq/	Tetanus MCQ
https://litfl.com/muscle-fibres-and-the-stretch-reflex/	Muscle Fibres and the stretch reflex
https://litfl.com/australia-lead-the-way-in-improbable-research/	Australia lead the way in improbable research
https://litfl.com/robert-greene-on-mastery/	Robert Greene on Mastery
https://litfl.com/debrief-2-learn/	Debrief 2 Learn
https://litfl.com/box-jellyfish/	Box Jellyfish
https://litfl.com/ticks-toxinology/	Ticks
https://litfl.com/white-tailed-spider-toxinology/	White-tailed Spider
https://litfl.com/funnel-web-spider-toxinology/	Funnel-Web Spider
https://litfl.com/redback-spider-toxinology/	Redback Spider
https://litfl.com/blue-ringed-octopus-toxinology/	Blue-Ringed Octopus
https://litfl.com/stonefish-toxinology/	Stonefish
https://litfl.com/australian-scorpion-toxinology/	Australian Scorpion
https://litfl.com/sea-snake-toxinology/	Sea Snake
https://litfl.com/taipan-toxinology/	Taipan
https://litfl.com/tiger-snake-toxinology/	Tiger Snake
https://litfl.com/death-adder-toxinology/	Death Adder
https://litfl.com/brown-snake-toxinology/	Brown Snake
https://litfl.com/black-snake-toxinology/	Black Snake
https://litfl.com/respiratory-dead-space/	Respiratory Dead Space
https://litfl.com/nerve-cell-action-potential/	Nerve Cell Action Potential
https://litfl.com/cardiac-myocyte-action-potential/	Cardiac Myocyte Action Potential
https://litfl.com/ebola-the-perfect-political-pathogen/	Ebola, the Perfect Political Pathogen
https://litfl.com/antibiotics-preserve-the-miracle/	Antibiotics: Preserve the miracle?
https://litfl.com/de-testimonio/	De testimonio
https://litfl.com/haemoglobin-oxygen-dissociation-curve/	Haemoglobin-Oxygen Dissociation Curve
https://litfl.com/the-big-picture/	The Big Picture
https://litfl.com/becoming-an-oslerphile/	Becoming an Oslerphile
https://litfl.com/cardiac-pacemaker-cells-and-action-potential/	Cardiac Pacemaker Cells and Action potential
https://litfl.com/the-staghorn-challenge/	The Staghorn Challenge
https://litfl.com/static-lung-volumes/	Static Lung Volumes
https://litfl.com/sultana-related-sentinel-event/	Sultana-related Sentinel Event
https://litfl.com/ucem-selectively-research-rival-research-institute/	UCEM Selectively Research Rival Research Institute
https://litfl.com/darth-vader-in-the-er/	Darth Vader in the ER
https://litfl.com/lost-in-translation-again/	Lost in Translation…again
https://litfl.com/amisulpride-toxicity/	Amisulpride toxicity
https://litfl.com/benztropine-toxicity/	Benztropine toxicity
https://litfl.com/clozapine-toxicity/	Clozapine toxicity
https://litfl.com/lithium-toxicity/	Lithium toxicity
https://litfl.com/olanzapine-toxicity/	Olanzapine toxicity
https://litfl.com/phenothiazines-and-butyrophenones/	Phenothiazines and butyrophenones
https://litfl.com/quetiapine-toxicity/	Quetiapine toxicity
https://litfl.com/risperidone-toxicity/	Risperidone toxicity
https://litfl.com/how-to-fail-orthopedics/	How to fail Orthopedics
https://litfl.com/tetanus-vaccine/	Tetanus Vaccine
https://litfl.com/lv-pressure-volume-loop/	LV Pressure volume loop
https://litfl.com/expedition-and-wilderness-medicine/	Expedition and Wilderness Medicine
https://litfl.com/tox-conference-talks/	Tox Conference Talks
https://litfl.com/beta-blocker-toxicity/	Beta-blocker toxicity
https://litfl.com/calcium-channel-blocker-poisoning/	Calcium channel blocker toxicity
https://litfl.com/clonidine-toxicity/	Clonidine toxicity
https://litfl.com/chloroquine-hydroxychloroquine-toxicity/	Chloroquine and Hydroxychloroquine
https://litfl.com/non-medical-medical-eponyms/	Non-Medical Medical Eponyms
https://litfl.com/shock-do-we-know-it-when-we-see-it/	Shock… Do We Know It When We See It?
https://litfl.com/ever-tried-smoking/	Ever tried smoking?
https://litfl.com/physiology-philes-cardiac-action-potential/	Physiology Philes: Cardiac Action Potential
https://litfl.com/sigbert-ganser/	Sigbert Ganser
https://litfl.com/society-for-the-prevention-of-surgery/	Society for the Prevention of Surgery
https://litfl.com/physiology-philes-cell-membrane-resting-potential/	Physiology Philes: Cell membrane resting potential
https://litfl.com/ec50-and-spare-receptors/	EC50 and Spare Receptors
https://litfl.com/joseph-babinski/	Joseph Babinski
https://litfl.com/medical-certificate-sting/	Medical Certificate Sting
https://litfl.com/dangerous-love/	Dangerous Love
https://litfl.com/prof-staghorn-joins-ucem/	Prof Staghorn joins UCEM
https://litfl.com/corrigan-pulse/	Corrigan pulse
https://litfl.com/when-douglas-met-struan/	When Douglas met Struan
https://litfl.com/physiology-philes-hb-o2-dissociation-curve/	Physiology Philes: HB-O2 dissociation curve
https://litfl.com/open-wide/	Open wide
https://litfl.com/westmead-trial-saq-2015/	Westmead Trial SAQ 2015
https://litfl.com/tamworth-trial-saq-2015/	Tamworth Trial SAQ 2015
https://litfl.com/st-george-hospital-trial-saq-2016/	St George Hospital Trial SAQ 2016
https://litfl.com/royal-prince-alfred-trial-saq-2015/	Royal Prince Alfred Trial SAQ 2015
https://litfl.com/northern-sydney-trial-saq-2016-2/	Northern Sydney Trial SAQ 2016.2
https://litfl.com/northern-sydney-trial-saq-2016-1/	Northern Sydney Trial SAQ 2016.1
https://litfl.com/pah-trial-saq-2016/	PAH Trial SAQ 2016
https://litfl.com/pah-trial-saq-2015/	PAH Trial SAQ 2015
https://litfl.com/monash-trial-exam-2014/	Monash Trial Exam 2014
https://litfl.com/auckland-practice-exam-2015-1/	Auckland Practice Exam 2015.1
https://litfl.com/acem-saq-examples/	ACEM SAQ examples
https://litfl.com/adelaide-saq-2015-1/	Adelaide SAQ 2015.1
https://litfl.com/moschcowitz-syndrome/	Moschcowitz syndrome
https://litfl.com/how-to-give-a-ripper-talk/	How to give a ‘ripper’ talk
https://litfl.com/osce-postpartum-depression/	OSCE: Postpartum depression
https://litfl.com/osce-clinical-teaching/	OSCE: Clinical teaching
https://litfl.com/osce-medical-error/	OSCE: Medical Error
https://litfl.com/osce-patient-complaint/	OSCE: Patient Complaint
https://litfl.com/osce-paediatric-iron-overdose/	OSCE: Paediatric Iron Overdose
https://litfl.com/osce-overdose-advice/	OSCE: Overdose Advice
https://litfl.com/osce-early-pregnancy-discussion/	OSCE: Early pregnancy discussion
https://litfl.com/osce-breaking-bad-news-ich/	OSCE: Breaking Bad News – ICH
https://litfl.com/osce-breaking-bad-news-aaa/	OSCE: Breaking Bad News – AAA
https://litfl.com/osce-non-accidental-injury/	OSCE: Non-accidental injury
https://litfl.com/osce-impaired-colleague/	OSCE: Impaired Colleague
https://litfl.com/osce-paediatric-consent/	OSCE: Paediatric Consent
https://litfl.com/osce-registrar-complaint/	OSCE: Registrar Complaint
https://litfl.com/osce-needlestick-injury/	OSCE: Needlestick Injury
https://litfl.com/osce-collegial-discussion/	OSCE: Collegial Discussion
https://litfl.com/osce-mentor-meeting/	OSCE: Mentor Meeting
https://litfl.com/osce-disaster-planning/	OSCE: Disaster planning
https://litfl.com/patient-education-epipen/	OSCE: Patient Education – Epipen
https://litfl.com/changes-to-the-osce-exam-2018-and-beyond/	Changes to the OSCE Exam 2018 and beyond
https://litfl.com/australia-and-new-zealand-exam-courses/	Australia and New Zealand Exam Courses
https://litfl.com/osce-tips-on-passing/	OSCE Tips on passing
https://litfl.com/efficacy-and-potency/	Efficacy and Potency
https://litfl.com/alcohol-toxidrome/	Alcohol Toxidrome
https://litfl.com/cotard-syndrome/	Cotard syndrome
https://litfl.com/physiology-philes-valsalva-manoeuvre/	Physiology Philes: Valsalva Manoeuvre
https://litfl.com/leonard-cohen-and-foam/	Leonard Cohen and FOAM
https://litfl.com/six-phases-of-exam-study/	Six phases of exam study
https://litfl.com/first-order-and-zero-order-kinetics/	First Order and Zero Order Kinetics
https://litfl.com/louis-landouzy/	Louis Landouzy
https://litfl.com/a-really-tricky-abg/	A Really Tricky ABG?
https://litfl.com/ludwig-lichtheim/	Ludwig Lichtheim
https://litfl.com/antoine-marfan/	Antoine Marfan
https://litfl.com/mastering-intensive-care-042-with-paul-young/	Mastering Intensive Care 042 with Paul Young
https://litfl.com/gabriel-anton/	Gabriel Anton
https://litfl.com/einar-meulengracht/	Einar Meulengracht
https://litfl.com/christian-heerfordt/	Christian Heerfordt
https://litfl.com/christian-doppler/	Christian Doppler
https://litfl.com/bernard-lown/	Bernard Lown
https://litfl.com/gilbert-syndrome/	Gilbert syndrome
https://litfl.com/augustin-gilbert/	Augustin Gilbert
https://litfl.com/airway-ultrasound-longitudinal-views/	Airway ultrasound longitudinal views
https://litfl.com/anticholinergic-toxidrome/	Anticholinergic Toxidrome
https://litfl.com/leonard-erskine-hill/	Leonard Erskine Hill
https://litfl.com/airway-ultrasound-transverse-views/	Airway ultrasound transverse views
https://litfl.com/achieving-impossible-heights/	Achieving impossible heights
https://litfl.com/cyanide-poisoning-antidotes/	Cyanide Poisoning Antidotes
https://litfl.com/cholinergic-toxidrome/	Cholinergic Toxidrome
https://litfl.com/heerfordt-syndrome/	Heerfordt syndrome
https://litfl.com/anton-syndrome/	Anton syndrome
https://litfl.com/extrapyramidal-side-effects/	Extrapyramidal Side Effects
https://litfl.com/odentophagia/	Odentophagia
https://litfl.com/opiate-withdrawal/	Opiate Withdrawal
https://litfl.com/toxicology-antidote-hyperbaric-oxygen/	Toxicology Antidote Hyperbaric Oxygen
https://litfl.com/airway-ultrasound-the-oesophagus/	Airway ultrasound the oesophagus
https://litfl.com/johannes-von-esmarch/	Johannes von Esmarch
https://litfl.com/h-kirk-watson/	H Kirk Watson
https://litfl.com/toxicology-antidote-ipecac/	Toxicology Antidote Ipecac
https://litfl.com/rabies-vaccine/	Rabies Vaccine
https://litfl.com/walter-putnam-blount/	Walter Putnam Blount
https://litfl.com/ramon-brugada/	Ramon Brugada
https://litfl.com/jean-nicolas-corvisart/	Jean-Nicolas Corvisart
https://litfl.com/diphtheria-antitoxin/	Diphtheria Antitoxin
https://litfl.com/wrestling-with-risk/	Wrestling with Risk
https://litfl.com/future-of-ucem-decided/	Future of UCEM Decided
https://litfl.com/an-old-dog-learning-new-tricks/	An Old Dog Learning New Tricks
https://litfl.com/charles-stent/	Charles Stent
https://litfl.com/william-harvey/	William Harvey
https://litfl.com/pedro-brugada/	Pedro Brugada
https://litfl.com/synthetic-marijuana/	Synthetic Marijuana
https://litfl.com/ucem-promises-communication-training/	UCEM Promises Communication Training
https://litfl.com/rabies-mcq/	Rabies MCQ
https://litfl.com/raymond-de-vieussens/	Raymond Vieussens
https://litfl.com/blumgart-ernstene-murmur/	Blumgart-Ernstene murmur
https://litfl.com/defibrillation-basics/	Defibrillation Basics
https://litfl.com/basic-life-support-bls/	Basic Life Support
https://litfl.com/arthur-carlton-ernstene/	Arthur Carlton Ernstene
https://litfl.com/herrman-blumgart/	Herrman Blumgart
https://litfl.com/nathan-charles/	Nathan Charles
https://litfl.com/palmaris-slapus-abdominus/	Palmaris slapus abdominus
https://litfl.com/ludwig-traube/	Ludwig Traube
https://litfl.com/rosenbach-disease/	Rosenbach disease
https://litfl.com/anton-rosenbach/	Friedrich Julius Rosenbach
https://litfl.com/local-anaesthetic-toxicity/	Local Anaesthetic Toxicity
https://litfl.com/hydrogen-sulfide-poisoning/	Hydrogen Sulfide Poisoning
https://litfl.com/petr-skrabanek/	Petr Skrabanek
https://litfl.com/cyanide-poisoning/	Cyanide Poisoning
https://litfl.com/wide-complex-and-troublesome/	Wide, Complex and Troublesome
https://litfl.com/emergency-medicine-kwa-zulu-natal-style/	Emergency Medicine Kwa-Zulu Natal Style
https://litfl.com/samuel-refetoff/	Samuel Refetoff
https://litfl.com/ronald-ross/	Ronald Ross
https://litfl.com/caustic-ingestion-acid/	Caustic Ingestion: Acid
https://litfl.com/a-potent-but-weak-solution-to-oils-peak/	A Potent but Weak Solution to Oil’s Peak
https://litfl.com/evidence-based-homeopathy/	Evidence-based Homeopathy
https://litfl.com/watch-laugh-learn-live/	Watch, Laugh, Learn, Live
https://litfl.com/what-motivates-us/	What motivates us?
https://litfl.com/food-allergy-amplification-all-the-rage/	Food allergy amplification all the RAGE
https://litfl.com/pietro-grocco/	Pietro Grocco
https://litfl.com/pierre-paul-broca/	Paul Broca
https://litfl.com/crippens-law/	Crippen’s Law
https://litfl.com/palliative-care-in-emergency-medicine/	Palliative Care in Emergency Medicine
https://litfl.com/the-broken-doctors-hotel/	The Broken Doctors Hotel
https://litfl.com/francois-chaussier/	François Chaussier
https://litfl.com/arsenic-poisoning/	Arsenic Poisoning
https://litfl.com/tetanus-immunoglobulin/	Tetanus Immunoglobulin
https://litfl.com/a-new-threat-tied-in-to-intensive-care/	A New Threat Tied in to Intensive Care
https://litfl.com/refetoff-syndrome/	Refetoff Syndrome
https://litfl.com/australian-anaphylaxis-amplification/	Australian Anaphylaxis Amplification
https://litfl.com/ludwig-edinger/	Ludwig Edinger
https://litfl.com/josep-brugada/	Josep Brugada
https://litfl.com/jonathan-hutchinson/	Jonathan Hutchinson
https://litfl.com/acetaminophen-paracetamol-overdose/	Acetaminophen Paracetamol Overdose
https://litfl.com/the-art-of-infarct-localisation/	The Art of Infarct Localisation
https://litfl.com/michael-debakey/	Michael DeBakey
https://litfl.com/crazy-bug-hunter-002/	Crazy Bug Hunter 002
https://litfl.com/awaiting-the-chop/	Awaiting the Chop
https://litfl.com/diphtheria-vaccine/	Diphtheria Vaccine
https://litfl.com/jack-dee-nomination-for-f-ucem/	Jack Dee nomination for F.UCEM
https://litfl.com/those-we-carry/	Those we carry
https://litfl.com/a-problem-with-plumbing/	A Problem with Plumbing
https://litfl.com/thomas-morgan-rotch/	Thomas Morgan Rotch
https://litfl.com/introducing-resuscitology-2/	Introducing: Resuscitology
https://litfl.com/ralph-m-waters/	Ralph M. Waters
https://litfl.com/going-back-to-extremes/	Going back to extremes!
https://litfl.com/jesus-saves/	Jesus Saves
https://litfl.com/william-francis-ganong/	William Francis Ganong
https://litfl.com/fellows-of-the-ucem-embrace-whore-model/	Fellows of the UCEM embrace WHORe model
https://litfl.com/dont-put-your-patient-in-a-box/	Don’t put your Patient in a Box
https://litfl.com/biological-basis-for-blood-brain-barrier/	Biological Basis for Blood-Brain Barrier
https://litfl.com/compartment-syndrome/	Compartment Syndrome
https://litfl.com/the-art-of-sloughing/	The Art of Sloughing
https://litfl.com/dawson-on-organophosphates-tox-asian-style/	Dawson on Organophosphates: Tox Asian Style
https://litfl.com/how-to-give-an-unforgettable-talk/	How to give an unforgettable talk
https://litfl.com/tox-tute-tricyclic-antidepressant-overdose/	Tox Tute: Tricyclic Antidepressant Overdose
https://litfl.com/anatomy-of-a-3d-printer/	Anatomy of a 3D Printer
https://litfl.com/mastering-intensive-care-041-with-rana-awdish/	Mastering Intensive Care 041 with Rana Awdish
https://litfl.com/losing-the-war-on-resistant-gram-negatives/	Losing the War on Resistant Gram Negatives
https://litfl.com/thomas-watson/	Thomas Watson
https://litfl.com/guillaume-benjamin-duchenne/	Guillaume-Benjamin Duchenne
https://litfl.com/jean-pierre-falret/	Jean Pierre Falret
https://litfl.com/dl-terminated/	DL Terminated
https://litfl.com/what-on-earths-wrong-with-placebos/	What On Earth’s Wrong With Placebos ?
https://litfl.com/the-general-infection-of-2010/	The General Infection of 2020
https://litfl.com/the-bordetella-pertussis-epidemic/	The Bordetella pertussis epidemic
https://litfl.com/cholera-vaccine/	Cholera Vaccine
https://litfl.com/man-catches-gizmonotic-virus/	Man catches gizmonotic virus
https://litfl.com/the-ballad-of-erics-prostate/	The Ballad of Eric’s Prostate
https://litfl.com/little-willie-the-poisoner/	Little Willie the Poisoner
https://litfl.com/the-management-of-medical-emergencies-in-tv-land/	Medical emergencies in TV land
https://litfl.com/resident-evaluations/	Resident evaluations
https://litfl.com/the-summing-up/	The Summing Up
https://litfl.com/hydropneumothorax/	Hydropneumothorax
https://litfl.com/pediatric-perplexity-019/	Neonatal Diversion
https://litfl.com/delegate-defense/	Delegate Defense
https://litfl.com/mcmurray-test/	McMurray test
https://litfl.com/searching-for-smaug/	Searching for Smaug
https://litfl.com/malaria-vaccine/	Malaria vaccine
https://litfl.com/tension-pneumothorax-time-to-change-the-old-mantra/	Tension pneumothorax – time to change the old mantra?
https://litfl.com/rosc-hypotension-and-an-ecg-exigency/	ROSC, hypotension and an ECG exigency
https://litfl.com/tension-pneumothorax-an-alternative-view/	Tension Pneumothorax – an alternative view
https://litfl.com/part-one/	Part One
https://litfl.com/toxicology-mnemonic-challenge/	Toxicology Mnemonic Challenge
https://litfl.com/own-the-wound/	Own the Wound!
https://litfl.com/key-hodgkin-murmur/	Key-Hodgkin murmur
https://litfl.com/macintosh-laryngoscope/	Macintosh laryngoscope
https://litfl.com/edward-janeway/	Edward Janeway
https://litfl.com/lung-collapse-case-1/	Lung collapse Case 1
https://litfl.com/pneumothorax-case-1/	Pneumothorax Case 1
https://litfl.com/spaso-technique/	Spaso technique
https://litfl.com/luck-of-the-irish/	Luck of the Irish
https://litfl.com/rabies-immunoglobulin-rig/	Rabies Immunoglobulin (RIG)
https://litfl.com/is-foam-at-fault/	Is FOAM at fault?
https://litfl.com/litfl-leap-of-faith-in-kl/	LITFL Leap of Faith in KL
https://litfl.com/conceptos-en-medicina-de-urgencia/	Conceptos en Medicina de Urgencia
https://litfl.com/mirtazapine-toxicity/	Mirtazapine toxicity
https://litfl.com/snri-toxicity/	SNRI toxicity
https://litfl.com/ssri-toxicity/	SSRI toxicity
https://litfl.com/tca-toxicity/	TCA toxicity
https://litfl.com/non-sedating-antihistamines/	Non-sedating Antihistamines
https://litfl.com/sedating-antihistamines/	Sedating Antihistamines
https://litfl.com/black-snake-antivenom/	Black Snake Antivenom
https://litfl.com/brown-snake-antivenom/	Brown Snake Antivenom
https://litfl.com/death-adder-antivenom/	Death Adder Antivenom
https://litfl.com/tiger-snake-antivenom/	Tiger Snake Antivenom
https://litfl.com/taipan-antivenom/	Taipan Antivenom
https://litfl.com/sea-snake-antivenom/	Sea Snake Antivenom
https://litfl.com/polyvalent-snake-antivenom/	Polyvalent Snake Antivenom
https://litfl.com/stonefish-antivenom/	Stonefish Antivenom
https://litfl.com/box-jellyfish-antivenom/	Box Jellyfish Antivenom
https://litfl.com/redback-spider-antivenom/	Redback Spider Antivenom
https://litfl.com/funnel-web-spider-antivenom/	Funnel-Web Spider Antivenom
https://litfl.com/roth-spots/	Roth spots
https://litfl.com/bupropion-toxicity/	Bupropion toxicity
https://litfl.com/maoi-toxicity/	MAOI toxicity
https://litfl.com/valproic-acid/	Valproic Acid
https://litfl.com/phenytoin-toxicity/	Phenytoin toxicity
https://litfl.com/newer-anticonvulsants/	Newer Anticonvulsants
https://litfl.com/carbamazepine-toxicity-tox-library/	Carbamazepine toxicity
https://litfl.com/benzodiazepine-toxicity/	Benzodiazepine toxicity
https://litfl.com/warfarin-toxicity/	Warfarin toxicity
https://litfl.com/noacs/	NOACs
https://litfl.com/anticoagulant-rodenticides/	Anticoagulant Rodenticides
https://litfl.com/strychnine-toxicity/	Strychnine toxicity
https://litfl.com/paraquat-toxicity/	Paraquat toxicity
https://litfl.com/organophosphorus-agents/	Organophosphorus agents
https://litfl.com/organochlorines/	Organochlorines
https://litfl.com/hydrogen-peroxide/	Hydrogen peroxide
https://litfl.com/hydrofluric-acid/	Hydrofluric acid
https://litfl.com/glyphosate-toxicity/	Glyphosate toxicity
https://litfl.com/corrosive-ingestions/	Corrosive ingestions
https://litfl.com/dressler-syndrome/	Dressler syndrome
https://litfl.com/funtabulous-international-womens-day/	Funtabulous International Women’s Day
https://litfl.com/pacemaker-panic-2/	Pacemaker Panic #2
https://litfl.com/lessons-from-osler-004/	Lessons from Osler 004
https://litfl.com/brugada-syndrome-ecg-library/	Brugada Syndrome
https://litfl.com/the-aliem-faculty-incubator/	The ALiEM Faculty Incubator
https://litfl.com/iron-ingestion/	Iron ingestion
https://litfl.com/arsenic-toxicity/	Arsenic toxicity
https://litfl.com/hydrocarbon-toxicity/	Hydrocarbon toxicity
https://litfl.com/cyanide-toxicity/	Cyanide toxicity
https://litfl.com/chlorine-toxicity/	Chlorine toxicity
https://litfl.com/carbon-monoxide-inhalation/	Carbon monoxide inhalation
https://litfl.com/ice008-abg-puzzler/	ICE008: ABG Puzzler
https://litfl.com/apgar-score/	Apgar Score
https://litfl.com/miller-laryngoscope/	Miller laryngoscope
https://litfl.com/winter-is-coming/	Winter is Coming
https://litfl.com/is-the-web-killing-the-impact-factor/	Is the Web killing the Impact Factor?
https://litfl.com/choose-emergency-medicine/	Choose Emergency Medicine
https://litfl.com/potassium-toxicity/	Potassium toxicity
https://litfl.com/thyroxine-toxicity/	Thyroxine toxicity
https://litfl.com/mercury-toxicity/	Mercury toxicity
https://litfl.com/theophylline-tox-library/	Theophylline toxicity
https://litfl.com/isoniazid-tox-library/	Isoniazid toxicity
https://litfl.com/baclofen-toxicity/	Baclofen toxicity
https://litfl.com/mastering-intensive-care-040-with-ed-litton/	Mastering Intensive Care 040 with Ed Litton
https://litfl.com/another-widow-maker/	Another Widow Maker
https://litfl.com/david-drummond/	David Drummond
https://litfl.com/redback-spider-envenoming/	Redback Spider Envenoming
https://litfl.com/lessons-from-osler-003/	Lessons from Osler 003
https://litfl.com/ucem-waiting-room-movies/	UCEM Waiting Room Movies
https://litfl.com/opioid-toxicity/	Opioid toxicity
https://litfl.com/ghb-toxicity/	GHB toxicity
https://litfl.com/cocaine-toxicity/	Cocaine toxicity
https://litfl.com/cannabinoid-toxicity/	Cannabinoid toxicity
https://litfl.com/barbiturate-toxicity/	Barbiturate toxicity
https://litfl.com/amphetamine-poisoning/	Amphetamine poisoning
https://litfl.com/letter-from-america-005/	Letter From America #5
https://litfl.com/shock-syncope-and-severe-chest-pain/	Shock, syncope and severe chest pain
https://litfl.com/ten-commandments-of-clinical-research/	Ten Commandments of Clinical Research
https://litfl.com/automated-radiodiagnostic-security-entrance/	Automated Radiodiagnostic Security Entrance
https://litfl.com/jules-falret/	Jules Falret
https://litfl.com/colchicine-toxicity/	Colchicine toxicity
https://litfl.com/quinine-toxicity/	Quinine toxicity
https://litfl.com/digoxin-poisoning/	Digoxin poisoning
https://litfl.com/nsaids-toxicity/	NSAIDs toxicity
https://litfl.com/sulfonylurea-toxicity/	Sulfonylurea toxicity
https://litfl.com/inattentional-blindness-unintentional-consequences/	Inattentional blindness, unintentional consequences
https://litfl.com/managing-the-busy-ed-part-2/	Managing the Busy ED: Part 2
https://litfl.com/letter-from-america-004/	Letter From America #4
https://litfl.com/ten-commandments-of-pediatric-emergency-medicine/	Ten Commandments of Pediatric Emergency Medicine
https://litfl.com/vt-or-not-vt/	VT or not VT
https://litfl.com/litfl-leap-of-faith-noonamah-nt/	LITFL Leap of Faith Noonamah NT
https://litfl.com/lessons-from-osler-002/	Lessons from Osler 002
https://litfl.com/short-path-reverberation-artefact/	Short path reverberation artefact
https://litfl.com/metformin-toxicity/	Metformin toxicity
https://litfl.com/insulin-toxicity/	Insulin toxicity
https://litfl.com/tramadol-toxicity/	Tramadol toxicity
https://litfl.com/salicylate-toxicity/	Salicylate toxicity
https://litfl.com/a-fondness-of-fruit/	A Fondness of Fruit
https://litfl.com/nice-fever-guidelines-for-kids/	NICE fever guidelines for kids
https://litfl.com/local-anaesthetic/	Local Anaesthetic
https://litfl.com/chloral-hydrate/	Chloral Hydrate
https://litfl.com/approach-to-snakebite/	Approach to Snakebite
https://litfl.com/12-lead-ecg-in-toxicology/	12-lead ECG in Toxicology
https://litfl.com/acid-base-disorders-and-osmolar-gaps/	Acid base disorders and Osmolar Gaps
https://litfl.com/managing-the-busy-ed/	Managing the Busy ED
https://litfl.com/letter-from-america-003/	Letter From America #3
https://litfl.com/metabolic-mayhem/	Metabolic Mayhem
https://litfl.com/litfl-takes-a-leap-of-faith/	LITFL takes a leap of faith
https://litfl.com/crazy-bug-hunter-004/	Crazy Bug Hunter 004
https://litfl.com/lessons-from-osler-001/	Lessons from Osler 001
https://litfl.com/buckley-on-paracetamol-more-than-meets-the-eye/	Buckley on Paracetamol: More Than Meets The Eye
https://litfl.com/long-path-reverberation-artefact/	Long path reverberation artefact
https://litfl.com/fear-and-loathing-in-er-and-icu/	Fear and Loathing in ER and ICU
https://litfl.com/echo-of-the-widow-dimanche/	Echo of the widow Dimanche
https://litfl.com/when-i-am-in-doubt/	When I Am In Doubt
https://litfl.com/paul-louis-duroziez/	Paul Louis Duroziez
https://litfl.com/letter-from-america-002/	Letter From America #2
https://litfl.com/post-op-pacing-puzzler/	Post-op Pacing Puzzler
https://litfl.com/emergency-medicine-ultrasound-groups/	Emergency Medicine Ultrasound Groups
https://litfl.com/beholders-or-patients-and-families/	“Beholders” or patients and families?
https://litfl.com/what-is-brugada-syndrome/	What is Brugada Syndrome?
https://litfl.com/antidotes-summary/	Antidotes Summary
https://litfl.com/beta-blockers-for-cocaine-and-other-stimulant-toxicity/	Beta-Blockers for Cocaine and other Stimulant Toxicity
https://litfl.com/john-madison-taylor/	John Madison Taylor
https://litfl.com/francois-gigot-de-lapeyronie/	François Gigot de La Peyronie
https://litfl.com/the-magic-of-the-neuro-exam/	The Magic of the Neuro Exam
https://litfl.com/helpful-brainstem-figures/	Helpful Brainstem Figures
https://litfl.com/carl-von-liebermeister/	Carl von Liebermeister
https://litfl.com/faget-sign/	Faget Sign
https://litfl.com/liebermeister-rule/	Liebermeister rule
https://litfl.com/jean-charles-faget/	Jean-Charles Faget
https://litfl.com/the-rule-of-4-of-the-brainstem/	The rule of 4 of the brainstem
https://litfl.com/brainstem-rules-of-4/	Brainstem Rules of 4
https://litfl.com/letter-from-america-001/	Letter From America
https://litfl.com/david-bayford/	David Bayford
https://litfl.com/peyronies-disease/	Peyronie’s disease
https://litfl.com/charles-macklin/	Charles Macklin
https://litfl.com/ema-april-2015/	EMA April 2015
https://litfl.com/ferdinand-jean-darier/	Ferdinand-Jean Darier
https://litfl.com/troubling-tachycardia/	Troubling Tachycardia
https://litfl.com/rescueicp-and-the-eye-of-the-beholder/	RESCUEicp and the Eye of the Beholder
https://litfl.com/thomas-test/	Thomas test
https://litfl.com/ecg-rate-interpretation/	ECG Rate Interpretation
https://litfl.com/ema-february-2015/	EMA February 2015
https://litfl.com/flummoxing-familial-fibrillation/	Flummoxing Familial Fibrillation
https://litfl.com/ultrasound-reverberation-artefacts/	Reverberation Artefacts
https://litfl.com/digoxin-toxicity-management/	Digoxin toxicity: Management
https://litfl.com/sudden-syncope-at-soccer/	Sudden Syncope at Soccer
https://litfl.com/a-subtle-sign-of-something-sinister/	A Subtle Sign of Something Sinister
https://litfl.com/copd-case-2-lung-bullae/	COPD Case 2 Lung Bullae
https://litfl.com/ema-december-2014/	EMA December 2014
https://litfl.com/seizures-somnolence-and-a-scary-ecg/	Seizures, Somnolence and a Scary ECG
https://litfl.com/marathon-related-ecg-exasperation/	Marathon-related ECG Exasperation
https://litfl.com/the-changemaker-umesh-prabhu/	The Changemaker, Umesh Prabhu
https://litfl.com/ema-october-2014/	EMA October 2014
https://litfl.com/puzzling-paroxysmal-palpitations/	Puzzling Paroxysmal Palpitations
https://litfl.com/lung-point-case-3/	Lung Point Case 3
https://litfl.com/the-victim-of-medical-mistakes/	The victim of medical mistakes
https://litfl.com/ema-august-2014/	EMA August 2014
https://litfl.com/risky-rhythyms/	Risky Rhythyms
https://litfl.com/the-doctor-who-exposed-his-own-error/	The doctor who exposed his own error
https://litfl.com/pain-free-and-in-vt/	Pain free and in VT?
https://litfl.com/electrocardiographic-exigency/	Electrocardiographic Exigency
https://litfl.com/investigative-epidemiology/	Investigative Epidemiology
https://litfl.com/ema-june-2014/	EMA June 2014
https://litfl.com/cough-or-kill/	Cough or kill
https://litfl.com/bedside-echo-in-pulmonary-embolism/	Bedside Echo in Pulmonary Embolism
https://litfl.com/exogenous-calcium-embolism/	Exogenous Calcium Embolism
https://litfl.com/ema-april-2014/	EMA April 2014
https://litfl.com/nicolaes-tulp/	Nicolaes Tulp
https://litfl.com/pneumothorax-case-5/	Pneumothorax Case 5
https://litfl.com/tetraology-of-fallot-and-bt-shunts/	Tetraology of Fallot and BT shunts
https://litfl.com/future-pathologies/	Future Pathologies
https://litfl.com/ema-silver-anniversary-issue/	EMA Silver Anniversary Issue
https://litfl.com/debakey-dissection/	DeBakey Dissection
https://litfl.com/live-non-attenuated-transmissible-vaccine/	Live non-attenuated transmissible vaccine
https://litfl.com/ema-december-2013/	EMA December 2013
https://litfl.com/everything-ecmo/	Everything ECMO
https://litfl.com/the-uncertainty-of-truth/	The Uncertainty of Truth
https://litfl.com/pneumothorax-case-2/	Pneumothorax Case 2
https://litfl.com/manes-kartagener/	Manes Kartagener
https://litfl.com/scientists-discover-genetic-marker-for-administration/	Scientists discover genetic marker for administration
https://litfl.com/your-management-team-may-be-parasites/	Your Management Team May Be Parasites
https://litfl.com/ema-october-2013/	EMA October 2013
https://litfl.com/subcutaneous-emphysema-case-1/	Subcutaneous emphysema Case 1
https://litfl.com/intra-aortic-balloon-pump-trouble-shooting/	Intra-aortic Balloon Pump Trouble-shooting
https://litfl.com/the-paradoxical-alternative/	The Paradoxical Alternative
https://litfl.com/ema-august-2013/	EMA August 2013
https://litfl.com/join-the-smacc-clinician-educators-unconference/	Join the SMACC Clinician Educators Unconference!
https://litfl.com/join-the-smacc-clinician-educators-dragons-den/	Join the SMACC Clinician Educators Dragon’s Den!
https://litfl.com/lung-ultrasound-malignancy/	Lung ultrasound: Malignancy
https://litfl.com/lung-ultrasound-subcutaneous-emphysema/	Lung ultrasound: Subcutaneous Emphysema
https://litfl.com/causes-of-lung-collapse/	Causes of Lung Collapse
https://litfl.com/euboxia-and-abnormality/	Euboxia and (Ab)Normality
https://litfl.com/intra-aortic-balloon-pump/	Intra-aortic Balloon Pump
https://litfl.com/ema-june-2013/	EMA June 2013
https://litfl.com/why-so-blue/	Why so blue?
https://litfl.com/somethings-not-right/	Something’s not right…
https://litfl.com/mini-tracheostomy/	Mini Tracheostomy
https://litfl.com/gas-forming-infections/	Gas-forming infections
https://litfl.com/ema-april-2013/	EMA April 2013
https://litfl.com/132-ways-to-shock-yourself/	132 ways to shock yourself
https://litfl.com/off-to-see-the-wizard/	Off to see the Wizard
https://litfl.com/insight/	Insight
https://litfl.com/forgetting-the-unforgettable/	Forgetting the Unforgettable
https://litfl.com/ice-blog-and-the-keylime-podcast/	ICE blog and the KeyLIME podcast
https://litfl.com/ema-february-2013/	EMA February 2013
https://litfl.com/cardiac-megacode/	Cardiac Megacode
https://litfl.com/to-bpt-or-not-to-bpt-that-is-the-junior-doctors-question/	To BPT, or not to BPT, that is the junior doctor’s question…
https://litfl.com/sudden-onset-blue-leg/	Sudden onset blue leg
https://litfl.com/mirror-image-artefacts/	Mirror Image Artefacts
https://litfl.com/comet-tail-artefact/	Comet tail artefact
https://litfl.com/anticoagulated-patients-in-the-ed/	Anticoagulated Patients in the ED
https://litfl.com/airway-lessons-from-the-austere-environment/	Airway Lessons from the Austere Environment
https://litfl.com/support-a-delegate-supadel/	Support a Delegate (Supadel)
https://litfl.com/how-evidence-changes-through-the-years/	How Evidence Changes Through The Years
https://litfl.com/exercise-associated-hyponatremia/	Exercise-associated Hyponatremia
https://litfl.com/ema-capacity-building-in-international-em/	EMA Capacity building in International EM
https://litfl.com/broken-hearted-chest-drain/	Broken-hearted chest drain
https://litfl.com/antidote-and-gothic-doctor-review/	Antidote and Gothic Doctor review
https://litfl.com/lisfranc-fracture/	Lisfranc fracture
https://litfl.com/robert-arden-miller/	Robert Arden Miller
https://litfl.com/diarrhoea-ccc/	Diarrhoea CCC
https://litfl.com/cooling-mattress/	Cooling mattress
https://litfl.com/ucem-intern-training/	UCEM Intern Training
https://litfl.com/primer-for-clinical-research/	Primer for Clinical Research
https://litfl.com/ever-wanted-to-be-a-clinical-forensic-medicine-registrar/	Ever wanted to be a Clinical Forensic Medicine Registrar?
https://litfl.com/primum-non-nocere/	Primum non nocere
https://litfl.com/lifting-the-lid-on-a-proven-therapy/	Lifting the lid on a ‘proven therapy’
https://litfl.com/what-happened-at-the-icu-clinician-educators-unconference-2018/	What happened at the ICU Clinician Educators Unconference 2018?
https://litfl.com/stuxnet-worm-targets-ucem-headquarters/	Stuxnet Worm targets UCEM Headquarters
https://litfl.com/hyponatraemia-ccc/	Hyponatraemia CCC
https://litfl.com/ema-december-2012/	EMA December 2012
https://litfl.com/is-the-peer-reviewed-journal-dead/	Is the Peer Reviewed Journal Dead?
https://litfl.com/diffuse-alveolar-haemorrhage/	Diffuse Alveolar Haemorrhage
https://litfl.com/the-four-r-rule/	The Four R Rule
https://litfl.com/deconditioning-in-critical-illness/	Deconditioning in Critical Illness
https://litfl.com/ema-october-2012/	EMA October 2012
https://litfl.com/extinguishing-medical-errors-with-oil-and-gas/	Extinguishing Medical Errors with Oil and Gas
https://litfl.com/forget-social-media-get-foamed/	Forget Social Media… Get #FOAMed!
https://litfl.com/he-who-is-not-forgotten-will-not-die/	He who is not forgotten will not die
https://litfl.com/smacctastic-pk-talks/	SMACCtastic PK talks!
https://litfl.com/another-six-smaccers/	Another Six SMACCers!
https://litfl.com/never-kiss-a-jellyfish/	Never Kiss a Jellyfish
https://litfl.com/open-fractures/	Open Fractures
https://litfl.com/seizures-sedation-and-saliva/	Seizures, Sedation and Saliva
https://litfl.com/tracheostomy/	Tracheostomy
https://litfl.com/hypernatraemia-ccc/	Hypernatraemia CCC
https://litfl.com/ema-august-2012/	EMA August 2012
https://litfl.com/better-people-make-better-doctors/	Better people make better doctors
https://litfl.com/code-black-2/	Code Black
https://litfl.com/methanol/	Methanol
https://litfl.com/isopropanol/	Isopropanol
https://litfl.com/ethylene-glycol/	Ethylene Glycol
https://litfl.com/ethanol-toxicity/	Ethanol
https://litfl.com/observation-ward/	Observation Ward
https://litfl.com/james-barry-margaret-ann-bulkley/	James Barry (Margaret Ann Bulkley)
https://litfl.com/red-dust-dingoes-trauma-and-sepsis/	Red Dust, dingoes, trauma and Sepsis
https://litfl.com/mracc-alice-springs-a-retrieval-experience-like-no-other/	MRaCC Alice Springs – a retrieval experience like no other!
https://litfl.com/stuffed-speeding-and-busted/	Stuffed, Speeding and Busted!
https://litfl.com/ema-june-2012/	EMA June 2012
https://litfl.com/super-docs-2-0/	Super Docs 2.0
https://litfl.com/the-wisdom-of-crowd-review/	The Wisdom of Crowd Review
https://litfl.com/time-to-publish-then-filter/	Time to publish then filter?
https://litfl.com/clinical-neurology-a-primer/	Clinical Neurology a primer
https://litfl.com/the-most-expensive-medical-equipment-in-the-world/	The Most Expensive Medical Equipment in the World
https://litfl.com/stu-marshall-on-airway-strategies/	Stu Marshall on Airway Strategies
https://litfl.com/the-world-at-war/	The World at War!
https://litfl.com/not-backwards-in-going-backwards/	Not Backwards in going Backwards
https://litfl.com/vitamin-k/	Vitamin K
https://litfl.com/sugammadex/	Sugammadex
https://litfl.com/succimer/	Succimer
https://litfl.com/sodium-thiosulphate/	Sodium thiosulphate
https://litfl.com/sodium-calcium-edetate/	Sodium Calcium edetate
https://litfl.com/sodium-bicarbonate/	Sodium Bicarbonate
https://litfl.com/pyridoxine/	Pyridoxine
https://litfl.com/pralidoxime/	Pralidoxime
https://litfl.com/physostigmine/	Physostigmine
https://litfl.com/penicillamine/	Penicillamine
https://litfl.com/octreotide/	Octreotide
https://litfl.com/naloxone/	Naloxone
https://litfl.com/n-acetylcysteine/	N-acetylcysteine
https://litfl.com/methylene-blue/	Methylene blue
https://litfl.com/intravenous-lipid-emulsion/	Intravenous lipid emulsion
https://litfl.com/ema-april-2012/	EMA April 2012
https://litfl.com/concussion-in-rugby/	Concussion in Rugby
https://litfl.com/jean-francois-kerandel/	Jean-François Kérandel
https://litfl.com/mannitol/	Mannitol
https://litfl.com/alvarado-score/	Alvarado score
https://litfl.com/theophylline-ccc/	Theophylline
https://litfl.com/edwin-sterling-munson/	Edwin Sterling Munson
https://litfl.com/how-to-make-a-pk-smacctalk/	How to make a PK SMACCTalk
https://litfl.com/kartagener-syndrome/	Kartagener syndrome
https://litfl.com/insulin-high-dose/	Insulin (High dose)
https://litfl.com/idarucizumab/	Idarucizumab
https://litfl.com/hydroxocobalamin/	Hydroxocobalamin
https://litfl.com/glucose/	Glucose
https://litfl.com/glucagon/	Glucagon
https://litfl.com/fomepizole/	Fomepizole
https://litfl.com/folinic-acid/	Folinic Acid
https://litfl.com/flumazenil/	Flumazenil
https://litfl.com/ethanol/	Ethanol
https://litfl.com/benztropine/	Benztropine
https://litfl.com/heinrich-von-bamberger/	Heinrich von Bamberger
https://litfl.com/william-james-west/	William West
https://litfl.com/dimercaprol/	Dimercaprol
https://litfl.com/desferrioxamine/	Desferrioxamine
https://litfl.com/suttons-law/	Sutton’s Law
https://litfl.com/dicobalt-edetate/	Dicobalt edetate
https://litfl.com/ema-february-2012/	EMA February 2012
https://litfl.com/super-docs/	Super Docs
https://litfl.com/the-wilyman-phd/	The Wilyman PhD
https://litfl.com/respiratory-monitoring-in-the-ed/	Respiratory Monitoring in the ED
https://litfl.com/johann-lukas-schonlein/	Johann Lukas Schönlein
https://litfl.com/osler-node/	Osler node
https://litfl.com/dear-potential-patient/	Dear Potential Patient
https://litfl.com/the-stem-programme/	The STEM Programme
https://litfl.com/james-parkinson/	James Parkinson
https://litfl.com/kerley-lines/	Kerley lines
https://litfl.com/top-10-tips-for-foam-beginners/	Top 10 Tips for FOAM Beginners
https://litfl.com/the-procedures-course/	The Procedures Course
https://litfl.com/on-becoming-a-doctor/	On becoming a doctor
https://litfl.com/ecg-academy-library/	ECG Academy Library
https://litfl.com/ecg-academy/	ECG Academy
https://litfl.com/fritz-valdemar-rasmussen/	Fritz Valdemar Rasmussen
https://litfl.com/hakaru-hashimoto/	Hakaru Hashimoto
https://litfl.com/ten-commandments-of-emergency-medicine/	Ten Commandments of Emergency Medicine
https://litfl.com/jean-baptiste-octave-landry/	Jean-Baptiste Octave Landry
https://litfl.com/thrombolysis-for-submassive-pulmonary-embolus/	Thrombolysis for submassive pulmonary embolus
https://litfl.com/own-the-chest-tube/	Own the Chest Tube!
https://litfl.com/clinical-management-template/	Clinical Management Template
https://litfl.com/warming-blanket/	Warming blanket
https://litfl.com/urinary-catheter-idc-or-foley/	Urinary catheter (IDC or Foley)
https://litfl.com/calcium-as-an-inopressor/	Calcium as an Inopressor
https://litfl.com/sodium/	Sodium
https://litfl.com/potassium/	Potassium
https://litfl.com/copd-case-1/	COPD Case 1 Lung Pulse
https://litfl.com/mark-akenside/	Mark Akenside
https://litfl.com/another-tca-overdose/	Another TCA overdose!
https://litfl.com/alprazoslammed/	Alprazoslammed
https://litfl.com/portal-vein-thrombosis/	Portal vein thrombosis
https://litfl.com/stress-ulcer-prophylaxis/	Stress Ulcer Prophylaxis
https://litfl.com/spontaneous-bacterial-peritonitis/	Spontaneous Bacterial Peritonitis
https://litfl.com/portal-hypertension/	Portal Hypertension
https://litfl.com/flexible-bronchoscope/	Flexible bronchoscope
https://litfl.com/hypokalaemic-periodic-paralysis/	Hypokalaemic Periodic Paralysis
https://litfl.com/weakness-hot-case/	Weakness Hot Case
https://litfl.com/subarachnoid-haemorrhage-patient-hot-case/	Subarachnoid Haemorrhage Patient Hot Case
https://litfl.com/leptospirosis/	Leptospirosis
https://litfl.com/spinal-injury-patient-hot-case/	Spinal Injury Patient Hot Case
https://litfl.com/respiratory-failure-hot-case/	Respiratory Failure Hot Case
https://litfl.com/oliguria-and-anuria-hot-case/	Oliguria and Anuria Hot Case
https://litfl.com/obstetric-patient-hot-case/	Obstetric Patient Hot Case
https://litfl.com/neutropaenic-fever-hot-case/	Neutropaenic Fever Hot Case
https://litfl.com/multi-organ-failure-hot-case/	Multi-organ Failure Hot Case
https://litfl.com/intra-abdominal-catastrophe-patient-hot-case/	Intra-abdominal Catastrophe Patient Hot Case
https://litfl.com/acute-graft-versus-host-disease/	Acute Graft Versus Host Disease
https://litfl.com/hepatic-veno-occlusive-disease/	Hepatic veno-occlusive disease
https://litfl.com/erythropoietin/	Erythropoietin
https://litfl.com/procedures-and-coagulopathy/	Procedures and Coagulopathy
https://litfl.com/haemophagocytic-lymphohistiocytosis-hlh/	Haemophagocytic lymphohistiocytosis
https://litfl.com/copd-patient-hot-case/	COPD Patient Hot Case
https://litfl.com/cardiac-arrest-survivor-hot-case/	Cardiac Arrest Survivor Hot Case
https://litfl.com/burns-patient-hot-case/	Burns Patient Hot Case
https://litfl.com/cryoprecipitate/	Cryoprecipitate
https://litfl.com/massive-transfusion-protocol/	Massive Transfusion Protocol
https://litfl.com/molecular-absorbent-recirculating-system-mars/	Molecular Adsorbent Recirculating System
https://litfl.com/acute-cholangitis/	Acute Cholangitis
https://litfl.com/aerobic-gram-negative-bacteria/	Aerobic Gram Negative Bacteria
https://litfl.com/anti-bacterial-resistance/	Antibacterial Resistance
https://litfl.com/antimicrobial-stewardship/	Antimicrobial Stewardship
https://litfl.com/antimicrobials-quick-reference/	Antimicrobial Quick Reference
https://litfl.com/aspergillosis/	Aspergillosis
https://litfl.com/bacterial-meningitis/	Bacterial Meningitis
https://litfl.com/candidiasis/	Candidiasis
https://litfl.com/cellulitis-2/	Cellulitis
https://litfl.com/cellulitis/	Cellulitis
https://litfl.com/cholera/	Cholera
https://litfl.com/classification-of-anti-bacterial-agents/	Classification of Antibacterial Agents
https://litfl.com/cryptococcosis/	Cryptococcosis
https://litfl.com/cytomegalovirus-cmv-in-the-critically-ill/	Cytomegalovirus in the Critically Ill
https://litfl.com/definitions-in-infectious-diseases/	Definitions in Infectious Diseases
https://litfl.com/ebola-virus/	Ebola virus
https://litfl.com/hand-hygiene/	Hand Hygiene
https://litfl.com/handwashing-in-icu/	Handwashing in ICU
https://litfl.com/healthcare-associated-infections-hais/	Healthcare Associated Infections
https://litfl.com/hiv-and-aids/	HIV and AIDS
https://litfl.com/infectious-diseases-literature-summaries/	Infectious Diseases Literature Summaries
https://litfl.com/influenza/	Influenza
https://litfl.com/liver-failure-definitions-and-scoring-systems/	Liver Failure Definitions and Scoring Systems
https://litfl.com/gastrointestinal-literature-summaries/	Gastrointestinal Literature Summaries
https://litfl.com/coagulopathy-in-liver-dysfunction/	Coagulopathy in Liver Dysfunction
https://litfl.com/abnormal-lfts-post-vascular-surgery/	Abnormal LFTs Post Vascular Surgery
https://litfl.com/fluid-responsiveness-2/	Fluid Responsiveness
https://litfl.com/fluid-administration-device-flow-rates/	Fluid administration device flow rates
https://litfl.com/perioperative-fluid-management/	Perioperative fluid management
https://litfl.com/global-increased-permeability-syndrome-gips/	Global Increased Permeability Syndrome
https://litfl.com/fluid-therapy-literature-summaries/	Fluid Therapy Literature Summaries
https://litfl.com/assessing-fluid-status/	Assessing fluid status
https://litfl.com/albumin/	Albumin
https://litfl.com/albumin-versus-normal-saline/	Albumin versus normal saline
https://litfl.com/adverse-outcome-template/	Adverse Outcome Template
https://litfl.com/medical-futility/	Medical futility
https://litfl.com/military-anti-shock-trousers-mast/	Military Anti-Shock Trousers (MAST)
https://litfl.com/autotransfusion-device-and-cell-salvage/	Autotransfusion device and cell salvage
https://litfl.com/crrt-haemodialysis-filter/	CRRT Haemodialysis Filter
https://litfl.com/heliox/	Heliox
https://litfl.com/ventricular-assist-device-vad/	Ventricular Assist Device (VAD)
https://litfl.com/vacuum-drain-bottle/	Vacuum Drain Bottle
https://litfl.com/__trashed/	Tube securing devices
https://litfl.com/transcutaneous-pacing/	Transcutaneous Pacing
https://litfl.com/tiger-tube/	Tiger tube
https://litfl.com/thromboembolic-deterrent-ted-stockings/	Thromboembolic deterrent (TED) stockings
https://litfl.com/testing-gas-supply-and-suction/	Testing Gas Supply and Suction
https://litfl.com/temporary-transvenous-cardiac-pacing/	Temporary Transvenous Cardiac Pacing
https://litfl.com/temporary-epicardial-cardiac-pacing/	Temporary Epicardial Cardiac Pacing
https://litfl.com/swivel-connector/	Swivel connector
https://litfl.com/site-of-temperature-measurement-in-the-critically-ill/	Site of Temperature Measurement in the Critically Ill
https://litfl.com/sengstaken-blakemore-and-minnesota-tubes/	Sengstaken–Blakemore and Minnesota Tubes
https://litfl.com/hot-case-templates/	Hot Case Templates
https://litfl.com/head-injury-patient-hot-case/	Head Injury Patient Hot Case
https://litfl.com/leukodepleted-blood/	Leukodepleted Blood
https://litfl.com/blood-transfusion-in-icu/	Blood Transfusion in ICU
https://litfl.com/blood-bank-and-pre-transfusion-testing/	Blood Bank and Pre-Transfusion Testing
https://litfl.com/thrombocytopaenic-thrombotic-purpura-ttp/	Thrombotic Thrombocytopenic Purpura
https://litfl.com/thrombocytopaenia/	Thrombocytopaenia
https://litfl.com/rotameter-flow-meter/	Rotameter (flow meter)
https://litfl.com/rapid-infusion-catheter-ric-line/	Rapid Infusion Catheter (RIC Line)
https://litfl.com/regulator-for-medical-suction-outlet/	Regulator for Medical Suction Outlet
https://litfl.com/regional-anaesthesia-in-the-critically-ill/	Regional Anaesthesia in the Critically Ill
https://litfl.com/pressure-monitoring-definitions/	Pressure Monitoring Definitions
https://litfl.com/pitt-speaking-tube/	Pitt Speaking Tube
https://litfl.com/picco/	PiCCO
https://litfl.com/pericardiocentesis/	Pericardiocentesis
https://litfl.com/percutaneous-endoscopic-gastrostomy-peg-tube/	PEG Tube
https://litfl.com/passy-muir-valve/	Passy-Muir Valve
https://litfl.com/pac-vs-toe-in-shock/	PAC vs TOE in Shock
https://litfl.com/oxygen-cylinder-regulator/	Oxygen Cylinder Regulator
https://litfl.com/nerve-stimulator/	Nerve stimulator
https://litfl.com/nebulisers/	Nebulizers
https://litfl.com/nasopharyngeal-airway/	Nasopharyngeal airway
https://litfl.com/nasogastric-and-orogastric-tubes/	Nasogastric and Orogastric Tubes
https://litfl.com/mccoy-laryngoscope-blade/	McCoy Laryngoscope Blade
https://litfl.com/magnet/	Magnet
https://litfl.com/intercostal-drain-insertion/	Intercostal Drain Insertion
https://litfl.com/indications-for-extracorporeal-therapies/	Indications for Extracorporeal Therapies
https://litfl.com/flo-trac/	FloTrac
https://litfl.com/face-masks/	Face Masks
https://litfl.com/ecmo-extra-corporeal-membrane-oxygenation/	Extracorporeal Membrane Oxygenation
https://litfl.com/sickle-cell-crisis/	Sickle Cell Crisis
https://litfl.com/polycythaemia/	Polycythaemia
https://litfl.com/massive-blood-loss/	Massive Blood Loss
https://litfl.com/heparin-induced-thrombotic-thrombocytopaenia-syndrome-hitts-or-hit/	Heparin Induced Thrombocytopaenia
https://litfl.com/discrepancies-between-nibp-and-arterial-lines-pressures/	Discrepancies between NIBP and Arterial Pressure
https://litfl.com/blood-product-compatibilities/	Blood Product Compatibility
https://litfl.com/anaemia/	Anaemia
https://litfl.com/haemorrhage-post-thrombolysis/	Haemorrhage Post-Thrombolysis
https://litfl.com/elder-abuse/	Elder abuse
https://litfl.com/toxic-megacolon/	Toxic megacolon
https://litfl.com/turp-syndrome/	TURP syndrome
https://litfl.com/signs-of-tetralogy-of-fallot/	Signs of Tetralogy of Fallot
https://litfl.com/signs-of-intracranial-hypertension/	Signs of Intracranial Hypertension
https://litfl.com/rectal-examination/	Rectal Examination
https://litfl.com/pulsus-alternans/	Pulsus Alternans
https://litfl.com/neck-stiffness/	Neck Stiffness DDx
https://litfl.com/myotomes-and-differentiating-nerve-lesions/	Myotomes and Differentiating Nerve Lesions
https://litfl.com/massive-abdominal-distension/	Massive Abdominal Distension
https://litfl.com/granulomatous-diseases/	Granulomatous diseases
https://litfl.com/geography-and-disease/	Geography and Disease
https://litfl.com/double-peak-on-arterial-pulse/	Double peak on arterial pulse
https://litfl.com/clinical-examination-of-the-critically-ill/	Clinical Examination of the Critically Ill
https://litfl.com/animal-encounters-and-disease/	Animal Encounters and Disease
https://litfl.com/carcinoid-syndrome/	Carcinoid Syndrome
https://litfl.com/retroperitoneal-haemorrhage/	Retroperitoneal haemorrhage
https://litfl.com/lemierres-syndrome/	Lemierre syndrome
https://litfl.com/listeria/	Listeria
https://litfl.com/malaria/	Malaria
https://litfl.com/menningococcaemia/	Meningococcemia
https://litfl.com/mucormycosis/	Mucormycosis
https://litfl.com/multi-resistant-bacteria-outbreak/	Multi-Resistant Bacteria Outbreak
https://litfl.com/multi-resistant-organisms-mros/	Multi-Resistant Organisms (MROs)
https://litfl.com/mycoplasma/	Mycoplasma
https://litfl.com/needle-stick-injuries/	Needlestick Injuries
https://litfl.com/hypothermia/	Hypothermia
https://litfl.com/hyperosmolar-hyperglycemic-state/	Hyperosmolar Hyperglycaemic State
https://litfl.com/heat-stroke/	Heat Stroke
https://litfl.com/diabetic-ketoacidosis/	Diabetic Ketoacidosis
https://litfl.com/calcium-metabolism/	Calcium Metabolism
https://litfl.com/urinary-electrolytes/	Urinary Electrolytes
https://litfl.com/siadh-syndrome-of-inappropriate-adh-secretion/	SIADH
https://litfl.com/hypophosphataemia/	Hypophosphataemia
https://litfl.com/hyponatraemia/	Hyponatraemia
https://litfl.com/hypokalaemia/	Hypokalaemia
https://litfl.com/hypocalcaemia/	Hypocalcaemia
https://litfl.com/hypernatraemia/	Hypernatraemia
https://litfl.com/hyperkalaemia-management/	Hyperkalaemia Management
https://litfl.com/hypercalcaemia/	Hypercalcaemia
https://litfl.com/simulcast-high-fidelity-podcast/	Simulcast: A High Fidelity Podcast
https://litfl.com/lithium-vomiting-and-diarrhoea/	Lithium, Vomiting And Diarrhoea
https://litfl.com/clostridium-difficile-enterocolitis-and-pseudomembranous-colitis/	Clostridium difficile and PMC
https://litfl.com/portopulmonary-syndrome/	Portopulmonary syndrome
https://litfl.com/cuff-pressure-gauge/	Cuff Pressure Gauge
https://litfl.com/transplant-patient-hot-case/	Transplant Patient Hot Case
https://litfl.com/shock-hot-case/	Shock Hot Case
https://litfl.com/post-cardiac-surgery-patient-hot-case/	Post Cardiac Surgery Patient Hot Case
https://litfl.com/polyuria-hot-case/	Polyuria Hot Case
https://litfl.com/long-stay-patient-hot-case/	Long-Stay Patient Hot Case
https://litfl.com/jaundice-hot-case/	Jaundice Hot Case
https://litfl.com/trali/	TRALI
https://litfl.com/bone-marrow-transplantation/	Bone Marrow Transplantation
https://litfl.com/blood-products/	Blood Products
https://litfl.com/coma-hot-case/	Coma Hot Case
https://litfl.com/storage-lesions/	Storage Lesions
https://litfl.com/aerobic-gram-positive-bacteria/	Aerobic Gram Positive Bacteria
https://litfl.com/infective-endocarditis/	Infective Endocarditis
https://litfl.com/hepatopulmonary-syndrome/	Hepatopulmonary Syndrome
https://litfl.com/chronic-liver-disease/	Chronic Liver Disease
https://litfl.com/critically-evaluate-template/	Critically Evaluate Template
https://litfl.com/wet-circuit-humidifier/	Wet Circuit / Humidifier
https://litfl.com/transcranial-doppler-tcd-ultrasound/	Transcranial Doppler (TCD) Ultrasound
https://litfl.com/injuries-in-multi-trauma-hot-case/	Injuries in Multi-Trauma Hot Case
https://litfl.com/hot-case-general-approach/	Hot Case General Approach
https://litfl.com/fever-hot-case/	Fever Hot Case
https://litfl.com/blood-transfusion-risks/	Blood Transfusion Risks
https://litfl.com/blood-conservation-strategies/	Blood Conservation Strategies
https://litfl.com/tumour-lysis-syndrome/	Tumour Lysis Syndrome
https://litfl.com/von-willebrands-disease/	von Willebrand Disease
https://litfl.com/venous-thromboembolism-vte-prophylaxis/	VTE Prophylaxis
https://litfl.com/peripheral-intravenous-cannula/	Peripheral Intravenous Cannula
https://litfl.com/oropharyngeal-airway-guedel/	Oropharyngeal Airway
https://litfl.com/non-rebreathing-oxygen-mask/	Non-rebreathing Oxygen Mask
https://litfl.com/non-invasive-blood-pressure/	Non-invasive Blood Pressure
https://litfl.com/mechanical-circulatory-support-a-practical-approach/	Mechanical Circulatory Support – A Practical Approach
https://litfl.com/magill-forceps/	Magill forceps
https://litfl.com/laryngoscope-and-blades/	Laryngoscope and blades
https://litfl.com/jugular-bulb-oxygen-saturation/	Jugular Bulb Oxygen Saturation
https://litfl.com/ivc-filter/	IVC Filter
https://litfl.com/intraosseous-access/	Intraosseous access
https://litfl.com/intra-aortic-balloon-pump-2/	Intra-Aortic Balloon Pump
https://litfl.com/intra-abdominal-pressure-monitor/	Intra-Abdominal Pressure Monitor
https://litfl.com/intermittent-pneumatic-compression-ipc-devices/	Intermittent Pneumatic Compression device
https://litfl.com/humidification/	Humidification
https://litfl.com/heat-and-moisture-exchanger/	Heat and Moisture Exchanger
https://litfl.com/glidescope/	Glidescope
https://litfl.com/gastric-tonometry/	Gastric tonometry
https://litfl.com/administer-injections/	Administer Injections
https://litfl.com/general-preparation-for-procedures/	General Preparation for Procedures
https://litfl.com/ecmo-literature-summaries/	ECMO Literature Summaries
https://litfl.com/endotracheal-tube-standard/	Endotracheal Tube (Standard)
https://litfl.com/emergency-thoracocentesis/	Emergency thoracocentesis
https://litfl.com/electrical-safety-devices/	Electrical Safety Devices
https://litfl.com/electrical-concepts-definitions-and-standards/	Electrical Concepts, Definitions and Standards
https://litfl.com/ecmo-trouble-shooting/	ECMO Troubleshooting
https://litfl.com/double-lumen-endotracheal-tube-dlt/	Double Lumen Endotracheal Tube
https://litfl.com/porphyria/	Porphyria
https://litfl.com/phlegmasia-cerulea-dolens/	Phlegmasia Cerulea Dolens
https://litfl.com/pancytopaenia/	Pancytopaenia
https://litfl.com/oozing-from-a-venepuncture-site/	Oozing from a Venepuncture Site
https://litfl.com/lupus-anticoagulants/	Lupus Anticoagulants
https://litfl.com/isolated-elevated-aptt/	Isolated Elevated APTT
https://litfl.com/thyroid-storm/	Thyroid Storm
https://litfl.com/pheochromocytoma/	Pheochromocytoma
https://litfl.com/myxoedema-coma/	Myxoedema Coma
https://litfl.com/haemolytic-uraemic-syndrome-hus/	Haemolytic Uraemic Syndrome
https://litfl.com/haemolytic-anaemia/	Haemolytic anaemia
https://litfl.com/haematology-literature-summaries/	Haematology Literature Summaries
https://litfl.com/haematological-emergencies/	Haematological Emergencies
https://litfl.com/disseminated-intravascular-coagulation/	Disseminated intravascular coagulation
https://litfl.com/apheresis-plasmapheresis-and-plasma-exchange/	Apheresis, Plasmapheresis and Plasma Exchange
https://litfl.com/anti-phospholipid-syndrome/	Antiphospholipid Syndrome
https://litfl.com/acute-coagulopathy-of-trauma/	Acute Coagulopathy of Trauma
https://litfl.com/problems-after-bariatric-surgery/	Problems after Bariatric Surgery
https://litfl.com/psoas-abscess/	Psoas abscess
https://litfl.com/mesenteric-ischaemia/	Mesenteric Ischaemia
https://litfl.com/ileus/	Ileus
https://litfl.com/cyanosis/	Cyanosis
https://litfl.com/clubbing-ddx-2/	Clubbing DDx
https://litfl.com/signs-of-aortic-regurgitation/	Signs of Aortic Regurgitation
https://litfl.com/marfans-syndrome/	Marfan Syndrome
https://litfl.com/heart-sound-abnormalities/	Heart Sound Abnormalities
https://litfl.com/necrotising-fasciitis/	Necrotising fasciitis
https://litfl.com/nocardia/	Nocardia
https://litfl.com/hyperthermia/	Hyperthermia
https://litfl.com/corticosteroids-overview/	Corticosteroids Overview
https://litfl.com/alcoholic-ketoacidosis/	Alcoholic Ketoacidosis
https://litfl.com/adrenal-insufficiency/	Adrenal insufficiency
https://litfl.com/post-parathyroidectomy-care/	Post parathyroidectomy care
https://litfl.com/patients-and-families-that-want-everything-done/	Patients and families that want “everything” done
https://litfl.com/hyperphosphataemia/	Hyperphosphataemia
https://litfl.com/transoesophageal-echocardiography/	Transoesophageal Echocardiography
https://litfl.com/shunts-and-echocardiography/	Shunts and Echocardiography
https://litfl.com/mitral-regurgitation-echocardiography/	Mitral Regurgitation Echocardiography
https://litfl.com/brain-dead/	Brain Dead?
https://litfl.com/defibrillators/	Defibrillators
https://litfl.com/abdominal-compartment-syndrome-and-intra-abdominal-hypertension/	Abdominal Compartment Syndrome
https://litfl.com/electrolyte-abnormalities-summary/	Electrolyte Abnormalities Summary
https://litfl.com/calcium-replacement/	Calcium Replacement
https://litfl.com/transthoracic-echocardiography/	Transthoracic Echocardiography
https://litfl.com/pulmonary-hypertension-echocardiography/	Pulmonary Hypertension Echocardiography
https://litfl.com/a-fumbling-mumbling-mess/	A Fumbling, Mumbling Mess!
https://litfl.com/thyroid-function-tests/	Thyroid Function Tests
https://litfl.com/paracetamol-induced-hepatotoxicity/	Paracetamol-Induced Hepatotoxicity
https://litfl.com/no-radial-pulse/	No Radial Pulse
https://litfl.com/spinal-cord-infarction/	Spinal cord infarction
https://litfl.com/propanolol-overdose/	Propanolol Overdose
https://litfl.com/defibrillation-pads-and-paddles/	Defibrillation Pads and Paddles
https://litfl.com/mistaken-identity/	Mistaken Identity
https://litfl.com/therapeutic-showering/	Therapeutic Showering
https://litfl.com/affective-dispositions-to-respond/	Affective Dispositions to Respond
https://litfl.com/a-remorseless-poison/	A Remorseless Poison
https://litfl.com/bilirubin-and-jaundice/	Bilirubin and Jaundice
https://litfl.com/case-reports-and-case-series/	Case Reports and Case Series
https://litfl.com/mastering-intensive-care-039-best-of-2018/	Mastering Intensive Care 039 Best of 2018
https://litfl.com/a-toxic-slumber/	A Toxic Slumber
https://litfl.com/ten-commandments-of-emergency-radiology/	Ten Commandments of Emergency Radiology
https://litfl.com/seafood-poisoning/	Seafood poisoning
https://litfl.com/hypoglycemia-but-how/	Hypoglycemia, but how?
https://litfl.com/smoking-is-deadly/	Smoking is deadly
https://litfl.com/paralysis-and-a-head-lump/	Paralysis and a head lump
https://litfl.com/life-in-the-too-fast-lane/	Life in the TOO fast lane?
https://litfl.com/health-of-critical-care-doctors/	Health of Critical Care Doctors
https://litfl.com/acute-dystonic-reaction/	Stiff and Twisted
https://litfl.com/the-antidote-challenge/	The Antidote Challenge
https://litfl.com/corrosive-ingestion/	Corrosive ingestion
https://litfl.com/chloroquine-poisoning/	Chloroquine poisoning
https://litfl.com/the-toddler-with-the-iron-gut/	The toddler with the Iron gut
https://litfl.com/ethylene-glycol-inebriation/	Ethylene glycol inebriation
https://litfl.com/renal-replacement-therapy-prescription/	Renal Replacement Therapy Prescription
https://litfl.com/toxidrome-challenge/	Toxidrome Challenge
https://litfl.com/snakebite-envenoming-challenge/	Snakebite Envenoming Challenge
https://litfl.com/sniff-a-poison-challenge/	Sniff a poison challenge
https://litfl.com/toxic-seizures/	Toxic Seizures
https://litfl.com/verapamil-overdose/	Verapamil overdose
https://litfl.com/two-pills-can-kill/	Two pills can kill
https://litfl.com/platypnea-orthodeoxia-syndrome/	Platypnea-orthodeoxia syndrome
https://litfl.com/animal-and-laboratory-studies/	Animal and laboratory studies
https://litfl.com/patient-safety/	Patient Safety
https://litfl.com/warfarin-deliberate-self-poisoning/	Warfarin deliberate self poisoning
https://litfl.com/citalopram-overdose/	Citalopram overdose
https://litfl.com/necrotic-arachnidism/	Necrotic arachnidism?
https://litfl.com/thyroxine-overdose/	Thyroxine overdose
https://litfl.com/chloral-hydrate-overdose/	Chloral hydrate overdose
https://litfl.com/supratherapeutic-inr/	Supratherapeutic INR
https://litfl.com/tricyclic-antidepressant-toxicity/	Tricyclic antidepressant toxicity
https://litfl.com/calcium-digoxin-toxicity-and-stone-heart-theory/	Calcium, Digoxin Toxicity and ‘Stone Heart’ Theory
https://litfl.com/ludwig-angina-ccc/	Ludwig angina
https://litfl.com/ct-head-interpretation/	CT Head Interpretation
https://litfl.com/blood-gas-analyser/	Blood Gas Analyser
https://litfl.com/glucose-control-literature-summaries/	Glucose Control Literature Summaries
https://litfl.com/rotavirus/	Rotavirus
https://litfl.com/oesophageal-doppler/	Oesophageal Doppler
https://litfl.com/hermann-oppenheim/	Hermann Oppenheim
https://litfl.com/thomas-willis/	Thomas Willis
https://litfl.com/willis-ekbom-disease/	Willis-Ekbom disease
https://litfl.com/karl-axel-ekbom/	Karl-Axel Ekbom
https://litfl.com/peritoneal-fluid-analysis/	Peritoneal Fluid Analysis
https://litfl.com/nikolay-korotkov/	Nikolay Sergeevich Korotkov
https://litfl.com/scipione-riva-rocci/	Scipione Riva-Rocci
https://litfl.com/quantitative-data-types-and-tests/	Quantitative Data Types and Tests
https://litfl.com/calcium-basics/	Calcium basics
https://litfl.com/factor-viia/	Factor VIIa
https://litfl.com/oxygen-saturation-targets-in-critical-care/	Oxygen saturation targets in critical care
https://litfl.com/burns-oxygenation-and-ventilation/	Burns, Oxygenation and Ventilation
https://litfl.com/stress-induced-hyperglycaemia/	Stress Induced Hyperglycaemia
https://litfl.com/adenosine/	Adenosine
https://litfl.com/history-of-emergency-medicine/	History of Emergency Medicine
https://litfl.com/surrogate-outcomes/	Surrogate outcomes
https://litfl.com/staghorn-follows-his-nose/	Staghorn follows his nose
https://litfl.com/irukandji-syndrome-territory-style/	Irukandji Syndrome Territory-style
https://litfl.com/chironex-fleckeri-envenoming/	Chironex fleckeri envenoming
https://litfl.com/it-was-the-little-octopus/	It was the little octopus!
https://litfl.com/stingray-envenoming/	Stingray envenoming
https://litfl.com/lionfish-envenoming/	Lionfish envenoming
https://litfl.com/theophylline-overdose/	Theophylline overdose
https://litfl.com/little-johnny-and-grandads-warfarin/	Little Johnny and Grandad’s warfarin
https://litfl.com/chronic-obstructive-pulmonary-disease/	Chronic Obstructive Pulmonary Disease
https://litfl.com/lung-transplant/	Lung Transplant
https://litfl.com/negative-pressure-pulmonary-oedema/	Negative Pressure Pulmonary Oedema
https://litfl.com/oxidative-stress-in-critical-illness/	Oxidative Stress in Critical Illness
https://litfl.com/intensive-care-outcomes/	Intensive Care Outcomes
https://litfl.com/human-factors/	Human Factors
https://litfl.com/community-acquired-pneumonia/	Community Acquired Pneumonia
https://litfl.com/liver-function-tests/	Liver Function Tests
https://litfl.com/hypochloraemia/	Hypochloraemia
https://litfl.com/oxygen/	Oxygen
https://litfl.com/paediatric-formulae/	Paediatric Formulae
https://litfl.com/foam-emcc-blogs-2018/	FOAM EMCC Blogs 2018
https://litfl.com/cocaine-related-chest-pain/	Cocaine-related Chest Pain
https://litfl.com/corrosive-ingestion-ccc/	Corrosive Ingestion
https://litfl.com/cocaine-toxicity-ccc/	Cocaine Toxicity
https://litfl.com/sodium-channel-blocker-toxicity/	Sodium Channel Blocker Toxicity
https://litfl.com/sodium-valproate-overdose/	Sodium Valproate Overdose
https://litfl.com/oxygen-and-carbon-dioxide-retention-in-copd/	Oxygen and Carbon Dioxide Retention in COPD
https://litfl.com/compare-and-contrast-template/	Compare and Contrast Template
https://litfl.com/cholinergic-syndrome/	Cholinergic Syndrome
https://litfl.com/high-volume-haemofiltration/	High Volume Haemofiltration
https://litfl.com/initial-management-of-sepsis/	Initial Management of Sepsis
https://litfl.com/tintinalli-resus-mcqs/	Tintinalli Resus MCQs
https://litfl.com/tintinalli-respiratory-mcqs/	Tintinalli Respiratory MCQs
https://litfl.com/tintinalli-renal-mcqs/	Tintinalli Renal MCQs
https://litfl.com/tintinalli-prehospital-mcqs/	Tintinalli Prehospital MCQs
https://litfl.com/tintinalli-plastics-mcqs/	Tintinalli Plastics MCQs
https://litfl.com/tintinalli-obstetrics-gynaecology-mcqs/	Tintinalli Obstetrics Gynaecology MCQs
https://litfl.com/tintinalli-neurology-mcqs/	Tintinalli Neurology MCQs
https://litfl.com/tintinalli-metabolic-mcqs/	Tintinalli Metabolic MCQs
https://litfl.com/tintinalli-infectious-diseases-mcqs/	Tintinalli Infectious Diseases MCQs
https://litfl.com/fatigue-and-the-critical-care-doctor/	Fatigue and the Critical Care Doctor
https://litfl.com/open-disclosure/	Open Disclosure
https://litfl.com/activated-protein-c/	Activated Protein C
https://litfl.com/tintinalli-haematology-mcqs/	Tintinalli Haematology MCQs
https://litfl.com/tintinalli-gastroenterology-mcqs/	Tintinalli Gastroenterology MCQs
https://litfl.com/tintinalli-environmental-mcqs/	Tintinalli Environmental MCQs
https://litfl.com/tintinalli-disaster-mcqs/	Tintinalli Disaster MCQs
https://litfl.com/cessation-of-cpr/	Cessation of CPR
https://litfl.com/intra-arrest-therapeutic-hypothermia/	Intra-arrest therapeutic hypothermia
https://litfl.com/passive-leg-raise/	Passive Leg Raise
https://litfl.com/tintinalli-cardiovascular-mcqs/	Tintinalli Cardiovascular MCQs
https://litfl.com/tintinalli-anaesthetic-mcqs/	Tintinalli Anaesthetic MCQs
https://litfl.com/paracetamoltoo-much-too-often/	Paracetamol…too much, too often?
https://litfl.com/poisoning-by-a-mercury-thermometer/	Poisoning by a mercury thermometer
https://litfl.com/bitten-by-a-redback-spider/	Bitten by a Redback Spider
https://litfl.com/is-this-a-redback-i-see-before-me/	Is this a RedBack I see before me?
https://litfl.com/snakebite/	Snakebite versus Stickbite
https://litfl.com/suboxone-poisoning/	Suboxone poisoning
https://litfl.com/strychnine-poisoning/	Strychnine poisoning
https://litfl.com/irukandji-puzzler/	Stung Inside A Stinger Net
https://litfl.com/summary-of-rrt-types/	Summary of RRT Types
https://litfl.com/renal-replacement-therapy-terminology/	Renal replacement therapy: Terminology
https://litfl.com/gastric-lavage/	Gastric lavage
https://litfl.com/organophosphate-poisoning/	Organophosphate Poisoning
https://litfl.com/polonium/	Polonium
https://litfl.com/transfusion-literature-summaries/	Transfusion Literature Summaries
https://litfl.com/axr-interpretation/	AXR Interpretation
https://litfl.com/vasopressin/	Vasopressin
https://litfl.com/new-oral-anticoagulants-noacs/	Direct Oral Anticoagulants (DOACs)
https://litfl.com/hypermagnesaemia/	Hypermagnesaemia
https://litfl.com/pneumothorax-ccc/	Pneumothorax CCC
https://litfl.com/routine-daily-chest-x-ray/	Routine Daily Chest X-ray
https://litfl.com/sleep-and-icu/	Sleep and ICU
https://litfl.com/sepsis-and-pregnancy/	Sepsis and Pregnancy
https://litfl.com/gastrointestinal-haemorrhage/	Gastrointestinal haemorrhage
https://litfl.com/toxicology-literature-summaries/	Toxicology Literature Summaries
https://litfl.com/barbiturate-overdose/	Barbiturate Overdose
https://litfl.com/benzylpiperizine-ccc/	Benzylpiperizine
https://litfl.com/carbamazepine-toxicity-ccc/	Carbamazepine Toxicity
https://litfl.com/anorexia-nervosa/	Anorexia Nervosa
https://litfl.com/status-epilepticus-in-children/	Status Epilepticus in Children
https://litfl.com/logistic-regression-analysis/	Logistic regression analysis
https://litfl.com/cervical-spine-fractures/	Cervical Spine Fractures
https://litfl.com/burns/	Burns
https://litfl.com/glucagon-as-an-antidote/	Glucagon as an Antidote
https://litfl.com/digibind-antidote/	Digibind
https://litfl.com/digoxin-toxicity-ccc/	Digoxin Toxicity
https://litfl.com/activated-charcoal/	Activated Charcoal
https://litfl.com/renal-replacement-therapy-dose/	Renal replacement therapy: Dose
https://litfl.com/renal-literature-summaries/	Renal Literature Summaries
https://litfl.com/continuous-renal-replacement-therapy/	Continuous Renal Replacement Therapy
https://litfl.com/sepsis-literature-summaries/	Sepsis Literature Summaries
https://litfl.com/opioid-withdrawal/	Opioid Withdrawal
https://litfl.com/opioid-overdose/	Opioid Overdose
https://litfl.com/paraquat-poisoning/	Paraquat Poisoning
https://litfl.com/sedative-toxidrome/	Sedative Toxidrome
https://litfl.com/siadh-ddx/	SIADH DDx
https://litfl.com/hyperkalaemia-ddx/	Hyperkalaemia DDx
https://litfl.com/randomisation/	Randomisation
https://litfl.com/early-stopping-of-trials/	Early Stopping of Trials
https://litfl.com/receiver-operating-characteristic-curve/	Receiver Operating Characteristic Curve
https://litfl.com/risk-and-numbers-needed-to-treat/	Risk and Numbers Needed to Treat
https://litfl.com/case-control-studies/	Case-Control Studies
https://litfl.com/hypocalcaemia-ddx/	Hypocalcaemia DDx
https://litfl.com/weights-in-pharmacology/	Weights in Pharmacology
https://litfl.com/urate-uric-acid/	Urate (Uric Acid)
https://litfl.com/acute-myocardial-infarction-echocardiography/	Acute Myocardial Infarction Echocardiography
https://litfl.com/hyperbaric-oxygen/	Hyperbaric Oxygen Treatment
https://litfl.com/cryptogenic-organising-pneumonia/	Cryptogenic Organising Pneumonia
https://litfl.com/sepsis-overview/	Sepsis Overview
https://litfl.com/approach-to-acute-poisoning/	Approach to Acute Poisoning
https://litfl.com/acute-kidney-injury/	Acute Kidney Injury
https://litfl.com/renal-disease-biomarkers/	Renal Disease Biomarkers
https://litfl.com/rifle-criteria-and-akin-classification/	RIFLE Criteria and AKIN Classification
https://litfl.com/renal-transplant-patient/	Renal Transplant Patient
https://litfl.com/apache-versus-sofa-scoring-systems/	APACHE versus SOFA scoring systems
https://litfl.com/icu-scoring-systems/	ICU Scoring Systems
https://litfl.com/meet-the-bougie-f-ucems/	Meet the Bougie F.UCEMs
https://litfl.com/multiple-organ-dysfunction-syndrome/	Multiple Organ Dysfunction Syndrome
https://litfl.com/antimicrobial-dosing-and-kill-characteristics/	Antimicrobial Dosing and Kill Characteristics
https://litfl.com/paediatric-asthma/	Paediatric Asthma
https://litfl.com/cognitive-dispositions-to-respond/	Cognitive Dispositions to Respond
https://litfl.com/ilcor-guideline-changes-2010/	ILCOR Guideline Changes 2010
https://litfl.com/fluid-bolus-therapy/	Fluid bolus therapy
https://litfl.com/fluid-challenge/	Fluid Challenge
https://litfl.com/blinding-and-allocation-concealment/	Blinding and Allocation Concealment
https://litfl.com/adaptive-trial-designs/	Adaptive Trial Designs
https://litfl.com/chi-square-test/	Chi-square Test
https://litfl.com/complications-of-obesity/	Complications of Obesity
https://litfl.com/bariatric-patient-hot-case/	Bariatric Patient Hot Case
https://litfl.com/clenbuterol-toxicity-ccc/	Clenbuterol toxicity
https://litfl.com/renal-replacement-therapy-fluid-management/	Renal replacement therapy: Fluid Management
https://litfl.com/enhanced-elimination/	Enhanced Elimination
https://litfl.com/ethanol-intoxication-abuse-and-dependence/	Ethanol Intoxication, Abuse and Dependence
https://litfl.com/high-dose-insulin-euglycaemic-therapy/	High-dose Insulin Euglycaemic Therapy
https://litfl.com/how-to-conduct-a-clinical-trial/	How to conduct a clinical trial
https://litfl.com/before-and-after-studies/	Before-and-after studies
https://litfl.com/subgroup-analysis/	Subgroup Analysis
https://litfl.com/types-of-research-studies/	Types of Research Studies
https://litfl.com/bronchopleural-fistula/	Bronchopleural Fistula
https://litfl.com/decompression-sickness/	Decompression Sickness
https://litfl.com/medications-and-thyroid-function/	Medications and Thyroid Function
https://litfl.com/googlefoam/	GoogleFOAM
https://litfl.com/pulse-oximeter/	Pulse Oximeter
https://litfl.com/pulmonary-embolism/	Pulmonary Embolism
https://litfl.com/respiratory-literature-summaries/	Respiratory Literature Summaries
https://litfl.com/ventilator-associated-pneumonia/	Ventilator Associated Pneumonia
https://litfl.com/amphetamine-toxicity/	Amphetamine Toxicity
https://litfl.com/foley-catheter-balloon-tamponade/	Foley Catheter Balloon Tamponade
https://litfl.com/end-stage-renal-failure/	End-Stage Renal Failure
https://litfl.com/publication-practices-distort-science/	Publication Practices Distort Science
https://litfl.com/fluid-responsiveness/	Fluid Responsiveness
https://litfl.com/nutrition-of-the-critically-ill-obese-patient/	Nutrition of the Critically Ill Obese Patient
https://litfl.com/obesity-and-pharmacokinetics/	Obesity and Pharmacokinetics
https://litfl.com/obesity-and-critical-illness/	Obesity and Critical Illness
https://litfl.com/drug-withdrawal-states-in-icu/	Drug Withdrawal States in ICU
https://litfl.com/haemoperfusion/	Haemoperfusion
https://litfl.com/extracorporeal-elimination-in-toxicology/	Extracorporeal Elimination in Toxicology
https://litfl.com/gastrointestinal-decontamination/	Gastrointestinal Decontamination
https://litfl.com/monoamine-oxidase-inhibitor-toxicity/	Monoamine Oxidase Inhibitor Toxicity
https://litfl.com/retrospective-studies-and-chart-reviews/	Retrospective Studies and Chart Reviews
https://litfl.com/top-10-ways-to-win-at-medtwitter/	Top 10 ways to WIN at MedTwitter
https://litfl.com/teaching-course-copenhagen-melbourne-2017/	Teaching Course Copenhagen & Melbourne 2017
https://litfl.com/leukotriene-receptor-antagonists/	Leukotriene Receptor Antagonists
https://litfl.com/pleural-effusion/	Pleural Effusion
https://litfl.com/sars-mers-and-the-coronaviruses/	SARS, MERS and the Coronaviruses
https://litfl.com/surgical-emphysema/	Surgical Emphysema
https://litfl.com/wheeze-ddx/	Wheeze DDx
https://litfl.com/advanced-life-support/	Advanced Life Support
https://litfl.com/coatpegs/	COATPEGS
https://litfl.com/percutaneous-valve-replacement/	Percutaneous Valve Replacement
https://litfl.com/professor-elemental-connected-to-idc/	Professor Elemental connected to IDC
https://litfl.com/capnography-in-cardiac-arrest/	Capnography in Cardiac Arrest
https://litfl.com/medically-cleared/	Medically cleared?
https://litfl.com/bullet-in-the-head/	Bullet in the Head
https://litfl.com/look-left-look-right/	Look left, look right
https://litfl.com/eye-movements-coma-and-pseudocoma/	Eye movements, coma and pseudocoma
https://litfl.com/coma-in-a-spinal-patient/	Coma in a spinal patient
https://litfl.com/pseudobulbar-and-bulbar-palsies/	Pseudobulbar and bulbar palsies
https://litfl.com/more-brainstem-lesions/	More brainstem lesions
https://litfl.com/brainstem-lesions/	Brainstem lesions
https://litfl.com/coma-and-small-pupils/	Coma and small pupils
https://litfl.com/refractory-shock-in-trauma/	Refractory Shock in Trauma
https://litfl.com/paediatric-trauma-patient/	Paediatric Trauma Patient
https://litfl.com/hiv-brain-mass/	HIV brain mass
https://litfl.com/cyanide-poisoning-ccc/	Cyanide Poisoning
https://litfl.com/salicylate-poisoning/	Salicylate Poisoning
https://litfl.com/standardised-mortality-ratio/	Standardised Mortality Ratio
https://litfl.com/diaphragmatic-palsy/	Diaphragmatic Palsy
https://litfl.com/palmar-erythema-ddx/	Palmar erythema DDx
https://litfl.com/svc-obstruction-ddx/	SVC Obstruction DDx
https://litfl.com/clubbing-ddx/	Clubbing DDx
https://litfl.com/shoulder-pain-radiating-down-the-arm/	Shoulder pain radiating down the arm
https://litfl.com/vf-and-vt-ddx/	VF and VT DDx
https://litfl.com/tachycardia-ddx/	Tachycardia DDx
https://litfl.com/supraventricular-tachycardia-ddx/	Supraventricular tachycardia DDx
https://litfl.com/pulseless-electrical-activity-ddx/	Pulseless Electrical Activity DDx
https://litfl.com/chest-pain-ddx/	Chest pain DDx
https://litfl.com/cardiac-failure-ddx/	Cardiac Failure DDx
https://litfl.com/bradycardia-ddx/	Bradycardia DDx
https://litfl.com/post-cardiac-arrest-care/	Post Cardiac Arrest Care
https://litfl.com/prognosis-after-cardiac-arrest/	Prognosis After Cardiac Arrest
https://litfl.com/post-resuscitation-syndrome/	Post-cardiac arrest syndrome
https://litfl.com/stevens-johnson-syndrome-and-toxic-epidermal-necrolysis/	Stevens-Johnson Syndrome and Toxic Epidermal Necrolysis
https://litfl.com/serious-generalised-skin-disorders/	Serious Generalised Skin Disorders
https://litfl.com/purpura-fulminans/	Purpura Fulminans
https://litfl.com/precautionary-principle-and-the-kehoe-principle/	Precautionary Principle and the Kehoe Principle
https://litfl.com/neurogenic-pulmonary-oedema/	Neurogenic pulmonary oedema
https://litfl.com/nitric-oxide/	Nitric Oxide
https://litfl.com/tissue-oxygenation-assessment/	Tissue Oxygenation Assessment
https://litfl.com/electrical-impedance-tomography/	Electrical Impedance Tomography
https://litfl.com/cicm-asm-2013/	CICM ASM 2013
https://litfl.com/tissue-donation/	Tissue Donation
https://litfl.com/palliative-care/	Palliative Care
https://litfl.com/medical-management-of-potential-donors/	Medical Management of Potential Donors
https://litfl.com/end-of-life-care-family-meeting/	End-of-Life Care Family Meeting
https://litfl.com/donation-after-circulatory-death-dcd/	Donation after Circulatory Death (DCD)
https://litfl.com/contraindications-to-solid-organ-donation/	Contraindications to Solid Organ Donation
https://litfl.com/coma-like-syndromes/	Coma-like Syndromes
https://litfl.com/anzics-statement-on-death-and-organ-donation/	ANZICS Statement on Death and Organ Donation
https://litfl.com/brain-death-hot-case/	Brain Death Hot Case
https://litfl.com/observations-compatible-and-incompatible-with-brain-death/	Observations Compatible and Incompatible with Brain Death
https://litfl.com/acute-aortic-dissection/	Acute Aortic Dissection
https://litfl.com/management-of-the-organ-donation-patient/	Management of the organ donation patient
https://litfl.com/venous-return-and-shock/	Venous Return and Shock
https://litfl.com/cardiorenal-syndrome/	Cardiorenal syndrome
https://litfl.com/brain-death/	Brain Death
https://litfl.com/avoiding-nosocomial-dysthanasia/	Avoiding Nosocomial Dysthanasia
https://litfl.com/troponin-in-critical-illness/	Troponin in Critical Illness
https://litfl.com/electrical-storm/	Electrical Storm
https://litfl.com/wolff-parkinson-white-syndrome-ccc/	Wolff-Parkinson-White Syndrome
https://litfl.com/icu-acquired-weakness-icuaw/	ICU Acquired Weakness (ICUAW)
https://litfl.com/wide-complex-tachycardia/	Wide Complex Tachycardia
https://litfl.com/endotracheal-suction-catheter/	Endotracheal suction catheter
https://litfl.com/mobilisation-in-the-icu/	Mobilisation in the ICU
https://litfl.com/wellens-syndrome/	Wellens Syndrome
https://litfl.com/ventricular-tachycardia/	Ventricular Tachycardia
https://litfl.com/ventricular-fibrillation/	Ventricular Fibrillation
https://litfl.com/gas-on-abdominal-x-ray-ddx/	Gas On Abdominal X-ray DDx
https://litfl.com/vascular-gas-embolism/	Vascular Gas Embolism
https://litfl.com/severe-heart-failure-management/	Severe Heart Failure Management
https://litfl.com/right-ventricular-infarction/	Right ventricular infarction
https://litfl.com/medication-error/	Medication Error
https://litfl.com/fire-in-icu/	Fire In ICU
https://litfl.com/physiotherapy-in-icu/	Physiotherapy in ICU
https://litfl.com/icu-ward-round/	ICU Ward Round
https://litfl.com/preload/	Preload
https://litfl.com/pericarditis/	Pericarditis
https://litfl.com/pulmonary-embolus-versus-right-ventricular-infarction/	Pulmonary Embolus versus Right Ventricular Infarction
https://litfl.com/pericardial-disease/	Pericardial disease
https://litfl.com/syncope/	Syncope
https://litfl.com/pco2-gap/	pCO2 gap
https://litfl.com/lung-volume-reduction-surgery/	Lung Volume Reduction Surgery
https://litfl.com/chylothorax/	Chylothorax
https://litfl.com/vasoplegia-post-cardiopulmonary-bypass/	Vasoplegia Post Cardiopulmonary Bypass
https://litfl.com/post-pericardotomy-syndrome/	Post-Pericardotomy Syndrome
https://litfl.com/pneumonectomy/	Pneumonectomy
https://litfl.com/phrenic-nerve-palsy-post-cardiac-surgery/	Phrenic Nerve Palsy Post-Cardiac Surgery
https://litfl.com/oesophageal-perforation/	Oesophageal Perforation
https://litfl.com/indications-for-adult-cardiac-surgery/	Indications for Adult Cardiac Surgery
https://litfl.com/icu-after-cardiac-surgery/	ICU after Cardiac Surgery
https://litfl.com/hypoxaemia-post-cardiac-surgery/	Hypoxaemia post Cardiac Surgery
https://litfl.com/hypothermia-post-cardiac-surgery/	Hypothermia Post Cardiac Surgery
https://litfl.com/hypotension-post-cardiac-surgery/	Hypotension Post Cardiac Surgery
https://litfl.com/hypertension-post-cardiac-surgery/	Hypertension Post Cardiac Surgery
https://litfl.com/haemorrhage-post-cardiac-surgery/	Haemorrhage Post Cardiac Surgery
https://litfl.com/off-pump-vs-on-pump-cabg/	Off Pump vs On Pump CABG
https://litfl.com/factors-determining-lima-flow/	Factors determining LIMA Flow
https://litfl.com/coronary-artery-bypass-graft-cabg-surgery/	Coronary Artery Bypass Graft (CABG) Surgery
https://litfl.com/cardiothoracic-surgery-literature-summaries/	Cardiothoracic Surgery Literature Summaries
https://litfl.com/cardiopulmonary-bypass/	Cardiopulmonary Bypass
https://litfl.com/cardiac-arrest-management-after-cardiac-surgery/	Cardiac Arrest Management After Cardiac Surgery
https://litfl.com/nikolaus-friedreich/	Nikolaus Friedreich
https://litfl.com/obstetric-bleeder/	Obstetric Bleeder
https://litfl.com/palpable-excitement/	Palpable Excitement
https://litfl.com/sulfa-drug-discombobulation/	Sulfa Drug Discombobulation
https://litfl.com/traumatic-angioedema/	Traumatic Angioedema
https://litfl.com/vincenz-czerny/	Vincenz Czerny
https://litfl.com/pulsus-paradoxus/	Pulsus Paradoxus
https://litfl.com/murmurs-ddx/	Murmurs DDx
https://litfl.com/co-oximeter/	Co-oximeter
https://litfl.com/high-flow-nasal-cannula/	High-flow nasal cannula
https://litfl.com/the-perfect-human-pathogen/	The perfect human pathogen?
https://litfl.com/fever-in-a-spinal-patient/	Fever in a spinal patient
https://litfl.com/escaping-bugs/	Escaping bugs
https://litfl.com/sick-shocked-and-sunburned/	Sick, Shocked and Sunburned?
https://litfl.com/cap-challenge/	CAP Challenge!
https://litfl.com/fulminant-pneumococcal-pneumonia/	Fulminant pneumococcal pneumonia
https://litfl.com/gram-negative-diplococci/	Gram Negative Diplococci
https://litfl.com/gastric-residual-volume/	Gastric Residual Volume
https://litfl.com/best-use-for-a-bougie/	Best use for a bougie?
https://litfl.com/befriend-the-bougie/	Befriend the bougie!
https://litfl.com/paediatric-life-support/	Paediatric Life Support
https://litfl.com/pancreatitis-ccc/	Pancreatitis
https://litfl.com/dissociated-oxygen-saturations/	Dissociated Oxygen Saturations
https://litfl.com/managing-the-critical-bleeder/	Managing the Critical Bleeder!!
https://litfl.com/recombinant-factor-viia-to-the-rescue/	Recombinant Factor VIIa to the rescue!?
https://litfl.com/dealing-with-d-dimer-debacles/	Dealing with D-dimer debacles
https://litfl.com/pagets-disease-of-the-nipple/	Paget’s disease of the nipple
https://litfl.com/improving-oxygenation-in-ards/	Improving Oxygenation in ARDS
https://litfl.com/gut-under-pressure/	Gut under pressure
https://litfl.com/snookered/	Snookered
https://litfl.com/rapid-response-systems/	Rapid Response Systems
https://litfl.com/clinical-governance/	Clinical Governance
https://litfl.com/a-lesson-in-history/	A Lesson in History
https://litfl.com/gut-ache-or-gordian-knot/	Gut ache or Gordian knot?
https://litfl.com/appendagitis/	Appendagitis
https://litfl.com/kobner-koebner-phenomenon/	Köbner (Koebner) phenomenon
https://litfl.com/heinrich-kobner/	Heinrich Köbner
https://litfl.com/xeroderma-pigmentosum/	Xeroderma pigmentosum
https://litfl.com/ciprofloxacin/	Ciprofloxacin
https://litfl.com/error-in-research/	Error in Research
https://litfl.com/kaposi-sarcoma/	Kaposi Sarcoma
https://litfl.com/moriz-kaposi/	Moriz Kaposi
https://litfl.com/traumatic-brain-injury-literature-summaries/	Traumatic Brain Injury Literature Summaries
https://litfl.com/troubleshooting-pac-insertion/	Troubleshooting PAC insertion
https://litfl.com/therapeutic-drug-monitoring/	Therapeutic drug monitoring
https://litfl.com/paracetamol-in-critical-illness/	Paracetamol in Critical Illness
https://litfl.com/apnoeic-oxygenation/	Apnoeic oxygenation
https://litfl.com/post-hypoxic-myoclonus/	Post-Hypoxic Myoclonus
https://litfl.com/newborn-resuscitation/	Newborn Resuscitation
https://litfl.com/intravenous-immunoglobulin/	Intravenous Immunoglobulin
https://litfl.com/urinalysis-overview/	Urinalysis Overview
https://litfl.com/urine-odour/	Urine Odour
https://litfl.com/cvp-measurement/	CVP Measurement
https://litfl.com/hyperammonemia/	Hyperammonemia
https://litfl.com/pulmonary-opacities-on-chest-x-ray/	Pulmonary opacities on chest x-ray
https://litfl.com/pseudoinfiltrates-on-chest-x-ray/	Pseudoinfiltrates on chest x-ray
https://litfl.com/hilar-enlargement-on-chest-x-ray/	Hilar enlargement on chest x-ray
https://litfl.com/genital-ulcers-ddx/	Genital ulcers DDx
https://litfl.com/medical-causes-of-abdominal-pain/	Medical causes of abdominal pain
https://litfl.com/upper-gastrointestinal-haemorrhage-ddx/	Upper Gastrointestinal Haemorrhage DDx
https://litfl.com/bulbar-and-pseudobulbar-palsy/	Bulbar and pseudobulbar palsy
https://litfl.com/neutropaenic-sepsis/	Neutropaenic Fever and Sepsis
https://litfl.com/hepatorenal-syndrome/	Hepatorenal Syndrome
https://litfl.com/surviving-sepsis-campaign-guidelines-2012/	Surviving Sepsis Campaign Guidelines 2012
https://litfl.com/sepsis-pathophysiology/	Sepsis Pathophysiology
https://litfl.com/corticosteroid-therapy-for-shock/	Corticosteroid Therapy for Shock
https://litfl.com/pharmacokinetics-and-ecmo/	Pharmacokinetics and ECMO
https://litfl.com/acalculous-cholecystitis/	Acalculous cholecystitis
https://litfl.com/post-hemihepatectomy-care/	Post hemihepatectomy care
https://litfl.com/trauma-scoring-systems/	Trauma Scoring Systems
https://litfl.com/trauma-literature-summaries/	Trauma Literature Summaries
https://litfl.com/dipstick-urinalysis/	Dipstick urinalysis
https://litfl.com/pyloric-stenosis/	Pyloric Stenosis
https://litfl.com/the-septic-child/	The Septic Child
https://litfl.com/effects-of-anaesthetic-agents-on-the-developing-brain/	Effects of Anaesthetic Agents on the Developing Brain
https://litfl.com/selective-lung-ventilation/	Selective Lung Ventilation
https://litfl.com/cleaning-bronchoscope/	Cleaning Bronchoscope
https://litfl.com/reye-syndrome/	Reye syndrome
https://litfl.com/antibiotic-guidelines-in-icu/	Antibiotic Guidelines in ICU
https://litfl.com/pulseless-electrical-activity/	Pulseless Electrical Activity
https://litfl.com/resuscitation-literature-summaries/	Resuscitation Literature Summaries
https://litfl.com/selective-aortic-arch-perfusion/	Selective Aortic Arch Perfusion
https://litfl.com/leg-ulcers-ddx/	Leg ulcers DDx
https://litfl.com/data-distributions/	Data Distributions
https://litfl.com/fishers-exact-test/	Fisher’s Exact Test
https://litfl.com/hazard-ratio-median-ratio-and-kaplan-meier-curves/	Hazard Ratio, Median Ratio and Kaplan-Meier Curves
https://litfl.com/icu-outcomes/	ICU Outcomes
https://litfl.com/intention-to-treat-analysis/	Intention to treat analysis
https://litfl.com/measures-of-variability/	Measures of Variability
https://litfl.com/meta-analysis-and-systematic-review/	Meta-analysis and Systematic Review
https://litfl.com/phases-of-clinical-research/	Phases of Clinical Research
https://litfl.com/propensity-score-analysis/	Propensity Score Analysis
https://litfl.com/thoracic-trauma/	Thoracic Trauma
https://litfl.com/spinal-cord-anatomy-and-syndromes/	Spinal Cord Anatomy and Syndromes
https://litfl.com/inhalation-injury/	Inhalation Injury
https://litfl.com/finger-thoracostomy/	Finger Thoracostomy
https://litfl.com/extremity-injuries/	Extremity Injuries
https://litfl.com/electrical-injury/	Electrical Injury
https://litfl.com/compartment-syndrome-ccc/	Compartment Syndrome CCC
https://litfl.com/digoxin-ccc/	Digoxin
https://litfl.com/renal-replacement-therapy-troubleshooting/	Renal replacement therapy: Troubleshooting
https://litfl.com/sudden-severe-headache-ddx/	Sudden severe headache DDx
https://litfl.com/tremor-ddx/	Tremor DDx
https://litfl.com/ventriculomegaly/	Ventriculomegaly
https://litfl.com/blepharospasm-ddx/	Blepharospasm DDx
https://litfl.com/communications-viva/	Communications Viva
https://litfl.com/frailty-syndrome/	Frailty syndrome
https://litfl.com/the-elderly-and-critical-care/	The Elderly and Critical Care
https://litfl.com/interventional-radiology-and-the-critically-ill/	Interventional Radiology and the Critically Ill
https://litfl.com/pelvic-stabilization/	Pelvic Stabilization
https://litfl.com/post-splenectomy-care/	Post-Splenectomy Care
https://litfl.com/nosocomial-infections-in-icu/	Nosocomial Infections in ICU
https://litfl.com/other-bacteria/	Other Bacteria
https://litfl.com/pneumocystis-pneumonia/	Pneumocystis pneumonia
https://litfl.com/pressure-areas-and-pressure-ulcers/	Pressure Areas and Pressure Ulcers
https://litfl.com/q-fever/	Q Fever
https://litfl.com/selective-digestive-decontamination-sdd/	Selective Digestive Decontamination
https://litfl.com/soil-related-infections/	Soil-related Infections
https://litfl.com/staphylococcal-toxic-shock-syndrome/	Staphylococcal Toxic Shock Syndrome
https://litfl.com/staphylococcus-aureus/	Staphylococcus Aureus
https://litfl.com/tetanus/	Tetanus
https://litfl.com/toxoplasmosis/	Toxoplasmosis
https://litfl.com/transmission-based-precautions/	Transmission-based precautions
https://litfl.com/tuberculosis/	Tuberculosis
https://litfl.com/standard-precautions/	Standard Precautions
https://litfl.com/urosepsis/	Urosepsis
https://litfl.com/vancomycin-resistant-enterococcus-vre/	Vancomycin Resistant Enterococcus (VRE)
https://litfl.com/varicella-zoster/	Varicella Zoster
https://litfl.com/vibrio-infection/	Vibrio infection
https://litfl.com/leon-clement-le-fort-eponym/	Léon Clément Le Fort
https://litfl.com/waterborne-diseases/	Waterborne Diseases
https://litfl.com/stenotrophomonas-maltophilia/	Stenotrophomonas maltophilia
https://litfl.com/spinal-epidural-abscess/	Spinal epidural abscess
https://litfl.com/abdominal-x-ray-and-ct/	Abdominal X-ray and CT
https://litfl.com/arterial-blood-gas-abg/	Arterial blood gas (ABG)
https://litfl.com/ascitic-fluid/	Ascitic Fluid
https://litfl.com/autoimmune-markers/	Autoimmune Markers
https://litfl.com/blood-film/	Blood Film
https://litfl.com/brain-natriuretic-peptide-bnp/	Brain Natriuretic Peptide (BNP)
https://litfl.com/co-trimoxazole/	Co-trimoxazole
https://litfl.com/carotid-endarterectomy/	Carotid Endarterectomy
https://litfl.com/aaa-repair-patient-hot-case/	AAA Repair Patient Hot Case
https://litfl.com/clopidogrel/	Clopidogrel
https://litfl.com/cox-ii-inhibitors/	COX II Inhibitors
https://litfl.com/delivery-of-beta-2-agonists-in-intubated-patients/	Delivery of Beta-2-Agonists in Intubated Patients
https://litfl.com/dexmedetomidine/	Dexmedetomidine
https://litfl.com/dipyridamole/	Dipyridamole
https://litfl.com/post-operative-confusion/	Post Operative Confusion
https://litfl.com/posterior-reversible-encephalopathy-syndrome-pres/	PRES
https://litfl.com/dobutamine/	Dobutamine
https://litfl.com/dopamine/	Dopamine
https://litfl.com/epidural-complications/	Epidural Complications
https://litfl.com/flumazenil-ccc/	Flumazenil
https://litfl.com/frusemide/	Frusemide
https://litfl.com/gastrointestinal-drug-absorption-in-critical-illness/	GI Drug Absorption in Critical Illness
https://litfl.com/gentamicin/	Gentamicin
https://litfl.com/heparin/	Heparin
https://litfl.com/hypertonic-saline/	Hypertonic Saline
https://litfl.com/imipenem/	Imipenem
https://litfl.com/ketamine/	Ketamine
https://litfl.com/levosimendan-versus-dobutamine/	Levosimendan vs Dobutamine
https://litfl.com/levosimendan/	Levosimendan
https://litfl.com/lignocaine/	Lignocaine
https://litfl.com/linezolid/	Linezolid
https://litfl.com/lithium/	Lithium
https://litfl.com/low-molecular-weight-heparin/	Low Molecular Weight Heparin
https://litfl.com/pseudocoma/	Pseudocoma
https://litfl.com/pupillary-abnormalities/	Pupillary Abnormalities
https://litfl.com/spinal-cord-syndromes/	Spinal cord syndromes
https://litfl.com/status-epilepticus/	Status Epilepticus
https://litfl.com/transverse-myelitis/	Transverse Myelitis
https://litfl.com/watershed-infarcts/	Watershed infarcts
https://litfl.com/wernickes-encephalopathy/	Wernicke Encephalopathy
https://litfl.com/coma/	Coma DDx
https://litfl.com/continuous-eeg-monitoring/	Continuous EEG Monitoring
https://litfl.com/electroencephalogram-eeg/	Electroencephalogram (EEG)
https://litfl.com/cerebral-venous-thrombosis/	Cerebral Venous Thrombosis
https://litfl.com/decompressive-hemicraniectomy-for-malignant-mca-infarction/	Decompressive craniectomy for Malignant MCA infarction
https://litfl.com/coiling-versus-clipping-in-aneursymal-subarachnoid-haemorrhage/	Coiling versus Clipping in aneursymal SAH
https://litfl.com/decompressive-craniectomy/	Decompressive Craniectomy
https://litfl.com/monitoring-in-subarachnoid-haemorrhage/	Monitoring in Subarachnoid Haemorrhage
https://litfl.com/neurosurgery-literature-summaries/	Neurosurgery Literature Summaries
https://litfl.com/loss-of-vision/	Loss of vision DDx
https://litfl.com/retinal-haemorrhage-ddx/	Retinal haemorrhage DDx
https://litfl.com/subarachnoid-haemorrhage-complications/	Subarachnoid Haemorrhage: Complications
https://litfl.com/subarachnoid-haemorrhage-grading-systems/	Subarachnoid Haemorrhage Grading Systems
https://litfl.com/subarachnoid-haemorrhage-icu-management/	Subarachnoid Haemorrhage: ICU Management
https://litfl.com/subarachnoid-haemorrhage-initial-management/	Subarachnoid Haemorrhage: Initial Management
https://litfl.com/subarachnoid-haemorrhage-prognostication/	Subarachnoid Haemorrhage: Prognostication
https://litfl.com/subarachnoid-haemorrhage-sah/	Subarachnoid Haemorrhage (SAH)
https://litfl.com/vasospasm-in-subarachnoid-haemorrhage/	Vasospasm in Subarachnoid Haemorrhage
https://litfl.com/ventriculitis/	Ventriculitis
https://litfl.com/cerebral-salt-wasting/	Cerebral Salt Wasting
https://litfl.com/siadh-versus-cerebral-salt-wasting/	SIADH vs Cerebral Salt Wasting
https://litfl.com/basal-metabolic-rate/	Basal metabolic rate
https://litfl.com/cachexia/	Cachexia
https://litfl.com/daily-nutritional-requirements/	Daily Nutritional Requirements
https://litfl.com/poor-nutrition-in-icu/	Poor Nutrition in ICU
https://litfl.com/scleroderma/	Scleroderma
https://litfl.com/systemic-lupus-erythematosus/	Systemic Lupus Erythematosus
https://litfl.com/polyangiitis-mpa-gpa-egpa/	Polyangiitis – MPA, GPA, EGPA
https://litfl.com/pulmonary-artery-catheter/	Pulmonary Artery Catheter
https://litfl.com/lactate-clearance-versus-scvo2-monitoring-in-severe-sepsis/	Lactate Clearance versus ScvO2 Monitoring in Severe Sepsis
https://litfl.com/procalcitonin/	Procalcitonin
https://litfl.com/enteral-nutrition-versus-parenteral-nutrition/	Enteral Nutrition vs Parenteral Nutrition
https://litfl.com/folate-deficiency/	Folate Deficiency
https://litfl.com/glucose-control-in-the-critically-ill/	Glucose Control in the Critically Ill
https://litfl.com/immunonutrition/	Immunonutrition
https://litfl.com/indirect-calorimetry-and-metabolic-cart/	Indirect Calorimetry and Metabolic Cart
https://litfl.com/intolerance-to-enteral-nutrition/	Intolerance to Enteral Nutrition
https://litfl.com/nasogastric-tube-vs-peg-vs-jejunostomy/	Nasogastric tube vs PEG vs Jejunostomy
https://litfl.com/nutrition-literature-summaries/	Nutrition Literature Summaries
https://litfl.com/nutritional-assessment-in-the-critically-ill/	Nutritional Assessment in the Critically Ill
https://litfl.com/overfeeding/	Overfeeding
https://litfl.com/peri-procedural-fasting/	Periprocedural Fasting
https://litfl.com/prokinetics/	Prokinetics
https://litfl.com/refeeding-syndrome/	Refeeding Syndrome
https://litfl.com/starvation-response/	Starvation Response
https://litfl.com/substrate-metabolism-rest-versus-stress/	Substrate Metabolism – Rest versus Stress
https://litfl.com/john-birkett/	John Birkett
https://litfl.com/bispectral-index-bis-monitoring/	Bispectral Index (BIS) Monitoring
https://litfl.com/hyperbaric-oxygen-for-carbon-monoxide-poisoning/	Hyperbaric oxygen for carbon monoxide poisoning
https://litfl.com/isoniazid-toxicity/	Isoniazid toxicity
https://litfl.com/acute-paracetamol-toxicity/	Acute Paracetamol Toxicity
https://litfl.com/liver-failure-in-toxicology/	Liver Failure in Toxicology
https://litfl.com/mri-head/	MRI Head
https://litfl.com/chest-x-ray/	Chest X-ray
https://litfl.com/ck-mb/	CK-MB
https://litfl.com/crp/	CRP
https://litfl.com/csf-analysis/	CSF analysis
https://litfl.com/ct-chest/	CT Chest
https://litfl.com/ct-head/	CT Head
https://litfl.com/erythrocyte-sedimentation-rate-esr/	Erythrocyte Sedimentation Rate (ESR)
https://litfl.com/evoked-potentials-in-critical-care/	Evoked Potentials in Critical Care
https://litfl.com/mri-and-the-critically-ill/	MRI and the Critically Ill
https://litfl.com/osmolar-gap/	Osmolar Gap
https://litfl.com/total-parenteral-nutrition-tpn/	Total Parenteral Nutrition (TPN)
https://litfl.com/vitamin-d-in-critical-illness/	Vitamin D in Critical illness
https://litfl.com/thiamine-deficiency/	Thiamine Deficiency
https://litfl.com/acute-fatty-liver-of-pregnancy/	Acute Fatty Liver of Pregnancy
https://litfl.com/acute-respiratory-failure-and-obstetrics/	Acute Respiratory Failure and Obstetrics
https://litfl.com/amniotic-fluid-embolism-afe/	Amniotic Fluid Embolism (AFE)
https://litfl.com/burns-and-pregnancy/	Burns and Pregnancy
https://litfl.com/cardiogenic-shock-and-late-pregnancy/	Cardiogenic Shock and Late Pregnancy
https://litfl.com/cocaine-toxicity-and-obstetrics/	Cocaine Toxicity and Obstetrics
https://litfl.com/eclampsia/	Eclampsia
https://litfl.com/ectopic-pregnancy/	Ectopic Pregnancy
https://litfl.com/haemorrhage-and-pregnancy/	Haemorrhage and Pregnancy
https://litfl.com/hellp-syndrome/	HELLP Syndrome
https://litfl.com/influenza-and-pregnancy/	Influenza and Pregnancy
https://litfl.com/spinal-imaging/	Spinal Imaging
https://litfl.com/spirometry/	Spirometry
https://litfl.com/stool-specimens/	Stool specimens
https://litfl.com/synovial-fluid-analysis/	Synovial fluid analysis
https://litfl.com/ultrasound-in-critical-care-ccc/	Ultrasound in Critical Care
https://litfl.com/ultrasound-in-critical-care/	Ultrasound in Critical Care
https://litfl.com/urinalysis/	Urinalysis
https://litfl.com/bleeding-time/	Bleeding Time
https://litfl.com/bone-marrow-biopsy/	Bone Marrow Biopsy
https://litfl.com/standard-precautions-ccc/	Standard precautions CCC
https://litfl.com/how-to-analyse-a-clinical-trial/	How to analyse a clinical trial
https://litfl.com/acute-pulmonary-hypertension-causes/	Acute Pulmonary Hypertension: Causes
https://litfl.com/pleural-tap/	Pleural Tap
https://litfl.com/intubation-of-the-gi-bleeder/	Intubation of the GI bleeder
https://litfl.com/paediatric-anaesthetic-equipment/	Paediatric Anaesthetic Equipment
https://litfl.com/pelvic-inflammatory-disease-pid/	Pelvic Inflammatory Disease (PID)
https://litfl.com/ovarian-hyperstimulation-syndrome/	Ovarian Hyperstimulation Syndrome
https://litfl.com/obstetric-gynaecology-literature-summaries/	Obstetric and Gynaecology Literature Summaries
https://litfl.com/renal-and-urological-toxicity-of-chemotherapy/	Renal and Urological Toxicity of Chemotherapy
https://litfl.com/peripartum-cardiomyopathy/	Peripartum Cardiomyopathy
https://litfl.com/physiology-of-pregnancy/	Physiology of Pregnancy
https://litfl.com/pneumonia-in-pregnancy/	Pneumonia in Pregnancy
https://litfl.com/pre-eclampsia-and-eclampsia/	Pre-eclampsia and Eclampsia
https://litfl.com/pregnancy-and-intensive-care/	Pregnancy and Intensive Care
https://litfl.com/status-asthmaticus-and-pregnancy/	Status Asthmaticus and Pregnancy
https://litfl.com/trauma-and-pregnancy-ccc/	Trauma and Pregnancy
https://litfl.com/vte-and-pregnancy/	VTE and Pregnancy
https://litfl.com/cardiac-toxicity-of-chemotherapy/	Cardiac Toxicity of Chemotherapy
https://litfl.com/haematological-toxicity-of-chemotherapy/	Haematological Toxicity of Chemotherapy
https://litfl.com/adverse-drug-reactions/	Adverse Drug Reactions
https://litfl.com/paediatric-rapid-sequence-intubation/	Paediatric Rapid Sequence Intubation
https://litfl.com/paediatric-analgesia/	Paediatric Analgesia
https://litfl.com/paediatric-access-options-in-cardiac-arrest/	Paediatric Access Options in Cardiac Arrest
https://litfl.com/inhaled-foreign-body/	Inhaled Foreign Body
https://litfl.com/early-management-of-the-critically-ill-child/	Early Management of the Critically Ill Child
https://litfl.com/croup/	Croup
https://litfl.com/congenital-heart-disease/	Congenital Heart Disease
https://litfl.com/coarctation-of-aorta/	Coarctation of Aorta
https://litfl.com/superior-vena-cava-svc-obstruction/	Superior Vena Cava (SVC) Obstruction
https://litfl.com/pulmonary-toxicity-of-chemotherapy/	Pulmonary Toxicity of Chemotherapy
https://litfl.com/pulmonary-toxicity-of-chemotherapy-ccc/	Pulmonary Toxicity of Chemotherapy
https://litfl.com/neurological-toxicity-of-chemotherapy/	Neurological Toxicity of Chemotherapy
https://litfl.com/metabolic-toxicity-of-chemotherapy/	Metabolic Toxicity of Chemotherapy
https://litfl.com/coagulation-profile/	Coagulation Profile
https://litfl.com/d-dimer/	D-dimer
https://litfl.com/full-blood-count/	Full Blood Count
https://litfl.com/platelet-function-assays/	Platelet Function Assays
https://litfl.com/thromboelastogram-teg/	Thromboelastogram (TEG)
https://litfl.com/thrombophilia-screen/	Thrombophilia Screen
https://litfl.com/vbg-versus-abg/	VBG versus ABG
https://litfl.com/abdominal-ultrasound/	Abdominal Ultrasound
https://litfl.com/chloride-in-critical-illness/	Chloride in Critical Illness
https://litfl.com/ammonia-and-hyperammonaemia/	Ammonia and hyperammonaemia
https://litfl.com/paediatric-burns/	Paediatric Burns
https://litfl.com/paediatric-dehydration-assessment/	Paediatric Dehydration Assessment
https://litfl.com/paediatric-hypothermia/	Paediatric Hypothermia
https://litfl.com/paediatric-trauma/	Paediatric Trauma
https://litfl.com/paediatric-traumatic-brain-injury/	Paediatric Traumatic Brain Injury
https://litfl.com/paediatric-vital-signs/	Paediatric Vital Signs
https://litfl.com/persistent-pulmonary-hypertension-in-the-newborn/	Persistent Pulmonary Hypertension in the Newborn
https://litfl.com/physiological-changes-at-birth/	Physiological Changes At Birth
https://litfl.com/tetralogy-of-fallot/	Tetralogy of Fallot
https://litfl.com/serious-skin-signs-in-sick-patients/	Serious skin signs in sick patients
https://litfl.com/hirsutism-ddx/	Hirsutism DDx
https://litfl.com/splinter-haemorrhages-ddx/	Splinter haemorrhages DDx
https://litfl.com/meropenem/	Meropenem
https://litfl.com/midazolam/	Midazolam
https://litfl.com/thickened-tethered-skin-ddx/	Thickened tethered skin DDx
https://litfl.com/milrinone/	Milrinone
https://litfl.com/morphine/	Morphine
https://litfl.com/n-acetylcysteine-ccc/	N-acetylcysteine
https://litfl.com/naloxone-ccc/	Naloxone
https://litfl.com/noradrenaline/	Noradrenaline
https://litfl.com/nsaids/	NSAIDs
https://litfl.com/octreotide-ccc/	Octreotide
https://litfl.com/omeprazole/	Omeprazole
https://litfl.com/opioids/	Opioids
https://litfl.com/paracetamol/	Paracetamol
https://litfl.com/phenylephrine/	Phenylephrine
https://litfl.com/physostigmine-ccc/	Physostigmine
https://litfl.com/quorum-sensing/	Quorum sensing
https://litfl.com/genetics-and-critical-illness/	Genetics and Critical Illness
https://litfl.com/hiccoughs/	Hiccoughs
https://litfl.com/supra-physiological-oxygenation-literature-summaries/	Supra-physiological Oxygenation Literature Summaries
https://litfl.com/the-long-term-icu-patient/	The long-term ICU Patient
https://litfl.com/acute-confusion-in-a-diabetic-patient/	Acute Confusion in a Diabetic Patient
https://litfl.com/acute-non-traumatic-weakness/	Acute Non-Traumatic Weakness
https://litfl.com/anti-nmda-receptor-encephalitis/	Anti-NMDA Receptor Encephalitis
https://litfl.com/aseptic-meningitis/	Aseptic Meningitis
https://litfl.com/basilar-artery-occlusion/	Basilar Artery Occlusion
https://litfl.com/gbs-vs-myasthenia-gravis-vs-mnd/	GBS vs Myasthenia Gravis vs MND
https://litfl.com/celecoxib/	Celecoxib
https://litfl.com/botulism/	Botulism
https://litfl.com/brain-herniation/	Brain Herniation
https://litfl.com/the-brainstem-rules-of-four/	The Brainstem Rules of Four
https://litfl.com/bulbar-dysfunction-in-icu/	Bulbar Dysfunction in ICU
https://litfl.com/cerebral-oedema/	Cerebral oedema
https://litfl.com/delayed-awakening-in-icu/	Delayed Awakening in ICU
https://litfl.com/examination-of-the-unconscious-patient/	Examination of the unconscious patient
https://litfl.com/eye-movements-in-coma/	Eye Movements in Coma
https://litfl.com/guillain-barre-syndrome-vs-critical-illness-polyneuropathy/	GBS vs CIP
https://litfl.com/ranitidine/	Ranitidine
https://litfl.com/magnesium-ccc/	Magnesium
https://litfl.com/alfentanil/	Alfentanil
https://litfl.com/alkali-therapies/	Alkali Therapies
https://litfl.com/alteplase-rt-pa/	Alteplase (rtPA)
https://litfl.com/amiodarone/	Amiodarone
https://litfl.com/aprotinin/	Aprotinin
https://litfl.com/aspirin/	Aspirin
https://litfl.com/benzylpenicillin/	Benzylpenicillin
https://litfl.com/bosentan/	Bosentan
https://litfl.com/ceftriaxone/	Ceftriaxone
https://litfl.com/spironolactone/	Spironolactone
https://litfl.com/classification-of-vasoactive-drugs/	Classification of Vasoactive Drugs
https://litfl.com/oculocephalic-and-oculovestibular-reflexes/	Oculocephalic and oculovestibular reflexes
https://litfl.com/guillain-barre-syndrome-gbs/	Guillain-Barré Syndrome (GBS)
https://litfl.com/hearing-loss-in-icu/	Hearing Loss in ICU
https://litfl.com/horners-syndrome/	Horner Syndrome
https://litfl.com/hsv-encephalitis/	HSV Encephalitis
https://litfl.com/hypoxic-brain-injury/	Hypoxic Brain Injury
https://litfl.com/myasthenia-gravis/	Myasthenia Gravis
https://litfl.com/myopathy-versus-neuropathy/	Myopathy versus Neuropathy
https://litfl.com/neurology-literature-summaries/	Neurology Literature Summaries
https://litfl.com/non-convulsive-status-epilepticus-ncse/	Non-Convulsive Status Epilepticus (NCSE)
https://litfl.com/airway-exchange-catheter/	Airway exchange catheter
https://litfl.com/a-a-gradient/	A-a gradient
https://litfl.com/intubation-and-mechanical-ventilation/	Intubation and Mechanical Ventilation
https://litfl.com/mechanical-ventilation-overview/	Mechanical Ventilation Overview
https://litfl.com/modes-of-ventilation/	Modes of Ventilation
https://litfl.com/neuromuscular-blockade-in-ards/	Neuromuscular Blockade in ARDS
https://litfl.com/intralipid-and-lipid-rescue-therapy/	Intralipid and lipid rescue therapy
https://litfl.com/vancomycin/	Vancomycin
https://litfl.com/warfarin/	Warfarin
https://litfl.com/lv-function-and-haemodynamic-assessment-echocardiography/	LV function echocardiography
https://litfl.com/intracardiac-masses-echocardiography/	Intracardiac Masses Echocardiography
https://litfl.com/infective-endocarditis-echocardiography/	Infective Endocarditis Echocardiography
https://litfl.com/echocardiography-overview-2/	Echocardiography Overview
https://litfl.com/echocardiography-overview/	Echocardiography Overview
https://litfl.com/echocardiography-in-intensive-care/	Echocardiography in Intensive Care
https://litfl.com/cardiomyopathy-echocardiography/	Cardiomyopathy Echocardiography
https://litfl.com/aortic-stenosis-echocardiography/	Aortic Stenosis Echocardiography
https://litfl.com/aortic-dissection-echocardiography/	Aortic Dissection Echocardiography
https://litfl.com/metabolic-alkalosis-basics/	Metabolic Alkalosis DDx
https://litfl.com/urea-creatinine-ratio/	Urea-Creatinine Ratio
https://litfl.com/creatinine/	Creatinine
https://litfl.com/ihd-vs-crrt-vs-sled/	IHD vs CRRT vs SLED
https://litfl.com/toxic-alcohol-ingestion/	Toxic Alcohol Ingestion
https://litfl.com/tricyclic-antidepressant-toxicity-ccc/	Tricyclic Antidepressant Toxicity
https://litfl.com/citrate-toxicity/	Citrate Toxicity
https://litfl.com/spider-envenoming/	Spider envenoming
https://litfl.com/mushroom-toxicity/	Mushroom Toxicity
https://litfl.com/ciguatera-poisoning/	Ciguatera Poisoning
https://litfl.com/acute-transplant-issues/	Acute Transplant Issues
https://litfl.com/post-transplantation-infection/	Post-transplantation infection
https://litfl.com/intra-aortic-balloon-pump-ccc/	Intra-Aortic Balloon Pump Overview
https://litfl.com/nosocomial-pneumonia/	Nosocomial Pneumonia
https://litfl.com/the-doct-aviator/	The Doct-Aviator
https://litfl.com/medical-reversal/	Medical Reversal
https://litfl.com/role-of-the-consultant/	Role of the Consultant
https://litfl.com/pediatric-anaphylaxis/	Pediatric Anaphylaxis
https://litfl.com/long-term-cognitive-impairment-in-critical-illness/	Long-term cognitive impairment in Critical Illness
https://litfl.com/septic-encephalopathy/	Septic encephalopathy
https://litfl.com/a-mortal-battle-with-four-hour-medicine-ii/	A Mortal Battle with Four Hour Medicine II
https://litfl.com/a-mortal-battle-with-four-hour-medicine/	A Mortal Battle with Four Hour Medicine
https://litfl.com/are-you-satisficed/	Are you Satisficed?
https://litfl.com/urine-electrolytes/	Urine Electrolytes
https://litfl.com/own-the-ecmo/	Own the ECMO!
https://litfl.com/transjugular-intrahepatic-portosystemic-shunt/	Transjugular Intrahepatic Portosystemic Shunt
https://litfl.com/beta-blocker-overdose/	Beta-Blocker Overdose
https://litfl.com/carbon-monoxide-poisoning/	Carbon Monoxide Poisoning
https://litfl.com/entrapped/	Entrapped
https://litfl.com/adrenaline/	Adrenaline
https://litfl.com/ideal-transport-monitor/	Ideal Transport Monitor
https://litfl.com/glasgow-coma-scale-gcs/	Glasgow Coma Scale (GCS)
https://litfl.com/aeromedical-transport-of-the-critically-ill/	Aeromedical Transport of the Critically Ill
https://litfl.com/transferring-the-critically-ill/	Transferring the Critically Ill
https://litfl.com/fragility-index/	Fragility Index
https://litfl.com/c-reactive-protein-ddx/	C-Reactive Protein DDx
https://litfl.com/autoimmune-associated-diseases/	Autoimmune associated diseases
https://litfl.com/anosmia-ddx/	Anosmia DDx
https://litfl.com/urine-transparency/	Urine Transparency
https://litfl.com/specific-infections-and-causative-organisms/	Specific infections and causative organisms
https://litfl.com/anaphylaxis-ddx/	Anaphylaxis DDx
https://litfl.com/malabsorption-ddx/	Malabsorption DDx
https://litfl.com/lower-gastrointestinal-haemorrhage-ddx/	Lower Gastrointestinal Haemorrhage DDx
https://litfl.com/liver-palpation-abnormalities/	Liver palpation abnormalities
https://litfl.com/jean-martin-charcot/	Jean-Martin Charcot
https://litfl.com/rhabdomyolysis-ccc/	Rhabdomyolysis CCC
https://litfl.com/feast-and-paediatric-fluid-resuscitation/	FEAST and Paediatric Fluid Resuscitation
https://litfl.com/pharmacology-and-critical-illness/	Pharmacology and Critical Illness
https://litfl.com/surviving-sepsis-campaign-guidelines-2008/	Surviving Sepsis Campaign Guidelines 2008
https://litfl.com/steroids-and-septic-shock-literature-summaries/	Steroids and Septic Shock Literature Summaries
https://litfl.com/septic-emboli/	Septic emboli
https://litfl.com/raptor-suite/	RAPTOR suite
https://litfl.com/trauma-mortality-and-the-golden-hour/	Trauma Mortality and the Golden Hour
https://litfl.com/cholecystitis/	Cholecystitis
https://litfl.com/lightning-injury/	Lightning injury
https://litfl.com/smoke-inhalation/	Smoke inhalation
https://litfl.com/prevention-of-electrocution/	Prevention of Electrocution
https://litfl.com/central-diabetes-insipidus/	Central Diabetes Insipidus
https://litfl.com/temperature-and-traumatic-brain-injury/	Temperature and Traumatic Brain Injury
https://litfl.com/lund-concept-for-traumatic-brain-injury/	Lund Concept for Traumatic Brain injury
https://litfl.com/polyuria-and-traumatic-brain-injury/	Polyuria and Traumatic Brain Injury
https://litfl.com/moderate-head-injury/	Moderate Head Injury
https://litfl.com/diabetes-insipidus-following-tbi/	Diabetes Insipidus following TBI
https://litfl.com/brain-impact-apnoea/	Brain Impact Apnoea
https://litfl.com/minimum-inhibitory-concentration/	Minimum Inhibitory Concentration
https://litfl.com/rectal-mass/	Rectal mass
https://litfl.com/splenomegaly-ddx/	Splenomegaly DDx
https://litfl.com/limitations-of-ct-in-traumatic-brain-injury/	Limitations of CT in Traumatic Brain Injury
https://litfl.com/antibiotic-dosing-in-renal-replacement-therapy/	Antibiotic Dosing in Renal Replacement Therapy
https://litfl.com/laboratory-urinalysis/	Laboratory Urinalysis
https://litfl.com/cerebral-perfusion-pressure-in-tbi/	Cerebral Perfusion Pressure in TBI
https://litfl.com/bronchiolitis/	Bronchiolitis
https://litfl.com/prone-position-and-mechanical-ventilation/	Prone Position and Mechanical Ventilation
https://litfl.com/ventilator-associated-lung-injury/	Ventilator Associated Lung Injury
https://litfl.com/lung-recruitment-manoeuvres/	Lung Recruitment Manoeuvres in ARDS
https://litfl.com/bronchial-blocker/	Bronchial blocker
https://litfl.com/setting-up-a-ventilator/	Setting Up a Ventilator
https://litfl.com/wells-criteria-for-pulmonary-embolus/	Wells Criteria for Pulmonary Embolus
https://litfl.com/wells-criteria-for-dvt/	Wells Criteria for DVT
https://litfl.com/central-pontine-myelinolysis/	Central Pontine Myelinolysis
https://litfl.com/cerebellar-disease-ddx/	Cerebellar disease DDx
https://litfl.com/cranial-nerve-lesions-ddx/	Cranial nerve lesions DDx
https://litfl.com/dementia-ddx/	Dementia DDx
https://litfl.com/radiculopathy-ddx/	Radiculopathy DDx
https://litfl.com/peripheral-neuropathy-ddx/	Peripheral neuropathy DDx
https://litfl.com/pressure-vs-volume-loop/	Pressure vs Volume Loop
https://litfl.com/dynamic-pressure-volume-loops/	Dynamic Pressure-Volume Loops
https://litfl.com/seizures-ddx/	Seizures DDx
https://litfl.com/tube-securing-devices/	Tube securing devices
https://litfl.com/anaphylaxis/	Anaphylaxis
https://litfl.com/basic-life-support/	Basic Life Support
https://litfl.com/drowning/	Drowning
https://litfl.com/hypovolaemia/	Hypovolaemia
https://litfl.com/resuscitation-team-leader/	Resuscitation Team Leader
https://litfl.com/immediate-post-rosc-management/	Immediate Post-ROSC Management
https://litfl.com/deresuscitation-and-positive-fluid-balance/	Deresuscitation and Positive Fluid Balance
https://litfl.com/glycocalyx-in-critical-illness/	Glycocalyx in Critical Illness
https://litfl.com/systolic-pressure-variation/	Systolic pressure variation
https://litfl.com/inotropes-vasopressors-and-other-vasoactive-agents/	Inotropes, vasopressors and other vasoactive agents
https://litfl.com/chronic-graft-versus-host-disease/	Chronic Graft Versus Host Disease
https://litfl.com/encephalitis/	Encephalitis
https://litfl.com/stroke-thrombolysis/	Stroke Thrombolysis
https://litfl.com/parotid-swelling-ddx/	Parotid swelling DDx
https://litfl.com/best-case-worst-case-a-communication-tool/	Best Case/Worst Case – a communication tool
https://litfl.com/confounding-and-confounders/	Confounding and Confounders
https://litfl.com/bias-in-research/	Bias in Research
https://litfl.com/incidence-and-prevalence/	Incidence and prevalence
https://litfl.com/linear-regression-and-correlation/	Linear regression and Correlation
https://litfl.com/levels-and-grades-of-evidence/	Levels and Grades of Evidence
https://litfl.com/measures-of-central-tendency/	Measures of Central Tendency
https://litfl.com/odds-ratio/	Odds ratio
https://litfl.com/power-and-sample-size/	Power and Sample Size
https://litfl.com/qualitative-data-types-and-tests/	Qualitative Data Types and Tests
https://litfl.com/obesity-and-trauma/	Obesity and Trauma
https://litfl.com/initial-trauma-assessment/	Initial Trauma Assessment
https://litfl.com/fat-embolism-syndrome/	Fat Embolism Syndrome
https://litfl.com/facial-trauma/	Facial Trauma
https://litfl.com/extremity-arterial-injury/	Extremity arterial injury
https://litfl.com/cervical-spine-assessment/	Cervical Spine Assessment
https://litfl.com/burns-literature-summaries/	Burns Literature Summaries
https://litfl.com/crrt-circuit-clot-prevention/	CRRT circuit clot prevention
https://litfl.com/renal-replacement-therapy-indications/	Renal replacement therapy Indications
https://litfl.com/glucagon-therapy/	Glucagon Therapy
https://litfl.com/calcium-channel-blocker-toxicity/	Calcium Channel Blocker Toxicity
https://litfl.com/william-heberden-the-elder/	William Heberden the Elder
https://litfl.com/floppy-infant-ddx/	Floppy infant DDx
https://litfl.com/intracranial-structures-and-contrast/	Intracranial Structures and Contrast
https://litfl.com/exophthalmos-ddx/	Exophthalmos DDx
https://litfl.com/eye-trauma-ddx/	Eye Trauma DDx
https://litfl.com/shigeo-satomura/	Shigeo Satomura
https://litfl.com/transpulmonary-pressure/	Transpulmonary pressure (TPP)
https://litfl.com/patient-ventilator-dyssynchrony/	Patient-Ventilator Dyssynchrony
https://litfl.com/de-escalation/	De-escalation
https://litfl.com/physical-restraint/	Physical Restraint
https://litfl.com/digital-rectal-exam-dre-in-trauma/	Digital Rectal Exam (DRE) in Trauma
https://litfl.com/major-haemorrhage-in-trauma/	Major Haemorrhage in Trauma
https://litfl.com/damage-control-resuscitation/	Damage Control Resuscitation
https://litfl.com/kidney-trauma/	Kidney trauma
https://litfl.com/spleen-trauma/	Spleen trauma
https://litfl.com/diaphragm-injury/	Diaphragm injury
https://litfl.com/liver-trauma/	Liver trauma
https://litfl.com/pelvic-trauma/	Pelvic Trauma
https://litfl.com/classification-of-pelvic-fractures/	Classification of Pelvic Fractures
https://litfl.com/pre-peritoneal-packing/	Pre-peritoneal packing
https://litfl.com/pelvic-arterial-injury/	Pelvic Arterial Injury
https://litfl.com/blunt-cardiac-injury/	Blunt Cardiac Injury
https://litfl.com/aortic-injury-investigation-comparison/	Aortic Injury: Investigation Comparison
https://litfl.com/pelvic-trauma-angiography-and-embolisation/	Pelvic Trauma: Angiography and Embolisation
https://litfl.com/analgesia-in-chest-trauma/	Analgesia in Chest Trauma
https://litfl.com/acute-traumatic-spinal-cord-injury/	Acute Traumatic Spinal Cord Injury
https://litfl.com/abdominal-trauma-blunt-or-penetrating/	Abdominal Trauma: Blunt or penetrating
https://litfl.com/abdominal-ct-versus-dpl/	Abdominal CT versus DPL
https://litfl.com/ziro-kaneko/	Ziro Kaneko
https://litfl.com/portal-hypertension-signs/	Portal Hypertension Signs
https://litfl.com/central-line-infections-and-central-line-associated-blood-stream-infections-clabsi/	Central line infections
https://litfl.com/external-ventricular-drain/	External Ventricular Drain
https://litfl.com/traumatic-brain-injury-tbi-overview/	Traumatic Brain Injury (TBI) Overview
https://litfl.com/abdominal-aortic-aneurysm-aaa/	Abdominal aortic aneurysm (AAA)
https://litfl.com/hypertension-post-aaa-repair/	Hypertension Post AAA Repair
https://litfl.com/myocardial-ischemia-post-aaa-repair/	Myocardial ischemia post AAA repair
https://litfl.com/renal-failure-post-aaa-repair/	Renal failure Post AAA Repair
https://litfl.com/vascath-misplacement/	Vascath misplacement
https://litfl.com/vascular-surgery-literature-summaries/	Vascular Surgery Literature Summaries
https://litfl.com/eduard-glanzmann/	Eduard Glanzmann
https://litfl.com/optic-disc-abnormality-ddx/	Optic disc abnormality DDx
https://litfl.com/red-eye-ddx/	Red eye DDx
https://litfl.com/atelectasis-ddx/	Atelectasis DDx
https://litfl.com/bronchial-breath-sounds/	Bronchial breath sounds
https://litfl.com/rheumatoid-arthritis/	Rheumatoid arthritis
https://litfl.com/septic-cardiomyopathy/	Septic cardiomyopathy
https://litfl.com/immunomodulatory-agents-in-sepsis/	Immunomodulatory Agents in Sepsis
https://litfl.com/catecholamine-excess-beta-blockade-and-critical-illness/	Catecholamine excess, Beta Blockade and Critical Illness
https://litfl.com/pac-literature-summaries/	PAC Literature Summaries
https://litfl.com/pulmonary-haemorrhage-after-paop-measurement/	Pulmonary haemorrhage after PAOP measurement
https://litfl.com/troubleshooting-pac-measurement/	Troubleshooting PAC measurement
https://litfl.com/pulmonary-artery-wedge-pressure/	Pulmonary Artery Wedge Pressure
https://litfl.com/mixed-venous-oxygen-saturation-svo2-monitoring/	Mixed venous oxygen saturation (SvO2) monitoring
https://litfl.com/central-venous-oxygen-saturation-scvo2/	Central venous oxygen saturation (ScvO2)
https://litfl.com/svo2-vs-scvo2/	SvO2 vs ScvO2
https://litfl.com/early-goal-directed-therapy-in-septic-shock/	Early Goal Directed Therapy in Septic Shock
https://litfl.com/hypoxaemia-in-toxicology/	Hypoxaemia in Toxicology
https://litfl.com/liver-transplantation-for-paracetamol-toxicity/	Liver Transplantation for Paracetamol Toxicity
https://litfl.com/fulminant-hepatic-failure/	Fulminant Hepatic Failure
https://litfl.com/local-anaesthetic-toxicity-ccc/	Local Anaesthetic Toxicity
https://litfl.com/methaemoglobinaemia/	Methaemoglobinaemia
https://litfl.com/sympatholytic-toxidrome/	Sympatholytic toxidrome
https://litfl.com/theophylline-toxicity/	Theophylline toxicity
https://litfl.com/diabetes-insipidus-ddx/	Diabetes Insipidus DDx
https://litfl.com/high-airway-pressure-ddx/	High airway pressure DDx
https://litfl.com/massive-haemoptysis-ddx/	Massive haemoptysis DDx
https://litfl.com/honeycomb-lung-ddx/	Honeycomb lung DDx
https://litfl.com/interstitial-lung-markings-on-cxr-ddx/	Interstitial lung markings on CXR DDx
https://litfl.com/pulmonary-fibrosis-ddx/	Pulmonary fibrosis DDx
https://litfl.com/toxic-agents-and-abnormal-vital-signs/	Toxic agents and abnormal vital signs
https://litfl.com/toxicological-causes-of-cardiac-arrest/	Toxicological causes of cardiac arrest
https://litfl.com/ethylene-glycol-toxicity/	Ethylene Glycol Toxicity
https://litfl.com/randomised-control-trials/	Randomised control trials
https://litfl.com/aspiration-pneumonitis/	Aspiration Pneumonitis
https://litfl.com/bronchiectasis/	Bronchiectasis
https://litfl.com/hyperkalaemia-clinical-case/	Hyperkalaemia Clinical Case
https://litfl.com/urgencia-uc-conceptos-2017/	Urgencia UC: Conceptos 2017
https://litfl.com/sildenafil/	Sildenafil
https://litfl.com/rifampicin/	Rifampicin
https://litfl.com/prothrombinex/	Prothrombinex-VF
https://litfl.com/propofol/	Propofol
https://litfl.com/urinary-catheterisation/	Urinary Catheterisation
https://litfl.com/sotalol/	Sotalol
https://litfl.com/statins-in-the-critically-ill/	Statins in the Critically Ill
https://litfl.com/sugammadex-ccc/	Sugammadex CCC
https://litfl.com/tenecteplase-tnk-tpa/	Tenecteplase (TNK-tPA)
https://litfl.com/terlipressin/	Terlipressin
https://litfl.com/tirofiban/	Tirofiban
https://litfl.com/adaptive-support-ventilation/	Adaptive Support Ventilation
https://litfl.com/cervical-artery-dissection/	Cervical artery dissection
https://litfl.com/practice-misalignment/	Practice Misalignment
https://litfl.com/delirium-in-icu/	Delirium in ICU
https://litfl.com/interruptions-of-sedation/	Interruptions of Sedation
https://litfl.com/high-airway-and-alveolar-pressures/	High airway and alveolar pressures
https://litfl.com/acute-respiratory-distress-syndrome-ards/	Acute Respiratory Distress Syndrome – ARDS
https://litfl.com/philip-wells/	Philip S Wells
https://litfl.com/tranexamic-acid/	Tranexamic Acid
https://litfl.com/post-intubation-hypoxia/	Post-intubation hypoxia
https://litfl.com/dabigatran-and-bleeding/	Dabigatran and Bleeding
https://litfl.com/respiratory-alkalosis-basics/	Respiratory Alkalosis DDx
https://litfl.com/respiratory-acidosis-basics/	Respiratory Acidosis DDx
https://litfl.com/metabolic-acidosis-basics/	Metabolic acidosis DDx
https://litfl.com/urea/	Urea
https://litfl.com/hypomagnesaemia/	Hypomagnesaemia
https://litfl.com/arterial-blood-gas-sample/	Arterial Blood Gas Sample
https://litfl.com/methanol-toxicity/	Methanol Toxicity
https://litfl.com/regional-citrate-anticoagulation/	Regional citrate anticoagulation
https://litfl.com/neuroleptic-malignant-syndrome-ccc/	Neuroleptic Malignant Syndrome
https://litfl.com/anticholinergic-syndrome-ccc/	Anticholinergic Syndrome
https://litfl.com/sympathomimetic-toxidrome/	Sympathomimetic toxidrome
https://litfl.com/evidence-based-toxicology/	Evidence-based Toxicology
https://litfl.com/iron-overdose/	Iron Overdose
https://litfl.com/tick-paralysis/	Tick Paralysis
https://litfl.com/plant-toxicity/	Plant Toxicity
https://litfl.com/marine-envenoming-ccc/	Marine envenoming
https://litfl.com/infections-in-the-immunocompromised/	Infections in the Immunocompromised
https://litfl.com/idiopathic-pulmonary-fibrosis/	Idiopathic Pulmonary Fibrosis
https://litfl.com/pneumonia-in-the-immunocompromised/	Pneumonia in the Immunocompromised
https://litfl.com/open-lung-biopsy/	Open Lung Biopsy
https://litfl.com/oxygen-extraction-ratio/	Oxygen Extraction Ratio
https://litfl.com/high-altitude-illness/	High Altitude illness
https://litfl.com/interpretative-biases/	Interpretative biases
https://litfl.com/alfred-vulpian/	Alfred Vulpian
https://litfl.com/dogma-and-pseudoaxioms/	Dogma and Pseudoaxioms
https://litfl.com/small-bowel-obstruction-ddx/	Small bowel obstruction  DDx
https://litfl.com/sepsis-definitions-and-diagnosis/	Sepsis Definitions and Diagnosis
https://litfl.com/progressive-pneumonia/	Progressive Pneumonia
https://litfl.com/reboa-in-resuscitation/	REBOA in resuscitation
https://litfl.com/post-traumatic-seizures/	Post-Traumatic Seizures
https://litfl.com/ketamine-rsi-for-head-injury/	Ketamine RSI for head injury
https://litfl.com/base-of-skull-fracture/	Base of Skull Fracture
https://litfl.com/pacing-modes/	Pacing Modes
https://litfl.com/groin-lump-ddx/	Groin lump DDx
https://litfl.com/hepatosplenomegaly/	Hepatosplenomegaly
https://litfl.com/hepatomegaly/	Hepatomegaly
https://litfl.com/electromagnetic-interference/	Electromagnetic Interference
https://litfl.com/abdominal-mass-ddx/	Abdominal mass DDx
https://litfl.com/fever-friend-or-foe/	Fever, Friend or Foe?
https://litfl.com/temporary-pacemaker-troubleshooting/	Temporary Pacemaker Troubleshooting
https://litfl.com/antibiotic-timing/	Antibiotic Timing
https://litfl.com/pacemakers/	Pacemakers
https://litfl.com/overdrive-pacing/	Overdrive Pacing
https://litfl.com/pulmonary-hypertension/	Pulmonary Hypertension
https://litfl.com/protective-lung-ventilation/	Protective Lung Ventilation
https://litfl.com/acute-respiratory-distress-syndrome-definitions/	Acute Respiratory Distress Syndrome Definitions
https://litfl.com/open-lung-approach-to-ventilation/	Open Lung Approach To Ventilation
https://litfl.com/airway-pressure-release-ventilation/	Airway Pressure Release Ventilation (APRV)
https://litfl.com/ventilation-literature-summaries/	Ventilation Literature Summaries
https://litfl.com/pressure-versus-time-graph/	Pressure versus Time Graph
https://litfl.com/chorea-ddx/	Chorea DDx
https://litfl.com/dystonia-ddx/	Dystonia DDx
https://litfl.com/horner-syndrome-ddx/	Horner syndrome DDx
https://litfl.com/movement-disorders-ddx/	Movement disorders DDx
https://litfl.com/meningism-ddx/	Meningism DDx
https://litfl.com/sore-throat-ddx/	Sore throat DDx
https://litfl.com/abdominal-pain-ddx/	Abdominal pain DDx
https://litfl.com/weight-loss-ddx/	Weight loss DDx
https://litfl.com/hypoglycemia/	Hypoglycemia
https://litfl.com/gynaecomastia-ddx/	Gynaecomastia DDx
https://litfl.com/diffuse-goitre/	Diffuse Goitre
https://litfl.com/skin-tumours-ddx/	Skin tumours DDx
https://litfl.com/confidence-intervals/	Confidence Intervals
https://litfl.com/resuscitative-thoracotomy/	Resuscitative Thoracotomy
https://litfl.com/crush-syndrome/	Crush Syndrome
https://litfl.com/a-spider-called-willis/	A Spider called Willis
https://litfl.com/asterixis-ddx/	Asterixis DDx
https://litfl.com/intracranial-calcification-ddx/	Intracranial calcification DDx
https://litfl.com/wasting-small-muscles-of-the-hand/	Wasting: small muscles of the hand
https://litfl.com/fixed-dilated-pupil-ddx/	Fixed dilated pupil DDx
https://litfl.com/volume-versus-time-graph/	Volume versus Time Graph
https://litfl.com/flow-volume-loops/	Flow Volume Loops
https://litfl.com/volutrauma/	Volutrauma
https://litfl.com/high-frequency-ventilation/	High Frequency Ventilation
https://litfl.com/equipment-and-procedure-viva/	Equipment and Procedure Viva
https://litfl.com/persistent-and-chronic-critical-illness/	Persistent and Chronic Critical Illness
https://litfl.com/haematuria-in-trauma/	Haematuria in trauma
https://litfl.com/increased-intracranial-pressure-in-tbi/	Increased Intracranial Pressure in TBI
https://litfl.com/codman-icp-monitor/	Codman ICP Monitor
https://litfl.com/extradural-icp-monitors/	Extradural ICP monitors
https://litfl.com/traumatic-brain-injury-tbi-assessment/	Traumatic Brain Injury (TBI) Assessment
https://litfl.com/robert-meyer/	Robert Meyer
https://litfl.com/pseudofracture-ddx/	Pseudofracture DDx
https://litfl.com/mediastinal-widening-on-portable-x-rays/	Mediastinal widening on portable x-rays
https://litfl.com/bronchiectasis-ddx/	Bronchiectasis DDx
https://litfl.com/ideal-helicopter-ventilator/	Ideal Helicopter Ventilator
https://litfl.com/sepsis-biomarkers/	Sepsis Biomarkers
https://litfl.com/arthritis-ddx/	Arthritis DDx
https://litfl.com/lithium-toxicity-ccc/	Lithium Toxicity
https://litfl.com/methylene-blue-ccc/	Methylene Blue
https://litfl.com/hilar-adenopathy-ddx/	Hilar adenopathy DDx
https://litfl.com/validity-of-clinical-research/	Validity of Research and Measurements
https://litfl.com/aspiration-pneumonia/	Aspiration Pneumonia
https://litfl.com/propofol-related-infusion-syndrome/	Propofol-related Infusion Syndrome
https://litfl.com/popular-misconceptions-about-evolution/	Popular Misconceptions About Evolution
https://litfl.com/sodium-valproate/	Sodium Valproate
https://litfl.com/protamine/	Protamine
https://litfl.com/prostacyclin-or-epoprostenol/	Prostacyclin or Epoprostenol
https://litfl.com/atrial-fibrillation-ddx/	Atrial Fibrillation DDx
https://litfl.com/the-candiru/	The Candirú
https://litfl.com/sucralfate/	Sucralfate
https://litfl.com/tazocin/	Tazocin
https://litfl.com/thoracic-epidural-analgesia-for-chest-trauma/	Thoracic Epidural Analgesia for Chest Trauma
https://litfl.com/adjunctive-respiratory-therapies/	Adjunctive Respiratory Therapies
https://litfl.com/sedation-in-icu/	Sedation in ICU
https://litfl.com/intrinsic-peep/	Intrinsic PEEP
https://litfl.com/tramadol/	Tramadol
https://litfl.com/snakebite-envenoming/	Snakebite envenoming
https://litfl.com/pneumonia-in-heart-lung-transplant/	Pneumonia in Heart-Lung Transplant
https://litfl.com/crisis-crewmanship-and-crm/	Crisis, Crewmanship and CRM
https://litfl.com/monro-kellie-doctrine/	Monro-Kellie doctrine
https://litfl.com/ataxia-ddx/	Ataxia DDx
https://litfl.com/unresolved-sepsis/	Unresolved sepsis
https://litfl.com/mitochondrial-dysfunction/	Mitochondrial dysfunction
https://litfl.com/large-bowel-obstruction-ddx-2/	Large bowel obstruction  DDx
https://litfl.com/dysphagia-ddx/	Dysphagia DDx
https://litfl.com/scrotal-mass/	Scrotal mass
https://litfl.com/kidney-mass/	Kidney mass
https://litfl.com/pulmonary-mechanics/	Pulmonary mechanics
https://litfl.com/oxygen-haemoglobin-dissociation-curve/	Oxygen-Haemoglobin Dissociation Curve
https://litfl.com/ards-literature-summaries/	ARDS Literature Summaries
https://litfl.com/flow-versus-time-graph/	Flow versus Time Graph
https://litfl.com/hyperkalaemia-ccc/	Hyperkalaemia CCC
https://litfl.com/facial-twitches-ddx/	Facial twitches DDx
https://litfl.com/parkinsonism/	Parkinsonism
https://litfl.com/fluid-balance/	Fluid balance
https://litfl.com/pierre-eugene-menetrier/	Pierre Eugène Ménétrier
https://litfl.com/abdominal-distension-ddx/	Abdominal distension DDx
https://litfl.com/acanthosis-nigricans/	Acanthosis nigricans
https://litfl.com/alcohol-withdrawal/	Alcohol Withdrawal
https://litfl.com/making-a-bad-thing-good/	Making a bad thing good
https://litfl.com/ventilator-waveform-analysis/	Ventilator Waveform Analysis
https://litfl.com/high-frequency-oscillation-ventilation/	High Frequency Oscillation Ventilation
https://litfl.com/chemical-restraint/	Chemical Restraint
https://litfl.com/haemostatic-resuscitation/	Haemostatic resuscitation
https://litfl.com/why-dont-we-wash-our-hands/	Why Don’t We Wash Our Hands?
https://litfl.com/magnesium-hypomagnesaemia/	Magnesium
https://litfl.com/nsteacs-management/	NSTEACS Management
https://litfl.com/traumatic-brain-injury-tbi-prognosis/	Traumatic Brain Injury (TBI) Prognosis
https://litfl.com/traumatic-brain-injury-tbi-monitoring/	Traumatic Brain Injury (TBI) Monitoring
https://litfl.com/permissive-hypotension/	Permissive hypotension
https://litfl.com/stemi-management/	STEMI Management
https://litfl.com/we-dont-need-no-foam-curriculum/	We don’t need no FOAM Curriculum
https://litfl.com/hyperthermia-associated-toxidromes/	Hyperthermia-associated toxidromes
https://litfl.com/carl-hueter/	Carl Hueter
https://litfl.com/weigert-meyer-rule/	Weigert-Meyer rule
https://litfl.com/liver-transplantation/	Liver Transplantation
https://litfl.com/tracheal-displacement/	Tracheal displacement
https://litfl.com/diagnostic-tests-in-research/	Diagnostic Tests in Research
https://litfl.com/alan-lyell/	Alan Lyell
https://litfl.com/pseudo-lung-point/	Pseudo lung point
https://litfl.com/methylhexanamine/	Methylhexanamine
https://litfl.com/auto-triggering-of-the-ventilator/	Auto Triggering of the Ventilator
https://litfl.com/driving-pressure/	Driving pressure
https://litfl.com/hyperchloraemia/	Hyperchloraemia
https://litfl.com/pulmonary-embolus-pondering/	Pulmonary Embolus pondering
https://litfl.com/lung-abscess/	Lung Abscess
https://litfl.com/obstructive-sleep-apnoea/	Obstructive Sleep Apnoea
https://litfl.com/extubation-assessment-in-the-ed/	Extubation Assessment in the ED
https://litfl.com/swallowing/	Swallowing
https://litfl.com/difficulty-weaning-from-mechanical-ventilation/	Difficulty weaning from mechanical ventilation
https://litfl.com/non-invasive-ventilation-for-weaning/	Non-Invasive Ventilation for Weaning
https://litfl.com/extubation-assessment-in-the-icu/	Extubation Assessment in the ICU
https://litfl.com/extubation-assessment-hot-case/	Extubation Assessment: Hot Case
https://litfl.com/cuff-leak-test/	Cuff Leak Test
https://litfl.com/icu-mind-maps/	ICU Mind Maps
https://litfl.com/post-extubation-stridor/	Post-extubation stridor
https://litfl.com/laryngospasm/	Laryngospasm
https://litfl.com/indices-that-predict-difficulty-weaning/	Indices that predict difficulty weaning
https://litfl.com/spontaneous-breathing-trial/	Spontaneous Breathing Trial
https://litfl.com/tracheostomy-complications/	Tracheostomy Complications
https://litfl.com/anatomy-for-tracheostomy/	Anatomy for Tracheostomy
https://litfl.com/assessment-of-swallow-in-a-tracheostomy-patient/	Assessment of Swallow in a Tracheostomy Patient
https://litfl.com/fenestrated-tracheostomy-tube/	Fenestrated Tracheostomy Tube
https://litfl.com/timing-of-tracheostomy/	Timing of Tracheostomy
https://litfl.com/tracheostomy-ready-for-decannulation/	Tracheostomy ready for decannulation
https://litfl.com/weaning-from-mechanical-ventilation/	Weaning from Mechanical Ventilation
https://litfl.com/meow-meow-mephedrone/	Meow-Meow Mephedrone
https://litfl.com/percutaneous-tracheostomy/	Percutaneous Tracheostomy
https://litfl.com/weaning-from-ventilation-hot-case/	Weaning from ventilation: Hot Case
https://litfl.com/tracheostomy-advantages-and-disadvantages/	Tracheostomy, advantages and disadvantages
https://litfl.com/tracheostomy-insertion-techniques/	Tracheostomy Insertion Techniques
https://litfl.com/tracheostomy-literature-summaries/	Tracheostomy Literature Summaries
https://litfl.com/percutaneous-vs-surgical-tracheostomy/	Percutaneous vs Surgical Tracheostomy
https://litfl.com/im-just-trying-to-get-clean-bro/	I’m Just Trying To Get Clean Bro’
https://litfl.com/respiratory-distress-in-tracheostomy-patient/	Respiratory distress in Tracheostomy Patient
https://litfl.com/pao2-fio2-ratio/	PaO2/FiO2 Ratio (P/F Ratio)
https://litfl.com/bleeding-tracheostomy/	Bleeding Tracheostomy
https://litfl.com/self-discipline-implantation/	Self-Discipline Implantation
https://litfl.com/laryngeal-mask-airway-lma/	Laryngeal Mask Airway (LMA)
https://litfl.com/intubating-lma/	Intubating LMA
https://litfl.com/ett-stylet/	ETT Stylet
https://litfl.com/direct-versus-video-laryngoscopy/	Direct versus Video Laryngoscopy
https://litfl.com/direct-laryngoscopy/	Direct Laryngoscopy
https://litfl.com/difficult-airway-algorithms/	Difficult Airway Algorithms
https://litfl.com/treatment-decisions-when-patients-lack-competence/	Treatment Decisions when patients lack competence
https://litfl.com/consent/	Consent
https://litfl.com/capacity-and-competence/	Capacity and Competence
https://litfl.com/delayed-sequence-intubation-dsi/	Delayed sequence intubation (DSI)
https://litfl.com/consent-and-competence-in-children/	Consent and Competence in Children
https://litfl.com/airway-obstruction/	Airway Obstruction
https://litfl.com/cricoid-pressure/	Cricoid pressure
https://litfl.com/cant-intubate/	Can’t Intubate
https://litfl.com/coroners-clot/	Coroner’s clot
https://litfl.com/bougie/	Bougie
https://litfl.com/trismus-and-restricted-mouth-opening/	Trismus and Restricted Mouth Opening
https://litfl.com/urine-drug-screen/	Urine Drug Screen
https://litfl.com/blind-digital-intubation/	Blind Digital Intubation
https://litfl.com/bleeding-tracheostomy-2/	Bleeding Tracheostomy
https://litfl.com/awake-intubation/	Awake Intubation
https://litfl.com/acute-severe-asthma/	Acute Severe Asthma
https://litfl.com/non-invasive-ventilation-niv/	Non-Invasive Ventilation (NIV)
https://litfl.com/angioedema/	Angioedema
https://litfl.com/mechanical-cardiopulmonary-resuscitation-mcpr/	Mechanical Cardiopulmonary Resuscitation (mCPR)
https://litfl.com/airway-literature-summaries/	Airway Literature Summaries
https://litfl.com/new-years-day-honours-2018/	New Years Day Honours 2018
https://litfl.com/airway-in-neck-trauma/	Airway in Neck Trauma
https://litfl.com/peri-intubation-life-threats/	Peri-intubation life threats
https://litfl.com/non-invasive-ventilation-niv-and-asthma/	Non-invasive ventilation (NIV) and asthma
https://litfl.com/airway-in-maxillofacial-trauma/	Airway in Maxillofacial Trauma
https://litfl.com/contrast-induced-nephropathy/	Contrast Induced Nephropathy
https://litfl.com/contrast-agents/	Contrast Agents
https://litfl.com/narrow-complex-tachycardia/	Narrow Complex Tachycardia
https://litfl.com/myocarditis/	Myocarditis
https://litfl.com/myocardial-stunning/	Myocardial Stunning
https://litfl.com/murmurs-and-valve-lesions/	Murmurs and Valve Lesions
https://litfl.com/lown-ganong-levine-syndrome-ccc/	Lown-Ganong-Levine Syndrome
https://litfl.com/long-qt-syndrome/	Long QT Syndrome
https://litfl.com/left-ventricular-outflow-tract-obstruction-lvoto/	Left Ventricular Outflow Tract Obstruction (LVOTO)
https://litfl.com/junctional-ectopic-tachycardia/	Junctional Ectopic Tachycardia
https://litfl.com/implantable-cardioverter-defibrillators-icds/	Implantable Cardioverter Defibrillators (ICDs)
https://litfl.com/hypertrophic-cardiomyopathy/	Hypertrophic Cardiomyopathy
https://litfl.com/heart-transplant-patient/	Heart Transplant Patient
https://litfl.com/anion-gap/	Anion Gap
https://litfl.com/airway-assessment/	Airway Assessment
https://litfl.com/heart-failure-literature-summaries/	Heart Failure Literature Summaries
https://litfl.com/heart-block-and-conduction-abnormalities/	Heart Block and Conduction Abnormalities
https://litfl.com/adverse-effects-of-endotracheal-intubation/	Adverse effects of Endotracheal Intubation
https://litfl.com/managing-the-emergency-department/	Managing the Emergency Department
https://litfl.com/icu-outreach/	ICU Outreach
https://litfl.com/icu-response-to-a-pandemic/	ICU Response to a Pandemic
https://litfl.com/new-equipment-purchasing/	New Equipment Purchasing
https://litfl.com/icu-staffing/	ICU Staffing
https://litfl.com/icu-design-and-staffing/	ICU Design and Staffing
https://litfl.com/changes-in-icu-mortality/	Changes in ICU Mortality
https://litfl.com/renal-tubular-acidosis-and-uraemic-acidosis/	Renal Tubular Acidosis and Uraemic Acidosis
https://litfl.com/three-axis-alignment-two-curve-theory-and-the-three-column-model/	Three Axis Alignment, Two Curve Theory and the Three Column Model
https://litfl.com/surgical-cricothyroidotomy/	Surgical Cricothyroidotomy
https://litfl.com/sodium-bicarbonate-and-diabetic-ketoacidosis/	Sodium Bicarbonate and Diabetic Ketoacidosis
https://litfl.com/stridor/	Stridor
https://litfl.com/lactate-and-lactic-acidosis/	Lactate and Lactic Acidosis
https://litfl.com/urinary-anion-gap/	Urinary Anion Gap
https://litfl.com/rapid-sequence-intubation-rsi/	Rapid Sequence Intubation (RSI)
https://litfl.com/sodium-bicarbonate-use/	Sodium Bicarbonate Use
https://litfl.com/respiratory-compensation-in-metabolic-disorders/	Respiratory Compensation in Metabolic Disorders
https://litfl.com/intubation-hypotension-and-shock/	Intubation, Hypotension and Shock
https://litfl.com/respiratory-alkalosis/	Respiratory Alkalosis
https://litfl.com/rapid-sequence-airway-rsa-and-palm/	Rapid sequence airway (RSA) and PALM
https://litfl.com/respiratory-acidosis/	Respiratory Acidosis
https://litfl.com/pretreatment-drugs-for-rapid-sequence-intubation-rsi/	Pretreatment drugs for RSI
https://litfl.com/normal-anion-gap-metabolic-acidosis/	Normal Anion Gap Metabolic Acidosis
https://litfl.com/preoxygenation/	Preoxygenation
https://litfl.com/metformin-associated-lactic-acidosis/	Metformin-associated Lactic Acidosis
https://litfl.com/metabolic-alkalosis/	Metabolic Alkalosis
https://litfl.com/metabolic-alkalosis-evaluation/	Metabolic Alkalosis Evaluation
https://litfl.com/metabolic-acidosis/	Metabolic Acidosis
https://litfl.com/post-intubation-care/	Post-intubation care
https://litfl.com/metabolic-acidosis-evaluation/	Metabolic Acidosis Evaluation
https://litfl.com/lactic-acidosis-evaluation/	Lactic Acidosis Evaluation
https://litfl.com/ketoacidosis/	Ketoacidosis
https://litfl.com/delta-ratio/	Delta Ratio
https://litfl.com/paralytics-for-intubation-of-the-critically-ill/	Paralytics for Intubation of the Critically Ill
https://litfl.com/base-excess-vs-standard-base-excess/	Base Excess vs Standard Base Excess
https://litfl.com/traumatic-brain-injury-tbi-management/	Traumatic Brain Injury (TBI) Management
https://litfl.com/nasal-intubation/	Nasal intubation
https://litfl.com/cardiac-output/	Cardiac Output
https://litfl.com/cardiac-lesions-and-severe-clinical-signs/	Cardiac Lesions and Severe Clinical Signs
https://litfl.com/cardiac-biomarkers/	Cardiac Biomarkers
https://litfl.com/cardiac-arrest-literature-summaries/	Cardiac Arrest Literature Summaries
https://litfl.com/beta-blockers-to-prevent-perioperative-mi/	Beta Blockers to Prevent Perioperative MI
https://litfl.com/atrial-natriuretic-peptide/	Atrial Natriuretic Peptide
https://litfl.com/atrial-fibrillation/	Atrial Fibrillation
https://litfl.com/arrhythmias/	Arrhythmias
https://litfl.com/arrhythmias-literature-summaries/	Arrhythmia Literature Summaries
https://litfl.com/afterload/	Afterload
https://litfl.com/percutaneous-coronary-intervention-pci/	Percutaneous Coronary Intervention (PCI)
https://litfl.com/acute-coronary-syndromes/	Acute Coronary Syndromes
https://litfl.com/acute-coronary-syndromes-literature-summaries/	Acute Coronary Syndromes Literature Summaries
https://litfl.com/open-chest-management-and-delayed-sternal-closure/	Open Chest Management and Delayed Sternal Closure
https://litfl.com/tunnel-vision/	Tunnel vision DDx
https://litfl.com/underwater-seal-chest-drainage-system/	Underwater Seal Chest Drainage System
https://litfl.com/intercostal-catheter-chest-drain/	Intercostal Catheter (Chest Drain)
https://litfl.com/central-venous-catheters/	Central Venous Catheters
https://litfl.com/cardiac-output-measurement/	Cardiac Output Measurement
https://litfl.com/capnography-and-co2-detectors/	Capnography and CO2 Detectors
https://litfl.com/capnography-waveform-interpretation/	Capnography Waveform Interpretation
https://litfl.com/bag-valve-mask-bvm-ventilation/	Bag-Valve-Mask (BVM) Ventilation
https://litfl.com/aha-acc-guidelines-2007-perioperative-cardiovascular-evaluation/	AHA/ACC Guidelines (2007)
https://litfl.com/bubble-cpap/	Bubble CPAP
https://litfl.com/blood-warmer/	Blood Warmer
https://litfl.com/blood-gas-syringe/	Blood gas syringe
https://litfl.com/arterial-line-and-pressure-transducer/	Arterial line and Pressure Transducer
https://litfl.com/blood-filter/	Blood filter
https://litfl.com/emergent-valve-disorders/	Emergent Valve Disorders
https://litfl.com/aortic-regurgitation/	Aortic Regurgitation
https://litfl.com/contractility/	Contractility
https://litfl.com/compression-only-cpr/	Compression Only CPR
https://litfl.com/blood-culture-bottles/	Blood Culture Bottles
https://litfl.com/bite-block/	Bite block
https://litfl.com/oxylator/	Oxylator
https://litfl.com/enk-oxygen-flow-delivery-system/	ENK Oxygen Flow Delivery System
https://litfl.com/circulation-assessment/	Circulation Assessment
https://litfl.com/cement-implantation-syndrome/	Cement implantation syndrome
https://litfl.com/cardioversion-in-icu/	Cardioversion in ICU
https://litfl.com/cardiovascular-physiology-overview/	Cardiovascular Physiology Overview
https://litfl.com/cardiovascular-performance-assessment/	Cardiovascular Performance Assessment
https://litfl.com/cardiogenic-shock-literature-summaries/	Cardiogenic Shock Literature Summaries
https://litfl.com/cardiac-resynchronisation-therapy/	Cardiac Resynchronisation Therapy
https://litfl.com/tracheostomy-tubes/	Tracheostomy tubes
https://litfl.com/third-cranial-nerve-lesions/	Third Cranial Nerve Lesions
https://litfl.com/femoral-vein-anatomy/	Femoral Vein Anatomy
https://litfl.com/endotracheal-tube-cuff-leak/	Endotracheal tube cuff leak
https://litfl.com/airway-and-cervical-spine-injury/	Airway and Cervical Spine Injury
https://litfl.com/airway-management-in-major-trauma/	Airway Management in Major Trauma
https://litfl.com/prehospital-rapid-sequence-intubation-rsi/	Pre-hospital Rapid Sequence Intubation (RSI)
https://litfl.com/paediatric-airway/	Paediatric Airway
https://litfl.com/intubation-in-upper-gastrointestinal-haemorrhage/	Intubation in Upper Gastrointestinal Haemorrhage
https://litfl.com/tracheo-esophageal-fistula/	Tracheo-esophageal fistula
https://litfl.com/coroners-clot-2/	Coroner’s clot
https://litfl.com/suction-assisted-laryngoscopy-airway-decontamination-salad/	Suction Assisted Laryngoscopy Airway Decontamination (SALAD)
https://litfl.com/unplanned-extubation/	Unplanned extubation
https://litfl.com/video-laryngoscopy/	Video laryngoscopy
https://litfl.com/upper-airway-obstruction-in-a-child/	Upper Airway Obstruction in a Child
https://litfl.com/mastering-intensive-care-038-with-june-goh/	Mastering Intensive Care 038 with June Goh
https://litfl.com/top-10-food-for-emergencies/	Top 10 Food for Emergencies
https://litfl.com/rene-leriche/	René Leriche
https://litfl.com/acute-mountain-sickness-is-more-than-one-syndrome/	Acute mountain sickness is more than one syndrome
https://litfl.com/death-by-caterpillar-consider-zebras-but-dont-memorize-them/	Death by caterpillar. Consider zebras, but don’t memorize them
https://litfl.com/the-death-of-santa-claus/	The Death of Santa Claus
https://litfl.com/everything-you-know-about-snakebites-is-wrong/	Everything you know about snakebites is wrong.
https://litfl.com/bells-jingle-around-the-world/	Bells Jingle Around the World
https://litfl.com/yuletide-euphoria/	Yuletide Euphoria
https://litfl.com/are-you-using-the-heel-hook-for-climbing-should-you/	Are you using the heel hook for climbing? Should you?
https://litfl.com/words-of-wisdom-in-christmas-cheer/	Words of Wisdom in Christmas Cheer
https://litfl.com/no-really-snakes-can-still-hurt-you-after-theyre-dead/	No really, snakes can still hurt you after they’re dead
https://litfl.com/so-maybe-you-can-use-that-for-a-wilderness-airway/	So maybe you can use that for a wilderness airway
https://litfl.com/merry-funtabulously-frivolous-friday-five-264/	Merry Funtabulously Frivolous Friday Five 264
https://litfl.com/steripen-convenient-or-worthless/	SteriPEN, convenient or worthless?
https://litfl.com/secret-diary-of-an-emergency-registrar/	Secret Diary of an Emergency Registrar
https://litfl.com/dislocated-put-your-shoulder-into-it/	Dislocated? Put your shoulder into it!
https://litfl.com/komodo-dragons-myth-vs-reality/	Komodo dragons: Myth vs reality
https://litfl.com/dont-use-compression-only-cpr-for-drowning-victims/	Don’t use compression only CPR for drowning victims
https://litfl.com/is-there-anything-a-sam-splint-cant-do/	Is there anything a SAM splint can’t do?
https://litfl.com/rorschach-test-revealed/	Rorschach Test Revealed
https://litfl.com/about-that-new-years-resolution/	About that New Year’s resolution
https://litfl.com/animal-attacks-really-arent-that-bad-after-all/	Animal attacks really aren’t that bad after all
https://litfl.com/pulmonary-oedema-case-1/	Pulmonary Oedema Case 1
https://litfl.com/the-triage-game/	The Triage Game
https://litfl.com/mastering-intensive-care-037-with-michael-oleary/	Mastering Intensive Care 037 with Michael O’Leary
https://litfl.com/you-can-overdo-heat-stroke-treatment/	You can overdo heat stroke treatment
https://litfl.com/hemophagocytic-lymphohistiocytosis/	Hemophagocytic lymphohistiocytosis
https://litfl.com/venom-extraction-kits-seriously-just-dont/	Venom extraction kits. Seriously, just don’t.
https://litfl.com/a-novel-prevention-for-acute-mountain-sickness/	A novel prevention for acute mountain sickness
https://litfl.com/necessity-is-the-mother-of-tourniquet-invention/	Necessity is the mother of tourniquet invention
https://litfl.com/want-to-really-repel-mosquitoes/	Want to really repel mosquitoes?
https://litfl.com/use-hematoma-blocks-for-wilderness-anesthesia/	Use hematoma blocks for wilderness anesthesia
https://litfl.com/femoral-traction-splints-helpful-or-not/	Femoral traction splints, helpful or not?
https://litfl.com/if-you-dont-use-it-you-lose-it/	If you don’t use it, you lose it
https://litfl.com/look-on-the-bright-side/	Look on the Bright Side
https://litfl.com/marcus-gunn-pupil/	Marcus Gunn Pupil
https://litfl.com/robert-marcus-gunn/	Robert Marcus Gunn
https://litfl.com/medical-education-challenge/	Medical education challenge
https://litfl.com/how-you-wash-your-utensils-matters/	How you wash your utensils matters
https://litfl.com/hermann-von-helmholtz/	Hermann von Helmholtz
https://litfl.com/rivaroxaban-and-bleeding/	Rivaroxaban and bleeding
https://litfl.com/samuel-alexander-kinnier-wilson/	Kinnier Wilson
https://litfl.com/maybe-clothing-technology-hasnt-gotten-better/	Maybe clothing technology hasn’t gotten better
https://litfl.com/just-how-clean-is-that-water-container/	Just how clean is that water container?
https://litfl.com/lasegue-test/	Lasègue test
https://litfl.com/laza-lazarevic/	Laza Lazarević
https://litfl.com/roy-glenwood-spurling/	Roy Glenwood Spurling
https://litfl.com/frederick-roeck-thompson/	Frederick Roeck Thompson
https://litfl.com/marius-nygaard-smith-petersen/	Marius Nygaard Smith-Petersen
https://litfl.com/robert-symon-garden/	Robert Garden
https://litfl.com/martin-kirschner/	Martin Kirschner
https://litfl.com/auenbrugger-bone-sign/	Auenbrugger Bone Sign
https://litfl.com/the-arrow-of-time/	The Arrow of Time
https://litfl.com/think-its-just-the-flu-think-again/	Think it’s just the flu? Think again
https://litfl.com/douglas-argyll-robertson-eponym/	Douglas Argyll Robertson
https://litfl.com/galeazzi-test/	Galeazzi Test
https://litfl.com/abc-of-cxr-interpretation/	ABC of CXR Interpretation
https://litfl.com/a-storm-is-brewing/	A Storm is Brewing
https://litfl.com/own-the-oxygen/	Own the Oxygen!
https://litfl.com/if-the-lights-go-out/	If the lights go out…
https://litfl.com/chest-x-ray-for-the-osce/	Chest X-ray for the OSCE
https://litfl.com/tyrian-rage/	Tyrian rage
https://litfl.com/normal-chest-x-ray/	Normal Chest X-Ray
https://litfl.com/drsabcde-of-cxr-interpretation/	DRSABCDE of CXR Interpretation
https://litfl.com/the-devil-is-in-the-details/	The Devil is in the Details
https://litfl.com/mahogany-myoglobinuria/	Mahogany Myoglobinuria
https://litfl.com/granulomatosis-with-polyangiitis/	Granulomatosis With Polyangiitis
https://litfl.com/hans-reiter/	Hans Reiter
https://litfl.com/hans-asperger/	Hans Asperger
https://litfl.com/friedrich-wegener/	Friedrich Wegener
https://litfl.com/verdant-waste/	Verdant waste
https://litfl.com/the-dark-art-of-ivc-ultrasound/	The Dark Art of IVC Ultrasound
https://litfl.com/how-green-is-my-urine/	How Green is my urine
https://litfl.com/insulin-for-verapamil-overdose/	Insulin for verapamil overdose
https://litfl.com/sailing-expeditions-gone-wrong/	Sailing expeditions gone wrong
https://litfl.com/albrecht-von-graefe/	Albrecht von Graefe
https://litfl.com/where-are-the-lemons/	Where are the lemons?
https://litfl.com/3d-printing-how-does-it-make-those-models/	3D Printing – How does it make those models?
https://litfl.com/therapeutic-hypothermia/	Therapeutic Hypothermia
https://litfl.com/oxygenation-indices/	Oxygenation Indices
https://litfl.com/intubation-of-the-neurocritical-care-patient/	Intubation of the Neurocritical Care Patient
https://litfl.com/foam-for-university-of-melbourne-md-student-conference-2014/	FOAM for University of Melbourne MD Student Conference 2014
https://litfl.com/cannula-cricothyroidotomy/	Cannula cricothyroidotomy
https://litfl.com/asia-pacific-association-of-medical-toxicology-apamt/	Asia Pacific Association of Medical Toxicology (APAMT)
https://litfl.com/anzics-nz-regional-meeting-2017/	ANZICS NZ Regional Meeting 2017
https://litfl.com/acute-aortic-syndrome/	Acute Aortic Syndrome
https://litfl.com/pierre-mallet-guy/	Pierre Mallet-Guy
https://litfl.com/john-dalrymple/	John Dalrymple
https://litfl.com/karl-stellwag-von-carion/	Karl Stellwag von Carion
https://litfl.com/dalrymple-sign/	Dalrymple sign
https://litfl.com/graefe-sign/	Graefe sign
https://litfl.com/stellwag-sign/	Stellwag Sign
https://litfl.com/lessons-from-osler-005/	Lessons from Osler 005
https://litfl.com/sheep-pox/	Sheep Pox
https://litfl.com/do-you-know-john-hunter/	Do you know John Hunter?
https://litfl.com/developing-em/	Developing EM
https://litfl.com/green-and-gold-malaria/	Green and Gold Malaria
https://litfl.com/dogma-to-believe/	dogma to believe
https://litfl.com/carlo-mondini/	Carlo Mondini
https://litfl.com/pendred-syndrome/	Pendred syndrome
https://litfl.com/vaughan-pendred/	Vaughan Pendred
https://litfl.com/the-mystery-of-chronic-pain/	The Mystery of Chronic Pain
https://litfl.com/a-doctors-touch/	A Doctor’s Touch
https://litfl.com/bringing-home-the-bacon/	Bringing Home the Bacon
https://litfl.com/tourette-syndrome-a-fathers-perspective/	Tourette Syndrome – a fathers perspective
https://litfl.com/top-10-books-to-survive-medical-school/	Top 10 books to survive medical school
https://litfl.com/world-aids-day-and-the-crisis-in-zambia/	World AIDS Day and the Crisis in Zambia
https://litfl.com/lung-ultrasound-pneumonia/	Lung Ultrasound: Pneumonia
https://litfl.com/dka-tcep/	DKA TCEP
https://litfl.com/strong-ion-difference/	Strong Ion Difference
https://litfl.com/hyponatraemic-seizures/	Hyponatraemic Seizures
https://litfl.com/ammon-anyone/	Ammon Anyone?
https://litfl.com/young-and-yellow/	Young and Yellow
https://litfl.com/pregnant-and-acidotic/	Pregnant and Acidotic
https://litfl.com/catmudpiles/	CATMUDPILES
https://litfl.com/texmed-2014/	Texmed 2014
https://litfl.com/gizmo-idolatry/	Gizmo Idolatry
https://litfl.com/centipedes-caterpillars-and-creepy-crawlies/	Centipedes, caterpillars and creepy crawlies
https://litfl.com/fish-poisoning/	Fish Poisoning
https://litfl.com/spider-bites-that-arent-mrsa/	Spider Bites that aren’t MRSA
https://litfl.com/dont-believe-what-you-read-on-the-internet/	Don’t believe what you read on the internet
https://litfl.com/fever-in-the-returning-traveler/	Fever in the returning traveler
https://litfl.com/drowning-and-adult-respiratory-distress-syndrome/	Drowning and Adult Respiratory Distress Syndrome
https://litfl.com/does-that-avalanche-airbag-really-help/	Does that avalanche airbag really help?
https://litfl.com/better-food-safety-through-technology/	Better food safety through technology
https://litfl.com/what-leads-to-rock-climbing-rescues/	What leads to rock climbing rescues?
https://litfl.com/unlearning/	Unlearning
https://litfl.com/does-paper-tape-prevent-blisters/	Does paper tape prevent blisters?
https://litfl.com/ashman-phenomenon/	Ashman Phenomenon
https://litfl.com/deep-breathing-to-prevent-acute-mountain-sickness/	Deep breathing to prevent acute mountain sickness
https://litfl.com/wear-the-helmet-anyway/	Wear the helmet anyway
https://litfl.com/speaking-up/	Speaking Up
https://litfl.com/do-they-really-have-to-be-warm-and-dead/	Do they really have to be warm and dead?
https://litfl.com/predicting-survival-after-avalanches/	Predicting survival after avalanches
https://litfl.com/what-do-you-do-if-a-puma-attacks/	What do you do if a puma attacks?
https://litfl.com/nightland-a-tribute/	Nightland – a tribute
https://litfl.com/pneumothorax-case-4/	Pneumothorax Case 4
https://litfl.com/pneumothorax-case-3/	Pneumothorax Case 3
https://litfl.com/copperheads-dont-cause-coagulopathy/	Copperheads don’t cause coagulopathy
https://litfl.com/warm-summer-nights/	Warm summer nights
https://litfl.com/mastering-intensive-care-036-with-hayley-gershengorn/	Mastering Intensive Care 036 with Hayley Gershengorn
https://litfl.com/pyroglutamic-acidosis/	Pyroglutamic Acidosis
https://litfl.com/d-lactic-acidosis/	D-Lactic acidosis
https://litfl.com/abg-changes-in-cardiac-arrest-and-cpr/	ABG changes in Cardiac Arrest and CPR
https://litfl.com/arterial-blood-gas-in-hypothermia/	Arterial Blood Gas in Hypothermia
https://litfl.com/big-cats-and-you/	Big cats and you
https://litfl.com/let-there-be-light/	Let There be Light
https://litfl.com/evidence-based-medicine/	Evidence-Based Medicine
https://litfl.com/change-leadership/	Change Leadership
https://litfl.com/critical-thinking/	Critical Thinking
https://litfl.com/bladder-stone-case-2/	Bladder Stone: Case 2
https://litfl.com/bladder-stone-case-1/	Bladder Stone: Case 1
https://litfl.com/international-traveling-with-medications/	International traveling with medications?
https://litfl.com/night-shift-paying-it-forward-follow-up/	Night Shift, Paying it Forward – Follow Up
https://litfl.com/distal-vuj-stone-case-5/	Distal VUJ stone: Case 5
https://litfl.com/distal-vuj-stone-case-4/	Distal VUJ stone: Case 4
https://litfl.com/distal-vuj-stone-case-3/	Distal VUJ stone: Case 3
https://litfl.com/distal-vuj-stone-case-2/	Distal VUJ stone: Case 2
https://litfl.com/distal-vuj-stone-case-1/	Distal VUJ stone: Case 1
https://litfl.com/distal-ureteric-stone-case-1/	Distal Ureteric Stone: Case 1
https://litfl.com/stroke-after-crotalidae-antivenom/	Stroke after crotalidae antivenom
https://litfl.com/night-shift-and-paying-it-forward/	Night shift and paying it forward
https://litfl.com/has-the-bell-tolled-for-redback-antivenom/	Has the bell tolled for redback antivenom?
https://litfl.com/is-there-anything-magnesium-cant-do/	Is there anything magnesium can’t do?
https://litfl.com/ranger-ivs-decrease-flow/	Ranger IVs decrease flow
https://litfl.com/julius-arnold/	Julius Arnold
https://litfl.com/wrap-decision-making-approach/	WRAP decision making approach
https://litfl.com/reading-to-learn/	Reading to learn
https://litfl.com/learning-from-failure/	Learning from Failure
https://litfl.com/trainees-with-difficulties/	Trainees with Difficulties
https://litfl.com/in-situ-simulation/	In Situ Simulation
https://litfl.com/lung-ultrasound-technique-overview/	Lung Ultrasound Technique – Overview
https://litfl.com/johann-friedrich-meckel-the-younger/	Johann Friedrich Meckel The Younger
https://litfl.com/lung-ultrasound-empyema/	Lung ultrasound: Empyema
https://litfl.com/lung-ultrasound-pulmonary-oedema/	Lung ultrasound: Pulmonary oedema
https://litfl.com/lung-ultrasound-lung-point/	Lung ultrasound: Lung Point
https://litfl.com/lung-ultrasound-cases/	Lung ultrasound cases
https://litfl.com/lung-ultrasound-pneumothorax/	Lung ultrasound: Pneumothorax
https://litfl.com/more-dangers-of-centipedes/	More dangers of centipedes?
https://litfl.com/fundamental-attribution-error/	Fundamental Attribution Error
https://litfl.com/elaboration-and-elaborative-interrogation/	Elaboration and Elaborative Interrogation
https://litfl.com/deliberate-practice/	Deliberate Practice
https://litfl.com/max-wilms/	Max Wilms
https://litfl.com/3d-printing-for-clinicians/	3D Printing for Anyone
https://litfl.com/ernest-charles-lasegue/	Ernest-Charles Lasègue
https://litfl.com/jefferson-fracture/	Jefferson Fracture
https://litfl.com/geoffrey-jefferson/	Geoffrey Jefferson
https://litfl.com/ramstedt-operation/	Ramstedt Operation
https://litfl.com/conrad-ramstedt/	Conrad Ramstedt
https://litfl.com/sir-john-charnley/	Sir John Charnley
https://litfl.com/hirschsprung-disease/	Hirschsprung disease
https://litfl.com/harald-hirschsprung/	Harald Hirschsprung
https://litfl.com/simulation-on-a-budget/	Simulation on a budget
https://litfl.com/bimanual-laryngoscopy/	Bimanual laryngoscopy
https://litfl.com/foam-free-open-access-medical-education/	FOAM
https://litfl.com/anticoagulants-bad-in-the-wilderness/	Anticoagulants: Bad in the wilderness
https://litfl.com/renal-ultrasound-cases/	Renal ultrasound cases
https://litfl.com/lung-ultrasound-report/	Lung Ultrasound Report
https://litfl.com/renal-ultrasound-report/	Renal Ultrasound Report
https://litfl.com/crisis-resource-management-crm/	Crisis Resource Management (CRM)
https://litfl.com/primum-non-killem/	Primum non killem
https://litfl.com/the-true-angina/	The True Angina
https://litfl.com/cyproheptadine/	Cyproheptadine
https://litfl.com/calcium/	Calcium
https://litfl.com/atropine/	Atropine
https://litfl.com/bringing-wilderness-to-the-city/	Bringing wilderness to the city
https://litfl.com/digoxin-immune-fab/	Digoxin Immune Fab
https://litfl.com/affluenza-season/	Affluenza Season
https://litfl.com/foam-emcc-blogs-2016/	FOAM EMCC Blogs 2016
https://litfl.com/communication-in-a-crisis/	Communication in a Crisis
https://litfl.com/collective-competence/	Collective Competence
https://litfl.com/just-a-sore-throat/	Just a sore throat
https://litfl.com/help-african-emergency-medicine-now/	Help African Emergency Medicine Now!
https://litfl.com/emergency-doc-as-italian-patient/	Emergency Doc as Italian Patient
https://litfl.com/capacity-building-in-international-emergency-medicine/	Capacity Building in International Emergency Medicine
https://litfl.com/a-taste-of-guinness-and-irish-ae/	A Taste of Guinness and Irish A&E
https://litfl.com/a-view-of-emergency-medicine-in-botswana/	A View of Emergency Medicine in Botswana
https://litfl.com/emergency-medicine-training-in-ldcs/	Emergency Medicine Training in LDCs
https://litfl.com/the-science-of-sar/	The science of Search and Rescue
https://litfl.com/foam-emcc-blogs-2014/	FOAM EMCC Blogs 2014
https://litfl.com/lung-ultrasound-pleural-effusion/	Lung ultrasound: Pleural effusion
https://litfl.com/cognitive-theory-of-multimedia-learning/	Cognitive Theory of Multimedia Learning
https://litfl.com/cognitive-rigidity/	Cognitive Rigidity
https://litfl.com/you-can-beat-the-feeling/	You can beat the feeling
https://litfl.com/hypernatraemia-and-acidosis/	Hypernatraemia and Acidosis
https://litfl.com/staph-sepsis-acidosis/	Staph Sepsis Acidosis
https://litfl.com/metabolic-mayhem-a-headache/	Metabolic Mayhem a Headache
https://litfl.com/waxing-and-waning-weakness/	Waxing and Waning Weakness
https://litfl.com/could-it-be-renal-colic/	Could it be renal colic?
https://litfl.com/lung-point-case-4/	Lung Point Case 4
https://litfl.com/lung-point-case-2/	Lung Point Case 2
https://litfl.com/lung-point-case-1/	Lung Point Case 1
https://litfl.com/the-trouble-with-mindfulness/	The trouble with mindfulness
https://litfl.com/postcard-from-the-edge-in-the-middle/	Postcard from the Edge in the Middle
https://litfl.com/talking-about-global-health-drinks/	Talking about Global Health Drinks
https://litfl.com/the-trouble-with-morbidity-and-mortality-meetings/	The trouble with M&Ms
https://litfl.com/emergency-medicine-thai-style/	Emergency Medicine, Thai Style
https://litfl.com/a-postcard-from-the-edge/	A Postcard from the Edge
https://litfl.com/the-trouble-with-cognitive-biases/	The trouble with cognitive biases
https://litfl.com/a-scenic-route-to-emergency-medicine/	A Scenic Route to Emergency Medicine
https://litfl.com/the-hurty-throat/	The Hurty Throat
https://litfl.com/developing-em-brazil-2014/	Developing EM, Brazil 2014
https://litfl.com/rudolph-nissen/	Rudolph Nissen
https://litfl.com/so-do-we-call-them-extreme-infections/	So do we call them extreme infections?
https://litfl.com/arnold-chiari-malformation/	Arnold–Chiari malformation
https://litfl.com/budd-chiari-syndrome/	Budd–Chiari syndrome
https://litfl.com/are-redheads-bleeders/	Are Redheads Bleeders?
https://litfl.com/does-antivenom-work/	Does Antivenom Work?
https://litfl.com/is-twitter-the-essential-blogging-nutrient/	Is Twitter the essential Blogging nutrient?
https://litfl.com/foam-emcc-blogs-2012/	FOAM EMCC Blogs 2012
https://litfl.com/lung-ultrasound-comprehensive-examination/	Lung Ultrasound: Comprehensive Examination
https://litfl.com/cognitive-load-theory/	Cognitive load theory
https://litfl.com/burnout/	Burnout
https://litfl.com/graves-orbitopathy/	Graves orbitopathy
https://litfl.com/beware-the-catfish/	Beware the catfish
https://litfl.com/author-analytics-2/	Author Analytics
https://litfl.com/new-girlfriend/	New girlfriend
https://litfl.com/motion-sickness-a-natural-remedy/	Motion sickness: A natural remedy
https://litfl.com/robert-kienbock/	Robert Kienböck
https://litfl.com/kienbock-disease/	Kienböck Disease
https://litfl.com/irrigating-wounds-in-the-wilderness/	Irrigating wounds in the wilderness
https://litfl.com/dont-drink-the-water/	Don’t drink the water
https://litfl.com/theres-an-app-for-that/	There’s an app for that
https://litfl.com/so-youve-pulled-off-a-deer-tick/	So you’ve pulled off a deer tick
https://litfl.com/st-crispins-day-in-ed/	St. Crispin’s Day in ED
https://litfl.com/how-persistent-is-permethrin/	How persistent is permethrin?
https://litfl.com/civility-and-compassion-in-the-playground-and-the-hospital/	Civility and compassion in the playground and the hospital
https://litfl.com/does-fear-make-you-a-better-climber/	Does fear make you a better climber?
https://litfl.com/noodling-and-you/	Noodling and you
https://litfl.com/space-blankets-are-worthless/	Space blankets are worthless
https://litfl.com/terry-thomas/	Terry-Thomas
https://litfl.com/terry-thomas-sign/	Terry-Thomas Sign
https://litfl.com/preventing-paresthesias-when-hiking/	Preventing paresthesias when hiking
https://litfl.com/auguste-broca/	Auguste Broca
https://litfl.com/bankart-lesion/	Bankart Lesion
https://litfl.com/arthur-sidney-blundell-bankart/	Arthur Sidney Blundell Bankart
https://litfl.com/ants-as-sutures/	Ants as sutures?
https://litfl.com/jan-waldenstrom/	Jan Waldenström
https://litfl.com/henri-hartmann/	Henri Hartmann
https://litfl.com/wilderness-wound-pitfalls/	Wilderness wound pitfalls
https://litfl.com/boerhaave-syndrome/	Boerhaave syndrome
https://litfl.com/hermann-boerhaave/	Hermann Boerhaave
https://litfl.com/a-7th-injury-mechanism-for-lightning/	A 7th injury mechanism for lightning?
https://litfl.com/above-the-clouds/	Above the clouds
https://litfl.com/puzzling-out-the-perc-rule/	Puzzling out the PERC rule
https://litfl.com/puffed-post-tracheostomy/	Puffed Post-Tracheostomy
https://litfl.com/alarmingly-high-pressures/	Alarmingly high pressures
https://litfl.com/bronchospastic-bp-badness/	Bronchospastic BP Badness
https://litfl.com/man-versus-machine/	Man versus Machine
https://litfl.com/is-resistance-futile/	Is resistance futile?
https://litfl.com/extraordinary-cries/	Extraordinary Cries
https://litfl.com/collapse-and-recruit/	Collapse and recruit
https://litfl.com/rapid-descent/	Rapid descent
https://litfl.com/a-case-of-co2-narcosis/	A Case of CO2 Narcosis
https://litfl.com/ballooning-up/	Ballooning Up
https://litfl.com/pulmonary-panic/	Pulmonary panic
https://litfl.com/pneumonia-gone-bad/	Pneumonia gone bad
https://litfl.com/roast-duck-and-juniper-beer/	Roast duck and juniper beer
https://litfl.com/not-just-a-pe/	Not just a PE
https://litfl.com/not-just-pneumonia/	Not just pneumonia
https://litfl.com/how-to-prevent-diarrhea-when-hiking/	How to prevent diarrhea when hiking
https://litfl.com/tee-essentials-assessment-of-the-left-atrium-and-appendage/	TEE Essentials: Assessment of the left atrium and appendage
https://litfl.com/pott-fracture/	Pott fracture
https://litfl.com/bosworth-fracture/	Bosworth fracture
https://litfl.com/david-marsh-bosworth/	David Marsh Bosworth
https://litfl.com/how-to-survive-a-shark-attack/	How to survive a shark attack
https://litfl.com/henry-milch/	Henry Milch
https://litfl.com/paul-ferdinand-segond/	Paul Ferdinand Segond
https://litfl.com/surgical-airways-in-the-field/	Surgical airways in the field
https://litfl.com/schatzker-classification-of-tibial-plateau-fractures/	Schatzker classification of tibial plateau fractures
https://litfl.com/joseph-schatzker/	Joseph Schatzker
https://litfl.com/salter-harris-classification/	Salter-Harris Classification
https://litfl.com/robert-bruce-salter/	Robert Bruce Salter
https://litfl.com/w-robert-harris/	W. Robert Harris
https://litfl.com/apley-grind-test/	Apley Test
https://litfl.com/alan-graham-apley/	Alan Apley
https://litfl.com/thomas-porter-mcmurray/	Thomas Porter McMurray
https://litfl.com/amedee-bonnet/	Amédée Bonnet
https://litfl.com/so-what-is-a-wilderness-fellowship/	So what is a wilderness fellowship?
https://litfl.com/walther-kausch/	Walther Kausch
https://litfl.com/alessandro-codivilla/	Alessandro Codivilla
https://litfl.com/whipple-procedure/	Whipple procedure
https://litfl.com/stop-skin-testing-antidotes/	Stop skin testing antidotes
https://litfl.com/wound-closure-on-a-budget/	Wound closure on a budget
https://litfl.com/is-candiru-really-the-scourge-of-the-amazon/	Is candiru really the scourge of the Amazon?
https://litfl.com/resuscitology-learning-connection-and-positive-change/	Resuscitology: learning, connection, and positive change
https://litfl.com/pulmonary-re-expansion/	Pulmonary Re-expansion
https://litfl.com/cannon-balls/	Cannon Balls
https://litfl.com/troubling-lab-strife/	Troubling Lab Strife
https://litfl.com/from-the-hip/	From the Hip
https://litfl.com/operation-william-ernest-henley/	Operation
https://litfl.com/base-jumping-and-wingsuits/	Base jumping and wingsuits
https://litfl.com/a-surprising-feast/	A Surprising FEAST
https://litfl.com/ferdinand-ritter-von-hebra/	Ferdinand Ritter von Hebra
https://litfl.com/own-the-oxylog/	Own the Oxylog
https://litfl.com/to-thoracotomy-or-not-to-thoracotomy/	To thoracotomy, or not to thoracotomy?
https://litfl.com/own-the-feast/	Own the FEAST
https://litfl.com/does-roc-rock-does-sux-suck/	Does Roc rock? Does Sux suck?
https://litfl.com/choose-your-own-resus-adventure/	Choose Your Own Resus Adventure
https://litfl.com/seizing-and-no-access/	Seizing and No Access
https://litfl.com/plaster-slab/	Plaster slab
https://litfl.com/cunningham-shoulder-technique/	Cunningham Shoulder Technique
https://litfl.com/hypothermia-a-history/	Hypothermia: A history
https://litfl.com/he-simply-looks-sick/	He simply looks sick…
https://litfl.com/do-ski-helmets-cause-risk-compensation/	Do ski helmets cause risk compensation?
https://litfl.com/francis-j-shepherd/	Francis J Shepherd
https://litfl.com/carl-axel-cedell/	Carl-Axel Cedell
https://litfl.com/thomas-splint-hugh-owen-thomas/	Hugh Owen Thomas
https://litfl.com/piranha-attacks/	Piranha attacks
https://litfl.com/how-long-can-recompression-be-delayed/	How long can recompression be delayed?
https://litfl.com/once-were-warriors/	Once Were Warriors
https://litfl.com/suffering-together/	Suffering together
https://litfl.com/denim-as-snake-bite-protection/	Denim as snake bite protection?
https://litfl.com/schrodingers-fence/	Schrödinger’s Fence
https://litfl.com/treating-serious-frostbite/	Treating serious frostbite
https://litfl.com/predicting-altitude-sickness/	Predicting altitude sickness?
https://litfl.com/the-use-of-thrombolysis-as-a-treatment-for-acute-stroke/	The Use of Thrombolysis as a Treatment for Acute Stroke
https://litfl.com/more-worries-from-gila-monsters/	More worries from gila monsters
https://litfl.com/eduard-heinrich-henoch/	Eduard Heinrich Henoch
https://litfl.com/henoch-schonlein-purpura/	Henoch-Schönlein Purpura
https://litfl.com/own-the-airway/	Own the Airway!
https://litfl.com/today-i-do-not-want-to-be-a-doctor/	Today I do not want to be a doctor
https://litfl.com/richard-ashman/	Richard F. Ashman
https://litfl.com/why-we-should-be-very-wary-of-using-clotbusting-drugs-to-treat-acute-strokes/	Why we should be very wary of using clotbusting drugs to treat acute strokes
https://litfl.com/fine-tuning-the-injured-brain/	Fine Tuning the Injured Brain
https://litfl.com/what-to-do-for-bug-bites/	What to do for bug bites?
https://litfl.com/egerton-y-davis/	Egerton Y. Davis
https://litfl.com/john-addison-fordyce/	John Addison Fordyce
https://litfl.com/fox-fordyce-disease/	Fox–Fordyce disease
https://litfl.com/george-henry-fox/	George Henry Fox
https://litfl.com/lid-cracked-open/	Lid cracked open
https://litfl.com/bashed-blind-and-bulging/	Bashed, Blind and Bulging
https://litfl.com/another-poke-in-the-eye/	Another Poke in the Eye
https://litfl.com/blunt-trauma-to-the-eye/	Blunt Trauma to the Eye
https://litfl.com/half-an-8-ball/	Half an 8 ball
https://litfl.com/bump-and-blur/	Bump and blur
https://litfl.com/out-of-sight/	Out of Sight
https://litfl.com/claude-pouteau/	Claude Pouteau
https://litfl.com/a-woman-of-singular-vision/	A Woman of Singular Vision
https://litfl.com/a-man-of-singular-vision/	A Man of Singular Vision
https://litfl.com/dominic-corrigan/	Dominic Corrigan
https://litfl.com/more-befuddling-pupillary-asymmetry/	More Befuddling Pupillary Asymmetry
https://litfl.com/i-can-see-clearly-now/	I can see clearly now
https://litfl.com/jean-louis-petit/	Jean-Louis Petit
https://litfl.com/the-goggle-eyed-fisherman/	The Goggle-eyed Fisherman
https://litfl.com/youre-blind-and-your-hair-is-a-mess/	You’re blind and your hair is a mess
https://litfl.com/stressed-and-branching-out/	Stressed and branching out
https://litfl.com/a-gritty-sticky-red-eye/	A Gritty Sticky Red Eye
https://litfl.com/the-eye-in-chemical/	The Eye In Chemical
https://litfl.com/blinded-by-the-light/	Blinded By The Light
https://litfl.com/katz-wachtel-phenomenon/	Katz-Wachtel phenomenon
https://litfl.com/pupils-and-prostitutes/	Pupils And Prostitutes
https://litfl.com/the-aching-red-photophobic-eye/	The Aching Red Photophobic Eye
https://litfl.com/the-ocular-ultrasound-challenge/	Ocular Ultrasound Challenge
https://litfl.com/blowout-fracture/	Blown out
https://litfl.com/eyes-wide-split/	Eyes Wide Split
https://litfl.com/flashing-and-floating/	Flashing And Floating
https://litfl.com/something-in-my-eye-doc/	Something in my eye, Doc
https://litfl.com/that-optic-disc-doesnt-look-right2/	That optic disc doesn’t look right…2
https://litfl.com/that-optic-disc-doesnt-look-right/	That optic disc doesn’t look right…
https://litfl.com/a-curtain-descends/	A Curtain Descends
https://litfl.com/blind-aching-and-vomiting/	Blind, Aching and Vomiting
https://litfl.com/coughing-kid-and-a-blood-red-eye/	Coughing Kid and a Blood Red Eye
https://litfl.com/a-pox-on-your-eye/	A Pox On Your Eye
https://litfl.com/exasperating-eyelids-and-the-red-eye/	Exasperating Eyelids and the Red Eye
https://litfl.com/the-man-who-blinked-too-much/	The man who blinked too much
https://litfl.com/an-eyelid-lump/	An Eyelid Lump
https://litfl.com/box-jellyfish-chironex-fleckeri/	Box Jellyfish (Chironex fleckeri)
https://litfl.com/the-red-eye-challenge/	The Red Eye Challenge
https://litfl.com/befuddling-pupillary-asymmetry/	Befuddling Pupillary Asymmetry
https://litfl.com/trauma-extremity-arterial-hemorrhage/	Trauma! Extremity Arterial Hemorrhage
https://litfl.com/trauma-major-burns/	Trauma! Major Burns
https://litfl.com/what-weingart-would-do-i/	What Weingart would do?
https://litfl.com/what-weingart-would-do-ii/	What Weingart would do II
https://litfl.com/trauma-under-pressure/	Trauma Under Pressure
https://litfl.com/do-air-pockets-help-avalance-survival/	Do air pockets help avalanche survival?
https://litfl.com/pediatric-procedural-sedation-with-ketamine/	Pediatric Procedural Sedation with Ketamine
https://litfl.com/nasal-foreign-body/	Nasal foreign body
https://litfl.com/horrible-spots-and-pain/	Horrible Spots and Pain
https://litfl.com/weak-and-vomiting-an-endocrine-emergency/	Weak and vomiting: an endocrine emergency
https://litfl.com/zany-zipper/	Zany Zipper
https://litfl.com/ds-and-vs-and-cant-stand-up/	Ds and Vs, and can’t stand up
https://litfl.com/baby-tim-cries/	Baby Tim Cries
https://litfl.com/perilous-pinhead-polka-dots/	Perilous Pinhead Polka-dots
https://litfl.com/splat-a-vomiting-infant/	Splat! A vomiting infant
https://litfl.com/inhalational-emergency/	Inhalational Emergency
https://litfl.com/time-to-tighten-those-sphincters/	Time to tighten those sphincters
https://litfl.com/hemolysis-and-renal-failure-in-a-toddler/	Hemolysis and renal failure in a toddler
https://litfl.com/hyperammoniacal-encephalopathy/	Hyperammoniacal Encephalopathy
https://litfl.com/trauma-extremity-injuries/	Trauma! Extremity Injuries
https://litfl.com/mediterranean-recluse-bite-necroses-cartilage/	Mediterranean recluse bite necroses cartilage
https://litfl.com/trauma-pelvic-fractures-ii/	Trauma! Pelvic Fractures II
https://litfl.com/hip-and-pelvis-injuries/	Hip and Pelvis Injuries
https://litfl.com/big-powder-bigger-injuries/	Big powder, bigger injuries
https://litfl.com/mastering-intensive-care-035-with-paul-wischmeyer/	Mastering Intensive Care 035 with Paul Wischmeyer
https://litfl.com/minirage-atacc/	miniRAGE: ATACC
https://litfl.com/trauma-pelvic-fractures-i/	Trauma! Pelvic Fractures I
https://litfl.com/canteloupe-listeriosis/	Canteloupe listeriosis
https://litfl.com/trauma-massive-transfusion/	Trauma! Massive Transfusion
https://litfl.com/bats-not-just-for-rabies-anymore/	Bats, not just for rabies anymore
https://litfl.com/trauma-major-haemorrhage/	Trauma! Major Haemorrhage
https://litfl.com/asian-giant-hornet/	Asian giant hornet
https://litfl.com/trauma-penetrating-abdominal-injury/	Trauma! Penetrating Abdominal Injury
https://litfl.com/blunt-abdominal-trauma-decision-making/	Blunt Abdominal Trauma: Decision Making
https://litfl.com/death-by-elephant/	Death by elephant
https://litfl.com/little-wound-long-knife/	Little Wound, Long Knife
https://litfl.com/brown-recluse-bites/	Brown recluse bites
https://litfl.com/trauma-genitourinary-injuries/	Trauma! Genitourinary Injuries
https://litfl.com/ice-vs-chemical-cold-packs/	Ice vs chemical cold packs
https://litfl.com/trauma-abdominal-injuries/	Trauma! Abdominal Injuries
https://litfl.com/afterdrop/	Afterdrop
https://litfl.com/trauma-assessing-the-abdomen/	Trauma! Assessing the Abdomen
https://litfl.com/adolph-kussmaul/	Adolph Kussmaul
https://litfl.com/lewis-conner/	Lewis Conner
https://litfl.com/biot-respiration/	Biot respiration
https://litfl.com/camille-biot/	Camille Biot
https://litfl.com/toxicodendron-dermatitis/	Toxicodendron dermatitis
https://litfl.com/trauma-chest-injuries-ii/	Trauma! Chest Injuries II
https://litfl.com/biphasic-anaphylaxis-after-using-autoinjector-now-what/	Biphasic anaphylaxis after using autoinjector. Now what?
https://litfl.com/google-medic-update-eat-protocol/	Google Medic Update – EAT protocol
https://litfl.com/trauma-chest-injuries-i/	Trauma! Chest Injuries I
https://litfl.com/drinking-water-on-the-cheap/	Drinking water on the cheap
https://litfl.com/graphic-guide-to-infectious-disease/	Graphic Guide to Infectious Disease
https://litfl.com/trauma-spinal-injury/	Trauma! Spinal Injury
https://litfl.com/palm-cooling-effective-or-not/	Palm cooling, effective or not?
https://litfl.com/trauma-traumatic-brain-injury/	Trauma! Traumatic Brain Injury
https://litfl.com/dont-be-like-goldilocks/	Don’t be like Goldilocks
https://litfl.com/trauma-initial-assessment-and-management/	Trauma! Initial Assessment and Management
https://litfl.com/trauma-are-you-prepared/	Trauma! Are you prepared?
https://litfl.com/what-is-the-best-botanical-mosquito-repellent/	What is the best botanical mosquito repellent?
https://litfl.com/adding-insult-to-injury/	Adding insult to injury?
https://litfl.com/trendelenburg-position-for-the-hypotensive-patient/	Trendelenburg Position for the Hypotensive Patient
https://litfl.com/brain-eating-amoeba/	Brain eating amoeba?
https://litfl.com/what-i-cant-hear-you/	What? I can’t hear you!
https://litfl.com/mastering-intensive-care-034-with-marianne-chapman/	Mastering Intensive Care 034 with Marianne Chapman
https://litfl.com/lover-not-a-fighter/	Lover not a fighter
https://litfl.com/microwave-meltdown/	Microwave Meltdown
https://litfl.com/why-do-my-hands-feel-so-cold/	Why do my hands feel so cold?
https://litfl.com/letters-to-the-editor-2-0/	Letters to the Editor 2.0
https://litfl.com/leave-the-sim-lab-behind/	Leave the Sim Lab Behind
https://litfl.com/social-media-and-knowledge-translation/	Social Media and Knowledge Translation
https://litfl.com/lightning-injuries/	Lightning Injuries
https://litfl.com/learning-to-take-the-heat-at-smaccus/	Learning to Take the Heat at #smaccUS
https://litfl.com/foamed-mongolia/	FOAMed Mongolia
https://litfl.com/oxygen-without-lungs/	Oxygen Without Lungs
https://litfl.com/hot-lips/	Hot lips
https://litfl.com/whitewater-safety/	Whitewater safety
https://litfl.com/lets-talk-about-dying/	Let’s talk about dying
https://litfl.com/doctors-make-mistakes-can-we-talk-about-that/	Doctors make mistakes. Can we talk about that?
https://litfl.com/books-in-the-fastlane/	Books in the FASTLANE
https://litfl.com/high-pressure-injection-injury/	High Pressure-Injection Injury
https://litfl.com/6th-annual-skins-cup/	6th Annual SKINS Cup
https://litfl.com/elbow-dislocation/	Elbow Dislocation
https://litfl.com/the-brain-wants-oxygen/	The brain wants oxygen
https://litfl.com/the-creative-spark/	The Creative Spark
https://litfl.com/ed-registrars-guide-to-clinical-teaching/	ED Registrar’s Guide to Clinical Teaching
https://litfl.com/forgetting-the-unforgettable-ii/	Forgetting the Unforgettable II
https://litfl.com/cure-for-obstructive-sleep-apnoea/	Cure for obstructive sleep apnoea?
https://litfl.com/my-chest-is-burning/	My chest is burning!
https://litfl.com/overcoming-multiple-sclerosis-ms/	Overcoming Multiple Sclerosis (MS)
https://litfl.com/me-as-the-pimpee/	Me as the pimpee
https://litfl.com/pimping-for-the-pimper/	Pimping for the pimper
https://litfl.com/pimping-for-the-pimpee/	Pimping for the pimpee
https://litfl.com/pimping-in-perspective/	Pimping in perspective
https://litfl.com/a-motorcyclists-irreparable-injury/	A Motorcyclist’s Irreparable Injury
https://litfl.com/getup-foamtox-across-the-globe/	GETUP! #FOAMTox across the globe
https://litfl.com/medicina-demergenza-diagnosi-e-trattamento/	Medicina d’Emergenza Diagnosi e trattamento
https://litfl.com/dont-pet-the-sweaty-stuff/	Don’t pet the sweaty stuff
https://litfl.com/fever-abdominal-pain-constipation-and-mary/	Fever, Abdominal pain, Constipation and Mary
https://litfl.com/trauma-and-pregnancy-redux/	Trauma and Pregnancy Redux
https://litfl.com/syphilis-prior-to-penicillin/	Syphilis prior to penicillin
https://litfl.com/the-surgeons-warning/	The Surgeon’s Warning
https://litfl.com/see-you-later-alligator/	See you later alligator
https://litfl.com/near-infrared-spectroscopy/	Near-infrared spectroscopy
https://litfl.com/trauma-and-pregnancy/	Trauma and Pregnancy
https://litfl.com/his-life-line-is-too-short/	His life-line is too short…
https://litfl.com/climbing-trouble-sleeping/	Climbing? Trouble sleeping?
https://litfl.com/dr-footes-home-cyclopedia/	Dr Foote’s Home Cyclopedia
https://litfl.com/roman-breastplate/	Roman Breastplate
https://litfl.com/honey-i-shrunk-the-wound/	Honey, I shrunk the wound
https://litfl.com/a-fiendish-finding/	A Fiendish Finding
https://litfl.com/buckle-up-traveler/	Buckle up, traveler
https://litfl.com/john-floyer/	John Floyer
https://litfl.com/graves-ophthalmopathy/	Graves Ophthalmopathy
https://litfl.com/a-bashed-head/	A bashed head
https://litfl.com/graves-disease/	Graves disease
https://litfl.com/william-dressler/	William Dressler
https://litfl.com/on-the-subject-of-doctors/	On the subject of doctors
https://litfl.com/the-stethoscope-song/	The Stethoscope Song
https://litfl.com/paul-julius-mobius/	Paul Julius Moebius
https://litfl.com/snake-bites-and-neostigmine/	Snakebite and Neostigmine
https://litfl.com/mobius-sign/	Möbius sign
https://litfl.com/dupuytren-contracture/	Dupuytren contracture
https://litfl.com/stop-peeing-on-it/	Stop peeing on it!
https://litfl.com/another-complication-of-facial-trauma/	Another complication of facial trauma
https://litfl.com/tired-and-afraid/	Tired and afraid
https://litfl.com/its-not-a-bird-or-a-plane/	It’s not a bird or a plane…
https://litfl.com/weingart-on-pelvic-trauma/	Weingart on Pelvic Trauma
https://litfl.com/smith-bell-and-the-art-of-observation/	Smith, Bell, and the Art of Observation
https://litfl.com/the-power-of-social-media-leads-to-reversal/	The power of social media leads to reversal
https://litfl.com/glandular-alphabetum/	Glandular Alphabetum
https://litfl.com/a-letter-to-a-young-emergency-doctor/	A Letter to a Young Emergency Doctor
https://litfl.com/along-came-a-spider/	Along came a spider
https://litfl.com/twenty-twitter-rules/	Twenty Twitter Rules
https://litfl.com/freudian-slap/	Freudian Slap
https://litfl.com/invictus/	Invictus
https://litfl.com/video-and-the-future-of-education/	Video and the Future of Education
https://litfl.com/subungual-haematoma-trephination/	Subungual haematoma
https://litfl.com/illustrated-guide-to-ecg-interpretation/	Illustrated Guide to ECG Interpretation
https://litfl.com/mastering-intensive-care-033-with-wes-ely/	Mastering Intensive Care 033 with Wes Ely
https://litfl.com/calling-all-educators-make-a-difference-in-icu-education/	Calling all Educators – Make a difference in ICU Education
https://litfl.com/real-ed-stories/	Real ED Stories
https://litfl.com/gutenberg-is-coming/	Gutenberg is coming
https://litfl.com/ultimate-smacc-is-coming/	Ultimate SMACC is coming!
https://litfl.com/choose-medicine/	Choose Medicine
https://litfl.com/anaesthetic-crisis-manual/	Anaesthetic Crisis Manual
https://litfl.com/mastering-intensive-care-032-with-kate-harding/	Mastering Intensive Care 032 with Kate Harding
https://litfl.com/tonsillitis-and-the-bull/	Tonsillitis and the Bull
https://litfl.com/the-dark-knight/	The Dark Knight
https://litfl.com/fever-arthralgia-and-rash/	Fever, Arthralgia and Rash
https://litfl.com/humongous-hiv-extravaganza/	Humongous HIV Extravaganza
https://litfl.com/pocket-prescriber-emergency-medicine/	Pocket Prescriber Emergency Medicine
https://litfl.com/total-tb-extravaganza/	Total TB Extravaganza
https://litfl.com/mega-malaria-extravaganza/	Mega Malaria Extravaganza
https://litfl.com/watery-diarrhoea/	Watery Diarrhoea
https://litfl.com/ruq-pain-and-jaundice/	RUQ Pain and Jaundice
https://litfl.com/bloody-diarrhoea/	Bloody Diarrhoea
https://litfl.com/lown-ganong-levine-syndrome/	Lown–Ganong–Levine syndrome
https://litfl.com/friedrich-daniel-von-recklinghausen/	Friedrich Daniel von Recklinghausen
https://litfl.com/von-recklinghausen-disease/	von Recklinghausen disease
https://litfl.com/rene-laennec/	René Laennec
https://litfl.com/hein-wellens/	Hein Wellens
https://litfl.com/stiff-in-the-mouth/	Stiff in the mouth
https://litfl.com/peer-reviewed-lectures/	Peer Reviewed Lectures
https://litfl.com/teaching-the-millennial-generation/	Teaching the Millennial Generation
https://litfl.com/super-axis-man-sam/	Super Axis Man SAM
https://litfl.com/whos-afraid-of-the-big-bad-wolff/	Who’s Afraid Of The Big Bad Wolff?
https://litfl.com/frothing-mad/	Frothing Mad
https://litfl.com/quetiapine-toxicity-ecg-library/	Quetiapine Toxicity
https://litfl.com/reports-of-therapeutic-hypothermias-death-are-greatly-exaggerated/	Reports of therapeutic hypothermia’s death are greatly exaggerated
https://litfl.com/all-in-a-lather-over-ttm/	All in a lather over TTM
https://litfl.com/lead-reversal-left-arm-right-arm-ecg-library/	Lead reversal: Left arm/right arm
https://litfl.com/mi-localization-ecg-library/	MI Localization
https://litfl.com/we-need-to-talk-about-ttm-again/	We need to talk about TTM…. Again
https://litfl.com/should-big-pharma-control-everything-in-your-life/	Should Big Pharma control everything in your life?
https://litfl.com/edmond-i-eger-ii/	Edmond I Eger II
https://litfl.com/reluctant-intern/	Reluctant Intern
https://litfl.com/rr-in-the-fastlane-contributors/	Research and Reviews: Contributors
https://litfl.com/ventricular-tachycardia-monomorphic-ecg-library/	Ventricular Tachycardia – Monomorphic VT
https://litfl.com/ventricular-flutter-ecg-library/	Ventricular Flutter
https://litfl.com/inferior-stemi-ecg-library/	Inferior STEMI
https://litfl.com/tricyclic-overdose-sodium-channel-blocker-toxicity/	Tricyclic Overdose
https://litfl.com/sinus-tachycardia-ecg-library/	Sinus tachycardia
https://litfl.com/sinoatrial-exit-block-ecg-library/	Sinoatrial Exit Block
https://litfl.com/sinus-node-dysfunction-sick-sinus-syndrome/	Sinus Node Dysfunction (Sick Sinus Syndrome)
https://litfl.com/sinus-bradycardia-ecg-library/	Sinus Bradycardia
https://litfl.com/sinus-arrhythmia-ecg-library/	Sinus Arrhythmia
https://litfl.com/normal-sinus-rhythm-ecg-library/	Normal Sinus Rhythm
https://litfl.com/right-ventricular-strain-ecg-library/	Right Ventricular Strain
https://litfl.com/right-ventricular-infarction-ecg-library/	Right Ventricular Infarction
https://litfl.com/right-ventricular-hypertrophy-rvh-ecg-library/	Right Ventricular Hypertrophy (RVH)
https://litfl.com/aequanimitas/	Aequanimitas
https://litfl.com/poor-r-wave-progression-prwp-ecg-library/	Poor R Wave Progression (PRWP)
https://litfl.com/pacemaker-malfunction-ecg-library/	Pacemaker Malfunction
https://litfl.com/pacemaker-rhythms-normal-patterns/	Pacemaker Rhythms – Normal Patterns
https://litfl.com/myocarditis-ecg-library/	Myocarditis
https://litfl.com/ecg-motion-artefacts-ecg-library/	ECG Motion Artefacts
https://litfl.com/left-ventricular-hypertrophy-lvh-ecg-library/	Left Ventricular Hypertrophy (LVH)
https://litfl.com/left-ventricular-aneursym-ecg-library/	Left Ventricular Aneurysm
https://litfl.com/ecg-limb-lead-reversal-ecg-library/	ECG Limb Lead Reversal
https://litfl.com/lateral-stemi-ecg-library/	Lateral STEMI
https://litfl.com/raised-intracranial-pressure-ecg-library/	Raised Intracranial Pressure
https://litfl.com/hypothyroidism-ecg-library/	Hypothyroidism
https://litfl.com/hypothermia-ecg-library/	Hypothermia
https://litfl.com/hypocalcaemia-ecg-library/	Hypocalcaemia
https://litfl.com/hyperthyroidism-ecg-library/	Hyperthyroidism
https://litfl.com/hyperkalaemia-ecg-library/	Hyperkalaemia
https://litfl.com/hypercalcaemia-ecg-library/	Hypercalcaemia
https://litfl.com/fusion-beat-dressler-beat-ecg-library/	Fusion Beats
https://litfl.com/fever-rash-and-a-vuvuzela/	Fever, Rash and a Vuvuzela
https://litfl.com/ventricular-escape-rhythm-ecg-library/	Ventricular Escape Rhythm
https://litfl.com/junctional-escape-rhythm-ecg-library/	Junctional Escape Rhythm
https://litfl.com/digoxin-toxicity-ecg-library/	Digoxin Toxicity
https://litfl.com/digoxin-effect-ecg-library/	Digoxin Effect
https://litfl.com/dextrocardia-ecg-library/	Dextrocardia
https://litfl.com/ecg-in-chronic-obstructive-pulmonary-disease/	ECG in Chronic Obstructive Pulmonary Disease
https://litfl.com/restrictive-cardiomyopathy-ecg-library/	Restrictive Cardiomyopathy
https://litfl.com/hypertrophic-cardiomyopathy-hcm-ecg-library/	Hypertrophic Cardiomyopathy (HCM)
https://litfl.com/carbamazepine-cardiotoxicity-ecg-library/	Carbamazepine Cardiotoxicity
https://litfl.com/dilated-cardiomyopathy-dcm-ecg-library/	Dilated Cardiomyopathy (DCM)
https://litfl.com/biventricular-hypertrophy-ecg-library/	Biventricular Hypertrophy
https://litfl.com/bidirectional-ventricular-tachycardia-bvt-ecg-library/	Bidirectional Ventricular Tachycardia (BVT)
https://litfl.com/benign-early-repolarisation-ecg-library/	Benign Early Repolarisation
https://litfl.com/beta-blocker-and-calcium-channel-blocker-toxicity/	Beta-blocker and Calcium-channel blocker toxicity
https://litfl.com/av-block-3rd-degree-complete-heart-block/	AV block: 3rd degree (complete heart block)
https://litfl.com/atrial-fibrillation-ecg-library/	Atrial Fibrillation
https://litfl.com/atrial-flutter-ecg-library/	Atrial Flutter
https://litfl.com/t-wave-ecg-library/	T wave
https://litfl.com/minor-injuries-a-clinical-guide/	Minor Injuries a clinical guide
https://litfl.com/evidence-based-emergency-care/	Evidence-Based Emergency Care
https://litfl.com/5-minute-pediatric-emergency-medicine-consult/	5 Minute Pediatric Emergency Medicine Consult
https://litfl.com/eye-essentials-for-every-doctor/	Eye Essentials For Every Doctor
https://litfl.com/do-you-know-if-you-really-own-the-airway/	Do you know if you really own the airway?
https://litfl.com/kloss-and-bruce-toxicology/	Kloss and Bruce Tox in a Box
https://litfl.com/sex-lies-and-pharmaceuticals/	Sex, Lies and Pharmaceuticals
https://litfl.com/little-white-slips-of-inspiration/	Little White Slips of Inspiration
https://litfl.com/rage-session-do-not-resuscitate/	RAGE Session: Do Not Resuscitate
https://litfl.com/therapeutic-taping-for-musculoskeletal-conditions/	Therapeutic Taping for Musculoskeletal Conditions
https://litfl.com/simulation-for-elite-performers/	Simulation for Elite Performers
https://litfl.com/rage-session-whats-the-sats-target/	RAGE Session: “What’s the Sats Target?”
https://litfl.com/conversations-with-our-fathers/	Conversations with our Fathers
https://litfl.com/crisis-resource-management-brindley-style/	Crisis Resource Management Brindley-style
https://litfl.com/three-men-and-a-microphone/	Three Men and a Microphone
https://litfl.com/ecpr-and-ecmo/	ECPR and ECMO
https://litfl.com/mastering-intensive-care-031-with-jean-louis-vincent/	Mastering Intensive Care 031 with Jean-Louis Vincent
https://litfl.com/resuscitation-update-2015/	Resuscitation Update 2015
https://litfl.com/presmacc-minirage/	PreSMACC MiniRAGE
https://litfl.com/rageback-swami-on-adrenaline-in-cardiac-arrest/	RAGEback: Swami on Adrenaline in Cardiac Arrest
https://litfl.com/mastering-intensive-care-030-with-francesca-rubulotta/	Mastering Intensive Care 030 with Francesca Rubulotta
https://litfl.com/neurorage-special-edition/	NeuroRAGE Special Edition
https://litfl.com/mastering-intensive-care-029-with-claire-davies/	Mastering Intensive Care 029 with Claire Davies
https://litfl.com/bubbles-in-the-wilderness/	Bubbles in the Wilderness
https://litfl.com/mastering-intensive-care-028-with-simon-finfer/	Mastering Intensive Care 028 with Simon Finfer
https://litfl.com/punk-rock-top-gun-and-the-resus-room/	Punk Rock, Top Gun and the Resus Room
https://litfl.com/mastering-intensive-care-027-with-john-santamaria/	Mastering Intensive Care 027 with John Santamaria
https://litfl.com/submassive-pe-on-emcrit/	Submassive PE on EMCrit
https://litfl.com/mastering-intensive-care-026-with-peter-kruger/	Mastering Intensive Care 026 with Peter Kruger
https://litfl.com/cases-from-the-races/	Cases from the Races
https://litfl.com/mastering-intensive-care-025-with-sarah-yong/	Mastering Intensive Care 025 with Sarah Yong
https://litfl.com/resuscitation-dogmalysis/	Resuscitation Dogmalysis
https://litfl.com/mastering-intensive-care-024-best-of-2017-part-2/	Mastering Intensive Care 024 Best of 2017 (Part 2)
https://litfl.com/minirage-the-process-trial/	miniRAGE: The ProCESS Trial
https://litfl.com/mastering-intensive-care-023-best-of-2017-part-1/	Mastering Intensive Care 023 Best of 2017 (Part 1)
https://litfl.com/mastering-intensive-care-022-with-felicity-hawker/	Mastering Intensive Care 022 with Felicity Hawker
https://litfl.com/rage-session-four/	RAGE Session Four
https://litfl.com/mastering-intensive-care-021-with-martin-bromiley/	Mastering Intensive Care 021 with Martin Bromiley
https://litfl.com/when-should-resuscitation-stop/	When should resuscitation stop?
https://litfl.com/mastering-intensive-care-020-with-jack-iwashyna/	Mastering Intensive Care 020 with Jack Iwashyna
https://litfl.com/neurosurgery-for-everyone/	Neurosurgery for Everyone
https://litfl.com/mastering-intensive-care-019-with-alex-psirides/	Mastering Intensive Care 019 with Alex Psirides
https://litfl.com/cutting-edge-intra-arrest-care/	Cutting Edge Intra-Arrest Care
https://litfl.com/mastering-intensive-care-018-with-john-marshall/	Mastering Intensive Care 018 with John Marshall
https://litfl.com/cricoid-to-press-or-not-to-press/	Cricoid: To Press or Not to Press?
https://litfl.com/the-art-and-science-of-fluid-responsiveness/	The Art and Science of Fluid Responsiveness
https://litfl.com/what-a-great-job/	What a great job!
https://litfl.com/mastering-intensive-care-016-charles-gomersall/	Mastering Intensive Care 016 with Charles Gomersall
https://litfl.com/rage-smaccgold-edition/	RAGE smaccGOLD Edition
https://litfl.com/mastering-intensive-care-015-with-peter-brindley/	Mastering Intensive Care 015 with Peter Brindley
https://litfl.com/rageback-weingart-and-co-on-asthma/	RAGEback: Weingart and co on Asthma
https://litfl.com/mastering-intensive-care-014-with-brian-cuthbertson/	Mastering Intensive Care 014 with Brian Cuthbertson
https://litfl.com/smaccgold-is-all-the-rage/	smaccGOLD is all the RAGE
https://litfl.com/how-we-train-is-how-we-fight/	How we train is how we fight
https://litfl.com/the-safe-container-rules-ok/	The ‘Safe Container’ Rules, OK?
https://litfl.com/mastering-intensive-care-013-with-sara-gray/	Mastering Intensive Care 013 with Sara Gray
https://litfl.com/rage-session-three/	RAGE Session Three
https://litfl.com/mastering-intensive-care-012-julia-wendon/	Mastering Intensive Care 012 with Julia Wendon
https://litfl.com/rageback-minh-le-cong-verapamil-and-svt/	RAGEback: Minh Le Cong, Verapamil and SVT
https://litfl.com/mastering-intensive-care-011-with-colin-mcarthur/	Mastering Intensive Care 011 with Colin McArthur
https://litfl.com/rageback-andy-amit-and-the-etm-twitter-fiasco/	RAGEback: Andy, Amit and the ETM Twitter Fiasco
https://litfl.com/mastering-intensive-care-010-imogen-mitchell/	Mastering Intensive Care 010 with Imogen Mitchell
https://litfl.com/rage-session-two/	RAGE Session Two
https://litfl.com/mastering-intensive-care-009-with-john-myburgh/	Mastering Intensive Care 009 with John Myburgh
https://litfl.com/mastering-intensive-care-008-with-dianne-stephens/	Mastering Intensive Care 008 with Dianne Stephens
https://litfl.com/crack-the-chest-get-crucified/	Crack the Chest, Get Crucified
https://litfl.com/mastering-intensive-care-007-charlie-corke/	Mastering Intensive Care 007 with Charlie Corke
https://litfl.com/le-fort-facial-fractures-eponymictionary/	Le Fort facial fractures
https://litfl.com/john-hinds-defends-direct-laryngoscopy/	John Hinds Defends Direct Laryngoscopy
https://litfl.com/mastering-intensive-care-006-with-craig-french/	Mastering Intensive Care 006 with Craig French
https://litfl.com/first-among-equals/	First Among Equals
https://litfl.com/ride-on/	Ride On
https://litfl.com/mastering-intensive-care-005-jamie-cooper/	Mastering Intensive Care 005 with Jamie Cooper
https://litfl.com/john-hinds/	Dr John Hinds
https://litfl.com/rage-session-one/	RAGE Session One
https://litfl.com/mastering-intensive-care-004-with-neil-orford/	Mastering Intensive Care 004 with Neil Orford
https://litfl.com/physiology-of-inspiration/	Physiology of Inspiration
https://litfl.com/all-doctors-are-jackasses-rage/	All Doctors are Jackasses
https://litfl.com/mastering-intensive-care-003-with-rinaldo-bellomo/	Mastering Intensive Care 003 with Rinaldo Bellomo
https://litfl.com/how-to-be-a-hero/	How to be a Hero
https://litfl.com/mastering-intensive-care-002-with-john-botha/	Mastering Intensive Care 002 with John Botha
https://litfl.com/making-things-happen/	Making Things Happen
https://litfl.com/has-medutainment-replaced-education/	Has Medutainment Replaced Education?
https://litfl.com/mastering-intensive-care-001-introduction/	Mastering Intensive Care 001 Introduction
https://litfl.com/william-warwick-wagstaffe-sr-eponym/	William Warwick Wagstaffe
https://litfl.com/wagstaffe-le-fort-fracture-eponymictionary/	Wagstaffe-Le Fort Fracture
https://litfl.com/rene-le-fort-eponym/	René Le Fort
https://litfl.com/smacc-chicago-registration-minirage/	SMACC Chicago Registration miniRAGE
https://litfl.com/timing-tribes-and-stemis/	Timing, Tribes and STEMIs
https://litfl.com/code-black/	Code Black
https://litfl.com/dispel-the-smell-from-hell/	Dispel the Smell from Hell
https://litfl.com/see-for-yourself/	See For Yourself
https://litfl.com/the-breakfast-club/	The Breakfast Club
https://litfl.com/the-mark-of-the-beast/	The Mark of the Beast
https://litfl.com/top-gun-and-punk-rock-in-the-er/	Top Gun and Punk Rock in the ER
https://litfl.com/laws-for-the-navigation-of-life/	Laws for the Navigation of Life
https://litfl.com/all-doctors-are-jackasses/	All Doctors are Jackasses
https://litfl.com/interpreting-chest-x-rays-with-dr-eric-strong/	Interpreting Chest X-Rays with Dr Eric Strong
https://litfl.com/lessons-from-the-bromiley-case/	Lessons from the Bromiley Case
https://litfl.com/a-change-in-condition/	A Change in Condition
https://litfl.com/a-midsummer-nights-dream/	A Midsummer Night’s Dream
https://litfl.com/introducing-resuscitology/	Introducing… Resuscitology
https://litfl.com/the-shrinking-feet-of-the-man-from-malawi/	The Shrinking Feet of the Man from Malawi
https://litfl.com/chemistry-basics-density/	Chemistry Basics: Density
https://litfl.com/chemistry-basics-significant-figures/	Chemistry Basics: Significant Figures
https://litfl.com/chemistry-basics-scientific-notation/	Chemistry Basics: Scientific Notation
https://litfl.com/chemistry-basics-unit-conversion/	Chemistry Basics: Unit Conversion
https://litfl.com/chemistry-basics-nuclear-chemistry/	Chemistry Basics: Nuclear Chemistry
https://litfl.com/nothing-new-under-the-sun/	Nothing New Under the Sun
https://litfl.com/chemistry-basics-electrochemistry/	Chemistry Basics: Electrochemistry
https://litfl.com/chemistry-basics-thermochemistry/	Chemistry Basics: Thermochemistry
https://litfl.com/approach-to-the-poisoned-patient/	Approach to the Poisoned Patient
https://litfl.com/chemistry-basics-molecular-structure-vsepr-theory/	Chemistry Basics: Molecular Structure VSEPR Theory
https://litfl.com/chemistry-basics-gases-and-gas-laws-i/	Chemistry Basics: Gas Laws I
https://litfl.com/chemistry-basics-gas-laws-ii/	Chemistry Basics: Gas Laws II
https://litfl.com/chemistry-basics-redox-reactions/	Chemistry Basics: Redox Reactions
https://litfl.com/chemistry-basics-stoichiometry/	Chemistry Basics: Stoichiometry
https://litfl.com/chemistry-basics-chemical-reactions/	Chemistry Basics: Chemical Reactions
https://litfl.com/chemistry-basics-chemical-equations-and-empirical-formula/	Chemistry Basics: Chemical Equations and Empirical Formula
https://litfl.com/chemistry-basics-chemical-formulas/	Chemistry Basics: Chemical Formulas
https://litfl.com/sir-astley-paston-cooper-eponym/	Astley Cooper
https://litfl.com/chemistry-basics-chemical-bonding/	Chemistry Basics: Chemical Bonding
https://litfl.com/chemistry-basics-molality-molarity-and-solutions/	Chemistry Basics: Molality, Molarity and Solutions
https://litfl.com/chemistry-basics-moles-and-molar-mass/	Chemistry Basics: Moles and Molar Mass
https://litfl.com/rr-in-the-fastlane/	Research and Reviews: Overview
https://litfl.com/chemistry-basics-atomic-mass/	Chemistry Basics: Atomic Mass
https://litfl.com/chemistry-basics-atomic-basics/	Chemistry Basics: Atomic Basics
https://litfl.com/chemistry-basics-structure-of-the-atom/	Chemistry Basics: Structure of the Atom
https://litfl.com/chemistry-basics-phases-of-matter/	Chemistry Basics: Phases of Matter
https://litfl.com/time-is-but-a-quotient/	Time is but a quotient
https://litfl.com/test-test/	TEST TEST
https://litfl.com/household-words-chapter-4/	Household Words Chapter 4
https://litfl.com/household-words-chapter-3/	Household Words Chapter 3
https://litfl.com/household-words-chapter-2/	Household Words Chapter 2
https://litfl.com/household-words-chapter-1/	Household Words Chapter 1
https://litfl.com/household-words/	Household Words
https://litfl.com/the-math-of-music/	The Math of Music
https://litfl.com/friday-choral-inspiration/	Friday Choral Inspiration
https://litfl.com/friday-inspiration-with-laura-burke/	Friday Inspiration with Laura Burke
https://litfl.com/friday-inspiration-grinding-the-crack/	Friday Inspiration Grinding the Crack
https://litfl.com/argyll-robertson-pupils-eponymictionary/	Argyll Robertson pupils
https://litfl.com/friday-feynman-inspiration-honors/	Friday Feynman Inspiration – Honors
https://litfl.com/friday-feynman-inspiration-curiosity/	Friday Feynman Inspiration – Curiosity
https://litfl.com/friday-feynman-inspiration-beauty/	Friday Feynman Inspiration Beauty
https://litfl.com/hearts-in-darkness/	Hearts In Darkness
https://litfl.com/the-hurty-elbow/	The Hurty Elbow
https://litfl.com/ecmo-in-cardiac-arrest/	ECMO in Cardiac Arrest
https://litfl.com/hypercyanotic-episodes-in-the-newborn/	Hypercyanotic Episodes in the Newborn
https://litfl.com/an-inadvisedly-large-glass-of-wine/	An inadvisedly large glass of wine
https://litfl.com/utopia-in-emergency-medicine/	Utopia in Emergency Medicine
https://litfl.com/immediate-care-in-sport-time-for-a-change/	Immediate care in sport – time for a change
https://litfl.com/safe-sport-protecting-the-players-and-the-game/	Safe Sport – Protecting the Players and the Game
https://litfl.com/the-half-moon-nail/	The Half Moon Nail
https://litfl.com/devils-horn-sign/	Devil’s Horn Sign
https://litfl.com/sitting-on-the-couch-talking-evolution/	Sitting on the Couch, Talking Evolution
https://litfl.com/stairs-versus-wrist/	Stairs versus Wrist
https://litfl.com/distraction/	Distraction
https://litfl.com/gordon-bennett/	Gordon Bennett!
https://litfl.com/muscular-claustrophobia/	Muscular claustrophobia
https://litfl.com/broken-open/	Broken open
https://litfl.com/chandler-assessment-of-the-sick-child/	Chandler Assessment of the Sick Child
https://litfl.com/the-futility-of-orthostatic-measurements/	The Futility of Orthostatic Measurements
https://litfl.com/frankly-my-dear-i-do-give-a-damn/	Frankly my dear, I do give a damn
https://litfl.com/do-you-want-fpies-with-that/	Do you want FPIES with that?
https://litfl.com/the-art-of-medicine-or-the-medicolegal-minefield/	The Art of Medicine or the Medicolegal minefield
https://litfl.com/saving-lives-one-online-module-at-a-time/	Saving Lives, One Online Module at a Time
https://litfl.com/is-social-media-the-rocknroll-of-healthcare/	Is Social Media the Rock’n’Roll of HealthCare?
https://litfl.com/do-you-use-web-2-0-in-clinical-decision-making/	Do you use Web 2.0 in clinical decision making?
https://litfl.com/web-2-0-for-emergency-physicians/	Web 2.0 for Emergency Physicians
https://litfl.com/physician-social-and-professional-networks/	Physician Social and Professional Networks
https://litfl.com/the-times-they-are-a-changing/	The times they are a changing
https://litfl.com/information-overload/	Information overload
https://litfl.com/from-hippocrates-to-osler-to-foam/	From Hippocrates To Osler to FOAM
https://litfl.com/why-foam-facts-fallacies-and-foibles/	Why FOAM? Facts, Fallacies and Foibles
https://litfl.com/creating-the-foamed-network/	Creating the FOAMed network
https://litfl.com/emergency-medicine-web-resources/	Emergency Medicine Web Resources
https://litfl.com/bakers-dozen-bs-of-bashed-baby-badness/	Baker’s Dozen B’s of Bashed Baby Badness
https://litfl.com/test-ultrasound/	Test Ultrasound
https://litfl.com/breaking-bad-drug-dealing-the-hospital-way/	Breaking Bad: drug dealing the hospital way
https://litfl.com/the-emotional-strain-of-healthcare/	The emotional strain of healthcare
https://litfl.com/should-i-stay-or-should-i-go/	Should I Stay or Should I Go?
https://litfl.com/aristotle-and-benzos-for-back-pain/	Aristotle and Benzos for Back Pain
https://litfl.com/sophistry-and-vicc/	Sophistry and VICC
https://litfl.com/obedience-under-arrest/	Obedience Under Arrest
https://litfl.com/socrates-and-sophistry-croup/	Socrates and Sophistry: Croup
https://litfl.com/socrates-and-sophistry/	Socrates and Sophistry
https://litfl.com/sophistry-and-subarachnoid-haemorrhage/	Sophistry and Subarachnoid Haemorrhage
https://litfl.com/failing-spectacularly/	Failing Spectacularly
https://litfl.com/the-land-of-protocols/	The Land of Protocols
https://litfl.com/stringing-together-a-few-rules-of-thumb/	Stringing together a few rules of thumb
https://litfl.com/more-notes-from-saem-2014/	More Notes from SAEM 2014
https://litfl.com/notes-from-saem-2014/	Notes from SAEM 2014
https://litfl.com/the-olden-days-and-the-oesophagus/	The ‘Olden Days’ and the (o)esophagus
https://litfl.com/ebm-and-the-rule-of-thumb/	EBM and the rule of thumb
https://litfl.com/if-you-die-do-you-want-to-stay-dead/	If you die, do you want to stay dead?
https://litfl.com/why-do-we-get-to-treat-so-few-strokes/	Why do we get to treat so few strokes?
https://litfl.com/sore-throats-and-the-learned-professional/	Sore throats and the learned professional
https://litfl.com/lies-damned-lies-and-monitors/	Lies, Damned Lies and Monitors
https://litfl.com/postal-codes-and-the-gallbladder/	Postal Codes and the Gallbladder
https://litfl.com/final-news-from-acep12/	Final News from ACEP12
https://litfl.com/acep12-days-2-and-3/	ACEP12 Days 2 and 3
https://litfl.com/the-news-from-acep12-day-1/	The News from ACEP12 Day 1
https://litfl.com/i-called-in-sick-for-a-shift/	I called in sick for a shift
https://litfl.com/and-now-for-the-news/	And now for the news…
https://litfl.com/retrievals-too-x-to-stay-here/	Retrievals: Too… to stay here!
https://litfl.com/im-so-old-that/	I’m so old that…
https://litfl.com/namaste-no-overcrowding-here/	Namaste! No overcrowding here…
https://litfl.com/no-emergency-no-thanks/	No emergency? No, thanks…
https://litfl.com/overcrowded-understaffed-and-underfunded/	Overcrowded, understaffed and underfunded
https://litfl.com/how-much-is-that-doggie-in-the-icu/	How much is that doggie in the ICU?
https://litfl.com/the-other-type-of-swiss-cheese/	The Other Type of Swiss Cheese
https://litfl.com/it-costs-what/	It costs what?
https://litfl.com/the-registrar-sits-at-the-desk-registering-patients-right/	The Registrar sits at the desk registering patients. Right?
https://litfl.com/emergency-imaging-in-tassie/	Emergency Imaging in Tassie
https://litfl.com/all-i-need-to-do-is-write-a-final-diagnosis-right/	All I need to do is write a final diagnosis, right?
https://litfl.com/clear/	Clear!!!
https://litfl.com/dollars-and-no-sense/	Dollars and no sense
https://litfl.com/consultants-htfu/	Consultants, HTFU
https://litfl.com/whos-gonna-insert-that-cannula-place-that-urinary-catheter-whatever/	Who’s gonna insert that cannula, place that urinary catheter, whatever?
https://litfl.com/what-is-that-stuff-that-you-give-for-a-fever/	What is that stuff that you give for a fever?
https://litfl.com/why-are-there-so-many-emergencies-here/	Why are there so many emergencies here?
https://litfl.com/is-it-really-all-about-the-glycocalyx/	Is it really all about the glycocalyx?
https://litfl.com/smacc-pecha-kucha-pk-round-up-4/	SMACC Pecha Kucha PK Round-Up 4
https://litfl.com/its-natural-it-must-be-safe/	It’s natural, it must be safe
https://litfl.com/where-we-work/	Where we work
https://litfl.com/sonowars-at-smacc/	SonoWars at SMACC
https://litfl.com/intralipid-myth-or-miracle/	Intralipid – myth or miracle?
https://litfl.com/when-the-elephant-awakens/	When the elephant awakens…
https://litfl.com/the-interesting-new-zealander/	The Interesting New Zealander
https://litfl.com/why-is-everyone-really-so-annoyed-about-the-ahpra-social-media-guidance/	Why is everyone really so annoyed about the AHPRA social media guidance?
https://litfl.com/the-tunneler/	The Tunneler
https://litfl.com/facems-at-night-an-american-perspective/	FACEMs at Night: An American Perspective
https://litfl.com/facems-at-night-a-mattress-stuffed-with-flaw/	FACEMs at Night: A Mattress Stuffed with Flaw
https://litfl.com/an-abominable-airway/	an abominable airway…
https://litfl.com/collective-crises/	collective crises…
https://litfl.com/decision-base-for-re-siting-peripheral-intravenous-cannulae/	Decision base for re-siting peripheral intravenous cannulae
https://litfl.com/mini-sims-for-critical-care/	Mini-Sims for Critical Care
https://litfl.com/a-risky-business/	A Risky Business
https://litfl.com/what-is-possible-what-is-reasonable-what-is-best/	What is possible, what is reasonable, what is best?
https://litfl.com/how-to-pass-the-acem-fellowship-exam-2015-and-beyond/	How to Pass the ACEM Fellowship Exam 2015 and beyond
https://litfl.com/all-bleeding-stops/	All Bleeding Stops
https://litfl.com/where-should-i-stick-this/	Where should I stick this?
https://litfl.com/big-pharma-relief-lost-in-translation/	Big Pharma Relief Lost in Translation
https://litfl.com/perplexing-paradox/	a perplexing paradox…
https://litfl.com/the-blog-is-only-as-loud-as-the-blogger/	The Blog is only as loud as the blogger
https://litfl.com/all-a-twitter-in-the-annals-of-em/	All A Twitter in the Annals of EM
https://litfl.com/the-road-ahead-for-foam/	The road ahead for FOAM
https://litfl.com/pe-pain-puzzles-and-perc/	PE: Pain, Puzzles and PERC
https://litfl.com/top-10-pearls-for-managing-anaphylaxis/	Top 10 pearls for managing anaphylaxis
https://litfl.com/fakebook-consultations-banned/	Fakebook Consultations Banned
https://litfl.com/a-pinch-and-a-punch/	A Pinch and a Punch
https://litfl.com/understanding-alcoholism/	Understanding Alcoholism
https://litfl.com/twist-and-shout/	twist and shout….
https://litfl.com/just-another-intoxicated-head-injury/	Just another intoxicated head injury
https://litfl.com/mind-the-gap-2-2/	Mind the gap #2…
https://litfl.com/fcicm-exam-preparation/	FCICM Exam Preparation
https://litfl.com/swearing-your-way-out-of-a-crisis/	Swearing your way out of a crisis
https://litfl.com/a-covert-combination/	a covert combination…
https://litfl.com/the-need-for-brave-health-reform/	The Need for Brave Health Reform
https://litfl.com/cricoid-pressure-time-to-change/	Cricoid pressure… time to change?
https://litfl.com/exercise-associated-hyponatraemia-eah/	Exercise Associated Hyponatraemia
https://litfl.com/foam-a-deontological-ethos/	FOAM, a deontological ethos
https://litfl.com/dispatches-from-the-foam-frontier/	Dispatches from the FOAM Frontier
https://litfl.com/smaccgold-education-qa/	smaccGOLD Education Q&A
https://litfl.com/accessing-the-axillary-vein/	Accessing The Axillary Vein
https://litfl.com/pitch-side-management/	Pitch-side Management
https://litfl.com/the-end-is-just-the-beginning/	The End is just the Beginning…
https://litfl.com/first-do-no-harm/	First Do No Harm
https://litfl.com/collective-incompetence/	Collective (In)Competence
https://litfl.com/death-by-black-hole/	Death by Black Hole
https://litfl.com/against-better-judgement/	against better judgement…
https://litfl.com/i-see-i-do-isimulate/	I See, I Do, iSimulate
https://litfl.com/dont-jump-the-gun/	don’t jump the gun…
https://litfl.com/the-long-way-round/	the long way round…
https://litfl.com/mind-the-gap-2/	Mind the gap…
https://litfl.com/knee-without-improvement/	knee without improvement…
https://litfl.com/faster-than-most/	faster than most…
https://litfl.com/eye-for-an-eye/	eye for an eye…
https://litfl.com/a-whack-to-the-flank/	a whack to the flank….
https://litfl.com/pupils-predict-pathology/	pupils predict pathology…
https://litfl.com/having-a-dig/	having a dig…
https://litfl.com/the-unveiling/	the unveiling…
https://litfl.com/peas-in-a-pod/	peas in a pod….
https://litfl.com/back-with-a-vengeance/	back with a vengeance…
https://litfl.com/quick-case-06/	Quick Case #06
https://litfl.com/biochemical-bugaboo/	biochemical bugaboo…
https://litfl.com/ausmat-bravo-on-the-way-to-the-philippines/	AusMAT Bravo on the way to the Philippines
https://litfl.com/to-the-bedside/	to the bedside…
https://litfl.com/ausmat-tacloban-typhoon-haiyan/	AusMAT in Tacloban after Typhoon Haiyan
https://litfl.com/quick-case-05/	Quick Case #05
https://litfl.com/steak-is-stuck/	the steak is stuck…
https://litfl.com/hotspotty2/	hot & spotty #2…
https://litfl.com/1237-2/	catching the culprit…
https://litfl.com/busting-clotbusters-smacc-2013/	Busting the clotbusters (from SMACC 2013)
https://litfl.com/straightening-spiral/	straightening the spiral…
https://litfl.com/a-little-low/	a little low…
https://litfl.com/laceration-repair/	Laceration Repair
https://litfl.com/smacc-down-but-not-out/	SMACC, Down But Not Out
https://litfl.com/pk-smacc-talk-winner/	PK SMACC-talk Winner
https://litfl.com/pediatric-pneumonia-in-the-ed/	Pediatric Pneumonia in the ED
https://litfl.com/the-essence-of-critical-care/	The Essence of Critical Care
https://litfl.com/cpr-makes-you-undead/	CPR makes you Undead
https://litfl.com/does-ibuprofen-protect-against-acute-mountain-sickness/	Does Ibuprofen protect against Acute Mountain Sickness?
https://litfl.com/yet-another-six-smaccers/	Yet Another Six SMACCers!
https://litfl.com/smacc-after-smacc-after-smacc/	SMACC after SMACC after SMACC
https://litfl.com/smacc-foam-q-a/	SMACC FOAM Q/A
https://litfl.com/overdiagnosis/	Overdiagnosis
https://litfl.com/emergency-marketing-in-just-4-hours/	Emergency marketing in just 4 hours
https://litfl.com/a-ward-round-with-the-professor-of-surgery/	A Ward Round with the Professor of Surgery
https://litfl.com/chocolate-saves-lives/	Chocolate saves lives
https://litfl.com/the-baloney-detection-kit/	The Baloney Detection Kit
https://litfl.com/the-only-home-weve-ever-known/	The Only Home We’ve Ever Known
https://litfl.com/quick-case-04/	Quick Case #04
https://litfl.com/the-quay/	Dundrum Quay (posted in tribute to Seamus Heaney)
https://litfl.com/no-retreat-no-reversal/	no retreat, no reversal…
https://litfl.com/palpitationspresyncope/	palpitations & presyncope…
https://litfl.com/nasty-big-pointy-teeth/	nasty big pointy teeth…
https://litfl.com/quick-case-03/	Quick Case #03
https://litfl.com/health-care-do-we-and-how-do-we-really-care/	Health care – do we (and HOW do we) really CARE?
https://litfl.com/more-knackered-neonates/	more knackered neonates…
https://litfl.com/a-knackered-neonate/	a knackered neonate…
https://litfl.com/better-late-than-never/	better late than never…
https://litfl.com/quick-case-02/	Quick Case #02
https://litfl.com/imagining-the-future-2/	Imagining the future
https://litfl.com/no-bones-about-it/	no bones about it…
https://litfl.com/top-of-the-ladder/	top of the ladder…
https://litfl.com/a-test-of-metal/	a test of metal…
https://litfl.com/quick-case-01/	Quick Case #01
https://litfl.com/in-or-out/	in or out ???
https://litfl.com/tpa-black-and-white-or-shades-of-grey/	tPA – black and white or shades of grey?
https://litfl.com/do2gma/	DO2GMA
https://litfl.com/off-the-pace/	off the pace…
https://litfl.com/smacc-craic/	FOAM & SMACC craic – from outside the citadel
https://litfl.com/no-place-like-home/	no place like home…
https://litfl.com/a-world-of-trouble/	a world of trouble…
https://litfl.com/sweet-sour/	sweet & sour…
https://litfl.com/a-twisting-tale/	a twisting tale…
https://litfl.com/a-swollen-face/	a swollen face…
https://litfl.com/a-diligent-driver/	a diligent driver…
https://litfl.com/eh-vee-arrr/	eh-vee-arrr
https://litfl.com/hard-soft/	hard & soft…
https://litfl.com/a-pulmonary-pummelling/	a pulmonary pummelling…
https://litfl.com/an-obscure-acidosis/	an obscure acidosis…
https://litfl.com/headache-for-all/	headache for all…
https://litfl.com/a-poison-puzzler/	a poison puzzler…
https://litfl.com/the-hypocritic-oath/	The Hypocritic Corpus
https://litfl.com/iatrogenic-acceleration/	iatrogenic acceleration…
https://litfl.com/284-2/	shades of grey…
https://litfl.com/a-troublesome-tachycardia/	a troublesome tachycardia
https://litfl.com/big-black-spider/	big black spider…
https://litfl.com/a-difficult-airway/	a difficult airway…
https://litfl.com/slowly-slowly/	slowly, slowly…
https://litfl.com/generally-unwell-part-2/	generally unwell (part 2)…
https://litfl.com/more-than-man-flu/	more than man-flu…
https://litfl.com/observing-the-occult/	observing the occult…
https://litfl.com/a-tonne-of-bricks/	a tonne of bricks…
https://litfl.com/just-a-tablespoon/	just a tablespoon…
https://litfl.com/the-audacity-of-foamed/	The audacity of FOAMed
https://litfl.com/broad-fast-regular/	broad, fast & regular…
https://litfl.com/the-three-hospitals/	Three hospitals in parallel dimensions
https://litfl.com/noninvasive-ventilation-and-the-critically-ill/	Noninvasive Ventilation and the critically ill
https://litfl.com/litfl-in-perpetuity/	LITFL in perpetuity
https://litfl.com/the-news-nt-style/	The News, NT style
https://litfl.com/fingertip-injury/	Fingertip Injury
https://litfl.com/another-ankle-sprain/	Another Ankle Sprain
https://litfl.com/minor-burn-management/	Minor Burn Management
https://litfl.com/case-of-commotio-cordis/	Case of Commotio Cordis
https://litfl.com/australia-and-new-zealand-intensive-care-rocks/	Australia and New Zealand Intensive Care Rocks
https://litfl.com/semep-induction-videos/	SEMEP Induction Videos
https://litfl.com/come-join-the-foam-party/	Come Join the FOAM Party!
https://litfl.com/smacc-sim-video-wars/	SMACC Sim-Video-Wars
https://litfl.com/ultrasound-training-rant/	Ultrasound Training Rant
https://litfl.com/i-have-scaled-the-pinnacle-retirement-is-all-there-is-left/	I have scaled the pinnacle – retirement is all there is left
https://litfl.com/paralytic-shellfish-poisoning-psp/	Paralytic Shellfish Poisoning (PSP)
https://litfl.com/the-mountain/	The Mountain
https://litfl.com/s-e-p-s-i-s-rears-its-ugly-head-again/	S.E.P.S.I.S. rears its ugly head again…
https://litfl.com/the-poem-which-gave-its-name-to-both-my-blogs/	The poem which gave it’s name to (both) my blog(s)
https://litfl.com/approach-to-the-high-risk-blunt-trauma-patient/	Approach to the High Risk Blunt Trauma Patient
https://litfl.com/a-case-of-epistaxis/	A Case of Epistaxis
https://litfl.com/behavioural-emergency-management/	Behavioural Emergency Management
https://litfl.com/case-of-acute-severe-asthma/	Case of Acute Severe Asthma
https://litfl.com/choosing-life-or-death/	Choosing Life or Death
https://litfl.com/kia-kaha-christchurch/	Kia Kaha Christchurch
https://litfl.com/a-stroke-of-insight/	A Stroke of Insight
https://litfl.com/kokoda-medicine/	Kokoda Medicine
https://litfl.com/clavicle-fractures/	Clavicle fractures
https://litfl.com/tooth-avulsion/	Tooth Avulsion
https://litfl.com/antibiotic-therapeutic-guidelines-update-2010/	Antibiotic Therapeutic Guidelines Update 2010
https://litfl.com/lost-under-the-skin/	Lost Under the Skin?
https://litfl.com/aussie-jingle-bells/	Aussie Jingle Bells
https://litfl.com/dr-finnbarr-walsh-in-memoriam/	Dr Finnbarr Walsh In Memoriam
https://litfl.com/days-beyond-superlative/	Days Beyond Superlative
https://litfl.com/down-with-the-afterload/	Down with the Afterload!
https://litfl.com/that-probably-wasnt-a-good-idea/	That probably wasn’t a good idea
https://litfl.com/a-world-of-wimps/	A World of Wimps?
https://litfl.com/swine-flu-saves-lives/	Swine Flu Saves Lives?
https://litfl.com/swine-flu-in-icu/	Swine Flu in ICU
https://litfl.com/lessons-from-1918/	Lessons from 1918
https://litfl.com/what-do-you-mean-pandemic/	What do you mean pandemic?
https://litfl.com/h1-n1-dont-panic/	H1 N1 DON’T PANIC!
https://litfl.com/the-two-faces-of-swine-flu/	The Two Faces of Swine Flu
https://litfl.com/about/imprint/	Imprint
https://litfl.com/the-critical-debrief/	The Critical Debrief
https://litfl.com/toyota-land-cruiser-watches/	Toyota Land Cruiser Watches
https://litfl.com/toyota-land-cruiser-watches-part-2/	Toyota Land Cruiser Watches of the 1990s
https://litfl.com/airway-glossary/	Airway Glossary
https://litfl.com/fellowship-finishing-school-ffs/ffs-respiratory/	FFS: Respiratory
https://litfl.com/fellowship-finishing-school-ffs/ffs-renal-and-electrolytes/	FFS: Renal and Electrolytes
https://litfl.com/fellowship-finishing-school-ffs/ffs-ear-nose-and-throat/	FFS: Ear, Nose and Throat
https://litfl.com/fellowship-finishing-school-ffs/ffs-endocrine/	FFS: Endocrine
https://litfl.com/fellowship-finishing-school-ffs/ffs-dental/	FFS: Dental
https://litfl.com/fellowship-finishing-school-ffs/ffs-critical-care-and-anaesthetics/	FFS: Critical Care and Anaesthetics
https://litfl.com/fellowship-finishing-school-ffs/ffs-clinical-presentations/	FFS: Clinical Presentations
https://litfl.com/fellowship-finishing-school-ffs/ffs-cardiovascular/	FFS: Cardiovascular
https://litfl.com/fellowship-finishing-school-ffs/ffs-biomarkers/	FFS: Biomarkers
https://litfl.com/fellowship-finishing-school-ffs/ffs-allergy-and-immunology/	FFS: Allergy and Immunology
https://litfl.com/fellowship-finishing-school-ffs/ffs-gastroenterology-hepatology/	FFS: Gastroenterology and Hepatology
https://litfl.com/fellowship-finishing-school-ffs/ffs-ophthalmology/	FFS: Ophthalmology
https://litfl.com/educators-club-confirmed/	You’re on the list!
https://litfl.com/fellowship-finishing-school-ffs/ffs-neurology/	FFS: Neurology
https://litfl.com/eponymythology/	Eponymythology
https://litfl.com/fellowship-finishing-school-ffs/ffs-urology/	FFS: Urology
https://litfl.com/echo-library/	Echo library
https://litfl.com/fellowship-finishing-school-ffs/vascular/	FFS: Vascular
https://litfl.com/peak-performance-medicine/	Medicine and Peak Performance
https://litfl.com/journal-archive/	Medical Journal Abbreviation Archive
https://litfl.com/eponymictionary/	Eponymictionary
https://litfl.com/procedures/	Emergency Procedures
https://litfl.com/liver-service-transfer-referral-ffs-hepatology/	Liver Service Transfer / Referral
https://litfl.com/thank-you-for-confirming/	Thank you for confirming!
https://litfl.com/ucem/publications-and-position-statements/	Publications and Position Statements
https://litfl.com/fellowship-finishing-school-ffs/	Fellowship Finishing School (FFS)
https://litfl.com/ucem/about/	About UCEM
https://litfl.com/ucem/	Utopian College of Emergency for Medicine
https://litfl.com/ffs-dermatology/	FFS: Dermatology
https://litfl.com/cardiology-digest-podcast/	Cardiology Digest podcast
https://litfl.com/fellowship-finishing-school-ffs/obgyn/	FFS: Obstetrics and Gynaecology
https://litfl.com/dermatology/	Dermatology
https://litfl.com/radiology/	Radiology Library
https://litfl.com/neuroresus-lectures/	NeuroResus
https://litfl.com/ai-in-healthcare/	AI in Healthcare
https://litfl.com/neurology-library/	Neurology Library
https://litfl.com/pocus-made-easy/	POCUS Made easy
https://litfl.com/library/ucem-medical-acronym-dictionary/	UCEM Medical Acronym Dictionary
https://litfl.com/top-100/activate-or-wait/	Activate or Wait
https://litfl.com/top-100/ct-scans/	Top 100 CT scans
https://litfl.com/about/newsletter/	Newsletter
https://litfl.com/podcasts/medmastery/	Medmastery
https://litfl.com/heart-hq-podcast/	Heart HQ Podcast
https://litfl.com/eponymictionary/eponym-a-day-instagram/	Eponym A Day – Instagram
https://litfl.com/contributors/	Contributors
https://litfl.com/leadership-in-medicine/technical-leadership/	Technical Leadership
https://litfl.com/leadership-in-medicine/contextual-leadership/	Contextual Leadership
https://litfl.com/leadership-in-medicine/relational-leadership/	Relational Leadership
https://litfl.com/leadership-in-medicine/personal-leadership/	Personal Leadership
https://litfl.com/leadership-in-medicine/	Leadership in Medicine
https://litfl.com/comms-lab-home/	Comms Lab
https://litfl.com/mindfulness/	Mindfulness
https://litfl.com/coda-educate/	CODA Educate
https://litfl.com/coda-ethics/	CODA Ethics
https://litfl.com/coda-earth/	CODA Earth
https://litfl.com/coda-cure/	CODA Cure
https://litfl.com/bscc/clinical-anatomy/	Clinical Anatomy
https://litfl.com/foam/portuguese-foamed-resources/	Portuguese FOAMed Resources
https://litfl.com/foam/french/	French FOAMed Resources
https://litfl.com/eponymictionary/whats-in-a-name/	What’s In A Name?
https://litfl.com/foam/spanish/	Spanish FOAMed Resources
https://litfl.com/privacy-policy/	Privacy Policy
https://litfl.com/ecg-library/diagnosis/	ECG Clinical Interpretation
https://litfl.com/ecg-library/	ECG Library
https://litfl.com/podcasts/coda/	CODA
https://litfl.com/library/	Library
https://litfl.com/podcasts/	LITFL Podcasts
https://litfl.com/eponym/de-eponymification/	De-eponymification
https://litfl.com/eponym/women-pioneers/	Women Pioneers
https://litfl.com/ecg-interpretation-video-lectures/	ECG Interpretation Video Lectures
https://litfl.com/about/litfl-authors/	LITFL Authors
https://litfl.com/bscc/top-200-drugs-pharmacology/	Top 200 Drugs
https://litfl.com/covisuals/	#CoVisuals – Visual Abstracts for COVID-19
https://litfl.com/eponymythology/eponymous-fractures/	Eponymous Fractures
https://litfl.com/clinical-cases/	Clinical Cases
https://litfl.com/coronavirus/	SARS-CoV-2 the novel coronavirus of COVID-19
https://litfl.com/top-100/ecg/	Top 150 ECG
https://litfl.com/top-100/ultrasound/	Top 100 Ultrasound
https://litfl.com/ultrasound-library/ultrasound-procedures/	Ultrasound Procedures
https://litfl.com/ultrasound-library/cardiac-ultrasound/	Cardiac ultrasound
https://litfl.com/ultrasound-library/ocular-ultrasound/	Ocular ultrasound
https://litfl.com/ultrasound-library/peripheral-iv-access/	Peripheral IV Access
https://litfl.com/top-100/cxr/	Top 100 CXR
https://litfl.com/foam/paediatrics/	Paediatrics
https://litfl.com/ce-incubator/	Clinician Educator Incubator
https://litfl.com/smacc-conference/	SMACC Conference
https://litfl.com/pre-hospital-immediate-care-in-sport-course/	PHICIS course
https://litfl.com/top-100/radiology-mastery-project/	Radiology Mastery Project
https://litfl.com/cookie-declaration/	Cookie Declaration
https://litfl.com/ultrasound-library/pocus-physics/	POCUS Physics
https://litfl.com/tropical-medicine-library/tropical-mcqs/	Tropical MCQs
https://litfl.com/tropical-medicine-library/tropical-vaccines-a-z/	Tropical Vaccines A-Z
https://litfl.com/tropical-medicine-library/tropical-disease-a-z/	Tropical Disease A-Z
https://litfl.com/tropical-medicine-library/	Tropical Medicine Library
https://litfl.com/ultrasound-library/airway/	Airway ultrasound
https://litfl.com/exams/acem-fellowship/mcq/	Multiple Choice Questions MCQ
https://litfl.com/clinical-examination-database/	Clinical Examination
https://litfl.com/exams/cicm-fellowship-exams/	CICM Fellowship Exams
https://litfl.com/exams/cicm-fellowship/	CICM Fellowship
https://litfl.com/ucem/muppets/	MUPPETS
https://litfl.com/foam/ema-journal/	EMA Journal
https://litfl.com/foam/stuff-we-read/	Stuff We Read
https://litfl.com/tox-library/other-agents/	Other agents
https://litfl.com/tox-library/recreational-drugs/	Recreational Drugs
https://litfl.com/tox-library/metals/	Metals
https://litfl.com/tox-library/inhalation/	Inhalation
https://litfl.com/tox-library/ingestions/	Ingestions
https://litfl.com/tox-library/antipsychotics/	Antipsychotics
https://litfl.com/tox-library/antimalarial-medications/	Antimalarial medications
https://litfl.com/tox-library/antihypertensives/	Antihypertensives
https://litfl.com/tox-library/antihistamines/	Antihistamines
https://litfl.com/tox-library/anti-diabetic-medication/	Anti-diabetic medication
https://litfl.com/tox-library/antidepressants/	Antidepressants
https://litfl.com/tox-library/anticonvulsants/	Anticonvulsants
https://litfl.com/tox-library/anticoagulants/	Anticoagulants
https://litfl.com/tox-library/analgesia-and-anti-inflammatories/	Analgesia and Anti-inflammatories
https://litfl.com/tox-library/antiarrhythmics/	Antiarrhythmics
https://litfl.com/tox-library/anaesthetics/	Anaesthetics
https://litfl.com/tox-library/toxicants/alcohols/	Alcohols
https://litfl.com/tox-library/toxicants/	Drugs and Synthetic Toxicants
https://litfl.com/tox-library/toxins/	Toxins
https://litfl.com/tox-library/antivenom/	Antivenom
https://litfl.com/tox-library/resources/	Toxicology Resources
https://litfl.com/tox-library/basics/	Toxicology Library Basics
https://litfl.com/exams/acem-fellowship/osce-videos/	OSCE videos
https://litfl.com/conferences/	Conference
https://litfl.com/library/glossary-of-terms/	Glossary of terms
https://litfl.com/ice-ians-clinical-emergencies/	ICE: Ian’s clinical emergencies
https://litfl.com/trauma-library/	Trauma Library
https://litfl.com/assessment-of-an-electronic-mailing-list/	Assessment of an electronic mailing list
https://litfl.com/archive/	Archive
https://litfl.com/bscc/clinical-anatomy/clinical-anatomy-of-trauma/	Clinical Anatomy of Trauma
https://litfl.com/bscc/clinical-anatomy/practical-clinical-anatomy/	Practical Clinical Anatomy
https://litfl.com/bscc/clinical-anatomy/neuroanatomy/	Neuroanatomy
https://litfl.com/bscc/clinical-anatomy/cervical-spine-and-spinal-cord/	Cervical spine and Spinal cord
https://litfl.com/bscc/clinical-anatomy/ankle-and-foot-injuries/	Ankle and Foot Injuries
https://litfl.com/bscc/clinical-anatomy/hand-and-wrist-injuries/	Hand and Wrist Injuries
https://litfl.com/bscc/clinical-anatomy/shoulder-anatomy/	Shoulder Anatomy
https://litfl.com/bscc/clinical-anatomy/hand-anatomy/	Hand Anatomy
https://litfl.com/bscc/clinical-anatomy/eye-anatomy/	Eye anatomy
https://litfl.com/bscc/clinical-anatomy/sensory-innervation-of-the-face/	Sensory innervation of the face
https://litfl.com/bscc/pharmacology-photism/	Pharmacology Photism
https://litfl.com/bscc/physiology-philes/	Physiology Philes
https://litfl.com/postcards-from-the-edge/	Postcards from the Edge
https://litfl.com/foam/	FOAM
https://litfl.com/exams/acem-fellowship/practice-saq/	Practice SAQ
https://litfl.com/exams/online-resources/	ED Teaching and Education Websites
https://litfl.com/exams/acem-fellowship/recommended-reading/	Recommended Reading
https://litfl.com/ccc-critical-care-compendium/	Critical Care Compendium
https://litfl.com/about/augusto-saldana/	Augusto Saldaña
https://litfl.com/sketchbook-md/	Sketchbook MD
https://litfl.com/investigations/	Investigations
https://litfl.com/exams/	Examination Library
https://litfl.com/gutenbergs-grandchild/	Gutenberg’s Grandchild
https://litfl.com/clinical-cases/to-err-is-human/	To Err is Human
https://litfl.com/clinical-cases/ruling-the-resus-room/	Ruling the Resus Room
https://litfl.com/tox-library/antidotes/	Antidotes
https://litfl.com/about/justin-hensley-md/	Justin Hensley MD
https://litfl.com/ebm-gone-wild/	EBM Gone Wild
https://litfl.com/about/subscribe/	Subscribe
https://litfl.com/clinical-cases/microbial-mystery/	Microbial Mystery
https://litfl.com/emcc/	EMCC
https://litfl.com/ultrasound-library/renal/	Renal Ultrasound
https://litfl.com/ultrasound-library/lung/	Lung Ultrasound
https://litfl.com/ultrasound-library/basics/	Ultrasound Library Basics
https://litfl.com/ultrasound-library/	Ultrasound Library
https://litfl.com/ad-stats/	ad-stats
https://litfl.com/specialty/ophthalmology/	Specialty: Ophthalmology
https://litfl.com/specialty/	Specialty
https://litfl.com/mind-improvement-medical-education-mime/	SMILE2: Better Healthcare
https://litfl.com/ecg-library/ecg-references/	ECG References
https://litfl.com/clinical-cases/ophthalmology-befuddler/	Ophthalmology Befuddler
https://litfl.com/about/john-larkin/	John Larkin
https://litfl.com/ecg-library/basics/	ECG Basics
https://litfl.com/about/neil-long/	Neil Long
https://litfl.com/about/andrew-davies/	Andrew Davies
https://litfl.com/about/doug-lynch/	Doug Lynch
https://litfl.com/about/mike-cadogan/	Dr Mike Cadogan
https://litfl.com/top-100/	Top 100
https://litfl.com/tox-library/flashcards/	Flashcards
https://litfl.com/tox-library/	Toxicology Library
https://litfl.com/exams/acem-fellowship/	ACEM Fellowship
https://litfl.com/clinical-cases/unusual-urine/	Unusual Urine
https://litfl.com/clinical-cases/toxicology-conundrum/	Toxicology Conundrum
https://litfl.com/clinical-cases/trauma-tribulation/	Trauma Tribulation
https://litfl.com/clinical-cases/tropical-travel-trouble/	Tropical Travel Trouble
https://litfl.com/ucem/utopian-college-ucem-logo/	Utopian College UCEM Logo
https://litfl.com/reviews/research-and-reviews/	Research and Reviews: Archive
https://litfl.com/reviews/book-reviews/	Book Reviews
https://litfl.com/clinical-cases/pulmonary-puzzler/	Pulmonary Puzzler
https://litfl.com/clinical-cases/paediatric-perplexity/	Paediatric Perplexity
https://litfl.com/clinical-cases/oncological-quandary/	Oncological Quandary
https://litfl.com/clinical-cases/ob-gyn-obfuscation/	Ob-Gyn Obfuscation
https://litfl.com/clinical-cases/neurological-mind-boggler/	Neurological Mind-Boggler
https://litfl.com/clinical-cases/metabolic-muddle/	Metabolic Muddle
https://litfl.com/clinical-cases/immunological-inquisition/	Immunological Inquisition
https://litfl.com/clinical-cases/hematology-hoodwinker/	Hematology Hoodwinker
https://litfl.com/clinical-cases/gastrointestinal-gutwrencher/	Gastrointestinal Gutwrencher
https://litfl.com/clinical-cases/ent-equivocation/	ENT Equivocation
https://litfl.com/clinical-cases/ecg-exigency/	ECG Exigency
https://litfl.com/clinical-cases/cardiovascular-curveball/	Cardiovascular Curveball
https://litfl.com/clinical-cases/bone-and-joint-bamboozler/	Bone and Joint Bamboozler
https://litfl.com/anthology/friday-inspiration/	Friday Inspiration
https://litfl.com/eponymictionary/oslerisms/	Oslerisms
https://litfl.com/anthology/literary-medicine-musings/	Literary Medicine and Musings
https://litfl.com/bscc/chemistry-basics-with-tyler-dewitt/	Chemistry Basics with Tyler DeWitt
https://litfl.com/bscc/	BSCC: Basic Science in Clinical Context
https://litfl.com/anthology/ffff/	FFFF
https://litfl.com/about/disclaimer/	Disclaimer
https://litfl.com/about/	About
https://litfl.com/podcasts/mastering-intensive-care/	Mastering Intensive Care
https://litfl.com/reviews/	Reviews
https://litfl.com/anthology/	Anthology
https://litfl.com/eponym/	Biographical Medical Eponyms
https://litfl.com/podcasts/rage-podcast/	RAGE Podcast
https://litfl.com/ecg-library/eponymous-cardiac-syndromes/	Eponymous Cardiac Syndromes
https://litfl.com/anthology/emergency-musical-interlude/	Emergency Musical Interlude
https://litfl.com/fitness/	fitness
https://litfl.com/anthology/american-er-doc-gone-walkabout/	American ER Doc Gone Walkabout
https://litfl.com/about/contact/	Contact
